IdPPM;NomeLB;1º Aprovador;N3;N4;Rubrica;REQ_COMPRA;ORDEM_DE_COMPRA;FORNECEDOR;COMPRADOR;STATUS_COMPROMISSO;Status_Compromisso_resumido;NovoStatus;STATUS_RC;DT_CRIACAO_COMP;REQ_DESCRICAO;DT_REQ_APROV;DATA_NECESSIDADE;DATA_PROMETIDA;ValorCompromisso
"30783";"Acervo Musical Integrado e Desativação do SOM";"rmonteiro@g.globo";"Plataformas De Produção";"PLAT. DE METADADOS E MÍDIAS";"MDO";"RCGRJ10639595";"OCGCP10665890";"HITSS DO BRASIL SERVICOS TECNOLOGICOS LTDA";"JUAREZ AURELIO TORRES DA SILVA";"CLOSED FOR RECEIVING";"Aberto";"CLOSED FOR RECEIVING";"APPROVED";2026-04-24 00:00:00,000;"PLATAFORMAS DE PRODUÇÃO (TECNOLOGIA) - ACERVO MUSICAL INTEGRADO E DESATIVAÇÃO DO SOM - OUTSOURCING - ID1032026 - HITSS";2026-04-24 00:00:00,000;2026-05-20 00:00:00,000;2026-05-20 00:00:00,000;18156,08
"25940";"Ambiente de Criação GC 4K SP";"geonis.teixeira@g.globo";"Plataformas De Produção";"PLAT. DE PÓS-PROD. E DESIGN";"MDO";"RCGRJ10538780";"OCGCP10555487";"AD DIGITAL COMERCIO DE ELETRONICOS LTDA";"MONIQUE MALTA DA SILVA FERNANDES MACHADO";"CLOSED FOR RECEIVING";"Aberto";"CLOSED FOR RECEIVING";"APPROVED";2025-07-24 00:00:00,000;"ISESC (TECNOLOGIA) - EXPANSÃO AMBIENTE CRIAÇÃO GCS - RESERVA MDO - RC10056 - AD DIGITAL COMERCIO DE ELETRONICOS LTDA";2025-07-24 00:00:00,000;2025-08-14 00:00:00,000;2025-08-14 00:00:00,000;6099,31
"25940";"Ambiente de Criação GC 4K SP";"geonis.teixeira@g.globo";"Plataformas De Produção";"PLAT. DE PÓS-PROD. E DESIGN";"SOLUÇÃO";"RCGSP10058458";"OCGCP10582650";"VIZRT INC";"PATRICIA DE LIMA ALVES";"CLOSED FOR RECEIVING";"Aberto";"CLOSED FOR RECEIVING";"APPROVED";2025-09-29 00:00:00,000;"ISESC (TECNOLOGIA) - EXPANSÃO AMBIENTE CRIAÇÃO GCS - SOFTWARE 4K POOL DE GC VIZRT SP - [FORN. VIZRT] [SOLUÇÃO]";2025-09-05 00:00:00,000;2025-09-25 00:00:00,000;2025-10-30 00:00:00,000;0,24
"30736";"Aquisição Kit diretor pro Entretenimento";"fparisi@g.globo";"Plataformas De Produção";"PLAT. DE CAPTAÇÃO E PRODUÇÃO";"SOLUÇÃO";"RCGRJ10633375";"OCGCP10673064";"SONY LATIN AMERICA INC";"BRUNO DOMINGOS SIMOES";"OPEN";"Aberto";"OPEN";"APPROVED";2026-05-12 00:00:00,000;"PLATAFORMAS DE PRODUÇÃO (TECNOLOGIA) - Aquisição Kit diretor pro Entretenimento - Aquisição de 1 KIT para o Reality [SOLUÇÃO]";2026-05-07 00:00:00,000;2026-05-07 00:00:00,000;2026-09-15 00:00:00,000;4364,19
"30736";"Aquisição Kit diretor pro Entretenimento";"fparisi@g.globo";"Plataformas De Produção";"PLAT. DE CAPTAÇÃO E PRODUÇÃO";"MDO";"RCGRJ10639869";"OCGCP10664556";"NTCONSULT TECNOLOGIA E CONSULTORIA LTDA";"PAULA REGIS QUEIROZ AFONSO MUNIZ";"CLOSED FOR RECEIVING";"Aberto";"CLOSED FOR RECEIVING";"APPROVED";2026-04-20 00:00:00,000;"PLATAFORMAS DE PRODUÇÃO (TECNOLOGIA) - AQUISIÇÃO KIT DIRETOR PRO ENTRETENIMENTO - OUTSOURCING - ID1222026 - NTCONSULT";2026-04-20 00:00:00,000;2026-05-20 00:00:00,000;2026-05-20 00:00:00,000;13002,76
"30736";"Aquisição Kit diretor pro Entretenimento";"fparisi@g.globo";"Plataformas De Produção";"PLAT. DE CAPTAÇÃO E PRODUÇÃO";"SOLUÇÃO";"RCGRJ10695544";"OCGCP10728894";"QUARK TECNOLOGIA LTDA";"PAULA REGIS QUEIROZ AFONSO MUNIZ";"CLOSED FOR RECEIVING";"Aberto";"CLOSED FOR RECEIVING";"APPROVED";2026-09-25 00:00:00,000;"PLATAFORMAS DE PRODUÇÃO (TECNOLOGIA) - AQUISIÇÃO KIT DIRETOR PARA ENTRETENIMENTO | MDO - QUARK";2026-09-25 00:00:00,000;2026-10-06 00:00:00,000;2026-10-06 00:00:00,000;14851,52
"30736";"Aquisição Kit diretor pro Entretenimento";"fparisi@g.globo";"Plataformas De Produção";"PLAT. DE CAPTAÇÃO E PRODUÇÃO";"SOLUÇÃO";"RCGSP10068195";"OCGCP10729475";"D.M.S. COMERCIO E SERVICOS LTDA";"THAYSA ROCHA FERREIRA";"OPEN";"Aberto";"OPEN";"APPROVED";2026-09-28 00:00:00,000;"PLATAFORMAS DE PRODUÇÃO (TECNOLOGIA) - Aquisição Kit diretor pro Entretenimento - Aquisição de 1 KIT para Documentários [SOLUÇÃO]";2026-06-09 00:00:00,000;2026-09-30 00:00:00,000;2026-09-30 00:00:00,000;4733,32
"30736";"Aquisição Kit diretor pro Entretenimento";"fparisi@g.globo";"Plataformas De Produção";"PLAT. DE CAPTAÇÃO E PRODUÇÃO";"SOLUÇÃO";"RCGSP10068195";"OCGCP10689097";"LOJA DO FILMMAKER COMERCIO IMPORTACAO E EXPORTACAO LTDA";"MARIANA GYBSON DE CARVALHO FONSECA";"OPEN";"Aberto";"OPEN";"APPROVED";2026-06-18 00:00:00,000;"PLATAFORMAS DE PRODUÇÃO (TECNOLOGIA) - Aquisição Kit diretor pro Entretenimento - Aquisição de 1 KIT para Documentários [SOLUÇÃO]";2026-06-09 00:00:00,000;2026-07-08 00:00:00,000;2026-08-11 00:00:00,000;13247
"30736";"Aquisição Kit diretor pro Entretenimento";"fparisi@g.globo";"Plataformas De Produção";"PLAT. DE CAPTAÇÃO E PRODUÇÃO";"SOLUÇÃO";"RCGSP10068195";"OCGCP10719931";"GBS Trading LLC";"THAYSA ROCHA FERREIRA";"OPEN";"Aberto";"OPEN";"APPROVED";2026-09-04 00:00:00,000;"PLATAFORMAS DE PRODUÇÃO (TECNOLOGIA) - Aquisição Kit diretor pro Entretenimento - Aquisição de 1 KIT para Documentários [SOLUÇÃO]";2026-06-09 00:00:00,000;2026-09-23 00:00:00,000;2026-09-23 00:00:00,000;3075,18
"30736";"Aquisição Kit diretor pro Entretenimento";"fparisi@g.globo";"Plataformas De Produção";"PLAT. DE CAPTAÇÃO E PRODUÇÃO";"SOLUÇÃO";"RCGSP10068195";"OCGCP10686204";"VIDEOLINEA SYSTEM SNC";"THAYSA ROCHA FERREIRA";"OPEN";"Aberto";"OPEN";"APPROVED";2026-06-12 00:00:00,000;"PLATAFORMAS DE PRODUÇÃO (TECNOLOGIA) - Aquisição Kit diretor pro Entretenimento - Aquisição de 1 KIT para Documentários [SOLUÇÃO]";2026-06-09 00:00:00,000;2026-08-10 00:00:00,000;2026-08-10 00:00:00,000;1568,02
"30736";"Aquisição Kit diretor pro Entretenimento";"fparisi@g.globo";"Plataformas De Produção";"PLAT. DE CAPTAÇÃO E PRODUÇÃO";"SOLUÇÃO";"RCGSP10074213";"OCGCP10729740";"AD DIGITAL INTERNATIONAL CORP";"THAYSA ROCHA FERREIRA";"INCOMPLETE";"Aberto";"OC em aprovação";"APPROVED";2026-09-28 00:00:00,000;"PLATAFORMAS DE PRODUÇÃO (TECNOLOGIA) - AQUISIÇÃO KIT DIRETOR PRO ENTRETENIMENTO - CONVERSORES DE NORMA PARA PRODUÇÃO CENTRAL - ADDIGITAL [SOLUÇÃO]";2026-09-24 00:00:00,000;2026-10-23 00:00:00,000;2026-10-23 00:00:00,000;148084,55999999997
"25953";"Áudio Imersivo MPEG-H (Sonos: 2 EG + 1 SP)";"renan.reis@g.globo";"Plataformas De Produção";"PLAT. DE PÓS-PROD. E DESIGN";"MDO";"RCGRJ10538245";"OCGCP10552450";"NTT BRASIL COMERCIO E SERVICOS DE TECNOLOGIA LTDA";"LUIZ FERNANDO CONCEICAO VARGAS";"CLOSED FOR RECEIVING";"Aberto";"CLOSED FOR RECEIVING";"APPROVED";2025-07-17 00:00:00,000;"ISESC (TECNOLOGIA) - ÁUDIO IMERSIVO MPEG-H (SONOS: 2 EG + 1 SP) - RESERVA MDO - RC10082 - NTT BRASIL COMERCIO E SERVICOS DE TECNOLOGIA LTDA";2025-07-17 00:00:00,000;2025-08-13 00:00:00,000;2025-08-13 00:00:00,000;7712,22
"25953";"Áudio Imersivo MPEG-H (Sonos: 2 EG + 1 SP)";"renan.reis@g.globo";"Plataformas De Produção";"PLAT. DE PÓS-PROD. E DESIGN";"SOLUÇÃO";"RCGRJ10695540";"";"QUARK TECNOLOGIA LTDA";"PAULA REGIS QUEIROZ AFONSO MUNIZ";"PENDING APPROVAL";"Em aprovação";"PENDING APPROVAL";"PENDING APPROVAL";2026-09-25 00:00:00,000;"PLATAFORMAS DE PRODUÇÃO (TECNOLOGIA) - ÁUDIO IMERSIVO MPEG-H (SONOS: 2 EG + 1 SP) | MDO - QUARK";;2026-10-06 00:00:00,000;;15080,7
"25953";"Áudio Imersivo MPEG-H (Sonos: 2 EG + 1 SP)";"renan.reis@g.globo";"Plataformas De Produção";"PLAT. DE PÓS-PROD. E DESIGN";"SOLUÇÃO";"RCGSP10064740";"OCGCP10632838";"EXBIZ INTERMEDIACAO DE NEGOCIOS TECNOLOGICOS LTDA";"CAROLINE LOPES MENDONCA";"CLOSED FOR RECEIVING";"Aberto";"CLOSED FOR RECEIVING";"APPROVED";2026-02-03 00:00:00,000;"ISESC (TECNOLOGIA) - ÁUDIO IMERSIVO MPEG-H - MÃO DE OBRA DE INTEGRAÇÃO PARA CABEAMENTO";2026-02-03 00:00:00,000;2026-03-05 00:00:00,000;2026-03-05 00:00:00,000;2995,2
"25918";"Automação Hoists MG2 - Obs. Crítica e Mesa de Iluminação EST-3 SP";"arthurnsantos@g.globo";"Plataformas De Produção";"PLAT. DE CAPTAÇÃO E PRODUÇÃO";"SOLUÇÃO";"RCGRJ10530982";"OCGCP10543779";"DELL COMPUTADORES DO BRASIL LTDA";"CAROLINE LOPES MENDONCA";"CLOSED FOR RECEIVING";"Aberto";"CLOSED FOR RECEIVING";"APPROVED";2025-06-26 00:00:00,000;"ISISESC (TECNOLOGIA) - AUTOMAÇÃO HOISTS MG2 E OBS. CRÍTICA -SUPORTE NOTEBOOK E MICRO-COMPUTADOR PARA WALLBOX - DELL [SOLUÇÃO";2025-06-24 00:00:00,000;2025-07-18 00:00:00,000;2025-07-24 00:00:00,000;0,22
"25918";"Automação Hoists MG2 - Obs. Crítica e Mesa de Iluminação EST-3 SP";"arthurnsantos@g.globo";"Plataformas De Produção";"PLAT. DE CAPTAÇÃO E PRODUÇÃO";"SOLUÇÃO";"RCGRJ10536626";"OCGCP10558233";"DELL COMPUTADORES DO BRASIL LTDA";"CAROLINE LOPES MENDONCA";"CLOSED FOR RECEIVING";"Aberto";"CLOSED FOR RECEIVING";"APPROVED";2025-07-31 00:00:00,000;"ISESC (TECNOLOGIA) - AUTOMAÇÃO HOISTS  MG2 -OBS. CRITICA E MESA DE ILUMINAÇÃO EST-3 SP - EMISSÃO 2x SERVIDORES R450 - DELL  [SOLUÇÃO]";2025-07-30 00:00:00,000;2025-08-27 00:00:00,000;2025-09-10 00:00:00,000;364,14
"25918";"Automação Hoists MG2 - Obs. Crítica e Mesa de Iluminação EST-3 SP";"arthurnsantos@g.globo";"Plataformas De Produção";"PLAT. DE CAPTAÇÃO E PRODUÇÃO";"MDO";"RCGRJ10538262";"OCGCP10555675";"AD DIGITAL COMERCIO DE ELETRONICOS LTDA";"MONIQUE MALTA DA SILVA FERNANDES MACHADO";"CLOSED FOR RECEIVING";"Aberto";"CLOSED FOR RECEIVING";"APPROVED";2025-07-24 00:00:00,000;"ISESC (TECNOLOGIA) - AUTOMAÇÃO HOISTS MG2 - OBS. CRÍTICA E MESA DE ILUMINAÇÃO EST-3 SP - RESERVA MDO - RC10043 - AD DIGITAL COMERCIO DE ELETRONICOS LTDA";2025-07-24 00:00:00,000;2025-08-13 00:00:00,000;2025-08-13 00:00:00,000;4773
"25918";"Automação Hoists MG2 - Obs. Crítica e Mesa de Iluminação EST-3 SP";"arthurnsantos@g.globo";"Plataformas De Produção";"PLAT. DE CAPTAÇÃO E PRODUÇÃO";"SOLUÇÃO";"RCGRJ10557417";"OCGCP10578214";"TECNAC DO BRASIL INDUSTRIA E COMERCIO LTDA";"THAISSA CHAGAS BRAGA";"CLOSED FOR RECEIVING";"Aberto";"CLOSED FOR RECEIVING";"APPROVED";2025-09-18 00:00:00,000;"ISESC (TECNOLOGIA) - AUTOMAÇÃO HOISTS MG2 - OBS. CRÍTICA- EMISSÃO SERVIÇO PARA AJUSTE DO QUADRO DE ALIMENTAÇÃO DO HOISTS -SCHNEIDER [SOLUÇÃO]";2025-09-08 00:00:00,000;2025-10-17 00:00:00,000;2025-10-17 00:00:00,000;14200
"25918";"Automação Hoists MG2 - Obs. Crítica e Mesa de Iluminação EST-3 SP";"arthurnsantos@g.globo";"Plataformas De Produção";"PLAT. DE CAPTAÇÃO E PRODUÇÃO";"MDO";"RCGRJ10566717";"OCGCP10582765";"HITSS DO BRASIL SERVICOS TECNOLOGICOS LTDA";"JUAREZ AURELIO TORRES DA SILVA";"CLOSED FOR RECEIVING";"Aberto";"CLOSED FOR RECEIVING";"APPROVED";2025-09-29 00:00:00,000;"ISESC (TECNOLOGIA) - AUTOMAÇÃO HOISTS MG2 - OBS. CRÍTICA E MESA DE ILUMINAÇÃO EST-3 SP - RESERVA MDO - RC1021_1 - HITSS DO BRASIL SERVICOS TECNOLOGICOS LTDA";2025-09-29 00:00:00,000;2025-10-29 00:00:00,000;2025-10-29 00:00:00,000;11182,35
"25918";"Automação Hoists MG2 - Obs. Crítica e Mesa de Iluminação EST-3 SP";"arthurnsantos@g.globo";"Plataformas De Produção";"PLAT. DE CAPTAÇÃO E PRODUÇÃO";"SOLUÇÃO";"RCGRJ10662434";"OCGCP10716441";"EMDOOR INFORMATION CO., LTD.";"RAFAEL LOPES ROSADO";"OPEN";"Aberto";"OPEN";"APPROVED";2026-08-26 00:00:00,000;"PLATAFORMAS DE PRODUÇÃO (TECNOLOGIA) – AUTOMAÇÃO HOISTS MG2 - OBS. CRÍTICA E MESA DE ILUMINAÇÃO EST-3 SP - EMDOOR - BATERIA TABLET AUTOMAÇÃO HOISTS MG2 [SOLUÇÃO]";2026-08-26 00:00:00,000;2026-08-26 00:00:00,000;2026-10-23 00:00:00,000;885,01
"25938";"Backend GC ION & Homolog GC EG";"geonis.teixeira@g.globo";"Plataformas De Produção";"PLAT. DE PÓS-PROD. E DESIGN";"SOLUÇÃO";"RCGMG10013834";"OCGCP10682651";"LENOVO TECNOLOGIA (BRASIL) LIMITADA";"CAROLINE LOPES MENDONCA";"CLOSED FOR RECEIVING";"Aberto";"CLOSED FOR RECEIVING";"APPROVED";2026-06-03 00:00:00,000;"CORE&SI (TECNOLOGIA) - BACKEND GC ION & HOMOLOG GC EG - ROBUSTECIMENTO BACKEND GC - BH [SOLUÇÃO]";2026-05-25 00:00:00,000;2026-05-15 00:00:00,000;2026-09-11 00:00:00,000;1196,46
"25938";"Backend GC ION & Homolog GC EG";"geonis.teixeira@g.globo";"Plataformas De Produção";"PLAT. DE PÓS-PROD. E DESIGN";"SOLUÇÃO";"RCGPE10010005";"OCGCP10569443";"LENOVO TECNOLOGIA (BRASIL) LIMITADA";"THAIS OLIVEIRA SPEZANI";"CLOSED FOR RECEIVING";"Aberto";"CLOSED FOR RECEIVING";"APPROVED";2025-08-28 00:00:00,000;"ISESC (TECNOLOGIA) - BACKEND GC ION & HOMOLOG GC EG - MÁQUINA HOMOLOG DE GC REC [SOLUÇÃO]";2025-08-28 00:00:00,000;2025-09-27 00:00:00,000;2025-11-03 00:00:00,000;108,62
"25938";"Backend GC ION & Homolog GC EG";"geonis.teixeira@g.globo";"Plataformas De Produção";"PLAT. DE PÓS-PROD. E DESIGN";"SOLUÇÃO";"RCGPE10011563";"OCGCP10682582";"LENOVO TECNOLOGIA (BRASIL) LIMITADA";"CAROLINE LOPES MENDONCA";"CLOSED FOR RECEIVING";"Aberto";"CLOSED FOR RECEIVING";"APPROVED";2026-06-03 00:00:00,000;"CORE&SI (TECNOLOGIA) - BACKEND GC ION & HOMOLOG GC EG - ROBUSTECIMENTO BACKEND GC - PE [SOLUÇÃO]";2026-05-25 00:00:00,000;2026-05-15 00:00:00,000;2026-09-11 00:00:00,000;1196,46
"25938";"Backend GC ION & Homolog GC EG";"geonis.teixeira@g.globo";"Plataformas De Produção";"PLAT. DE PÓS-PROD. E DESIGN";"SOLUÇÃO";"RCGRJ10554184";"OCGCP10586054";"GRASS VALLEY AQUISICAO DE MEDIA LTDA.";"PATRICIA DE LIMA ALVES";"CLOSED FOR RECEIVING";"Aberto";"CLOSED FOR RECEIVING";"APPROVED";2025-10-07 00:00:00,000;"ISESC - [OBS. PROD. VIRTUAL JORN. E ESPORTE - RJ e SP] – GATEWAY GRASSVALLEY [SOLUCOES]";2025-09-11 00:00:00,000;2025-09-28 00:00:00,000;2025-09-28 00:00:00,000;0,01
"25938";"Backend GC ION & Homolog GC EG";"geonis.teixeira@g.globo";"Plataformas De Produção";"PLAT. DE PÓS-PROD. E DESIGN";"SOLUÇÃO";"RCGRJ10563864";"OCGCP10586283";"LENOVO TECNOLOGIA (BRASIL) LIMITADA";"THAIS OLIVEIRA SPEZANI";"CLOSED FOR RECEIVING";"Aberto";"CLOSED FOR RECEIVING";"APPROVED";2025-10-07 00:00:00,000;"ISESC (TECNOLOGIA) - BACKEND GC ION & HOMOLOG GC EG - WORKSTATIONS LENOVO - SP + EG [SOLUÇÃO]";2025-09-29 00:00:00,000;2025-10-19 00:00:00,000;2025-11-28 00:00:00,000;0,01
"25938";"Backend GC ION & Homolog GC EG";"geonis.teixeira@g.globo";"Plataformas De Produção";"PLAT. DE PÓS-PROD. E DESIGN";"SOLUÇÃO";"RCGRJ10571737";"OCGCP10591908";"GP CABLING DISTRIBUIDORA E COMERCIO LTDA";"RAPHAEL BAPTISTA DA SILVA";"OPEN";"Aberto";"OPEN";"APPROVED";2025-10-21 00:00:00,000;"ISESC (TECNOLOGIA) - BACKEND GC ION & HOMOLOG GC EG - INFRA ION - INFRA UTP [SOLUÇÃO]";2025-10-21 00:00:00,000;2025-11-12 00:00:00,000;2025-12-29 00:00:00,000;3716,03
"25938";"Backend GC ION & Homolog GC EG";"geonis.teixeira@g.globo";"Plataformas De Produção";"PLAT. DE PÓS-PROD. E DESIGN";"SOLUÇÃO";"RCGRJ10588238";"OCGCP10607856";"DIGIACOMO INSTALACOES LTDA";"LEONARDO VIEIRA DE CAMPOS";"CLOSED FOR RECEIVING";"Aberto";"CLOSED FOR RECEIVING";"APPROVED";2025-12-01 00:00:00,000;"ISESC (TECNOLOGIA) - NOVA RENDER FARM EG";2025-12-01 00:00:00,000;2025-12-27 00:00:00,000;2025-12-27 00:00:00,000;0,36
"25938";"Backend GC ION & Homolog GC EG";"geonis.teixeira@g.globo";"Plataformas De Produção";"PLAT. DE PÓS-PROD. E DESIGN";"MDO";"RCGRJ10617527";"OCGCP10653251";"SYS MANAGER INFORMATICA LTDA";"JUAREZ AURELIO TORRES DA SILVA";"CLOSED FOR RECEIVING";"Aberto";"CLOSED FOR RECEIVING";"APPROVED";2026-03-23 00:00:00,000;"PLATAFORMAS DE PRODUÇÃO - BACKEND GC - RC1001 - RESERVA MDO - SYS MANAGER INFORMATICA LTDA.";2026-03-23 00:00:00,000;2026-03-22 00:00:00,000;2026-03-22 00:00:00,000;14400,12
"25938";"Backend GC ION & Homolog GC EG";"geonis.teixeira@g.globo";"Plataformas De Produção";"PLAT. DE PÓS-PROD. E DESIGN";"SOLUÇÃO";"RCGRJ10636304";"OCGCP10661674";"Electronic Team, Inc.";"RAFAEL LOPES ROSADO";"CLOSED FOR RECEIVING";"Aberto";"CLOSED FOR RECEIVING";"APPROVED";2026-04-13 00:00:00,000;"CORE&SI (TECNOLOGIA) - BACKEND GC ION & HOMOLOG GC EG - LIC SERIAL to ETHERNET - RJ [SOLUÇÃO]";2026-04-10 00:00:00,000;2026-05-10 00:00:00,000;2026-05-10 00:00:00,000;0,77
"25938";"Backend GC ION & Homolog GC EG";"geonis.teixeira@g.globo";"Plataformas De Produção";"PLAT. DE PÓS-PROD. E DESIGN";"MDO";"RCGRJ10680648";"OCGCP10718041";"NTT BRASIL COMERCIO E SERVICOS DE TECNOLOGIA LTDA";"LUIZ FERNANDO CONCEICAO VARGAS";"CLOSED FOR RECEIVING";"Aberto";"CLOSED FOR RECEIVING";"APPROVED";2026-08-31 00:00:00,000;"PLATAFORMAS DE ENTREGA (TECNOLOGIA) - Projeto Backend GC ION & Homolog GC EG - SERVIÇÃO DE MÃO DE OBRA - AGOSTO - NTT";2026-08-31 00:00:00,000;2026-09-16 00:00:00,000;2026-09-16 00:00:00,000;10142,35
"25938";"Backend GC ION & Homolog GC EG";"geonis.teixeira@g.globo";"Plataformas De Produção";"PLAT. DE PÓS-PROD. E DESIGN";"MDO";"RCGRJ10680825";"OCGCP10712319";"NTT DATA BRASIL CONSULTORIA DE NEGOCIOS E TECNOLOGIA DA INFORMACAO LTDA";"LUIZ FERNANDO CONCEICAO VARGAS";"CLOSED FOR RECEIVING";"Aberto";"CLOSED FOR RECEIVING";"APPROVED";2026-08-14 00:00:00,000;"PLATAFORMAS DE PRODUÇÃO (TECNOLOGIA) - PROJETO Backend GC ION & Homolog GC EG - SERVIÇO DE MÃO DE OBRA - AGOSTO - NTT";2026-08-14 00:00:00,000;2026-08-17 00:00:00,000;2026-08-17 00:00:00,000;1024,65
"25938";"Backend GC ION & Homolog GC EG";"geonis.teixeira@g.globo";"Plataformas De Produção";"PLAT. DE PÓS-PROD. E DESIGN";"SOLUÇÃO";"RCGRJ10683595";"";"";"PAULA CRISTINA CORREIA FRANCISCO MELO";"APPROVED";"Aberto";"APPROVED";"APPROVED";2026-08-24 00:00:00,000;"CORE&SI (TECNOLOGIA) - BACKEND GC ION & HOMOLOG GC EG - SSD M2 - RJ [SOLUÇÃO]";2026-08-31 00:00:00,000;2026-09-23 00:00:00,000;;22900
"25938";"Backend GC ION & Homolog GC EG";"geonis.teixeira@g.globo";"Plataformas De Produção";"PLAT. DE PÓS-PROD. E DESIGN";"SOLUÇÃO";"RCGSP10059552";"OCGCP10586293";"LENOVO TECNOLOGIA (BRASIL) LIMITADA";"THAIS OLIVEIRA SPEZANI";"CLOSED FOR RECEIVING";"Aberto";"CLOSED FOR RECEIVING";"APPROVED";2025-10-07 00:00:00,000;"ISESC (TECNOLOGIA) - BACKEND GC ION & HOMOLOG GC EG - WORKSTATIONS LENOVO - SP + EG [SOLUÇÃO]";2025-09-29 00:00:00,000;2025-10-19 00:00:00,000;2025-11-28 00:00:00,000;0,01
"30737";"BBB 2026 Reposição Microfones";"fparisi@g.globo";"Plataformas De Produção";"PLAT. DE CAPTAÇÃO E PRODUÇÃO";"SOLUÇÃO";"RCGRJ10645302";"OCGCP10689483";"GBS Trading LLC";"MARCUS VINICIUS DA SILVA GUEDES ALCOFORADO";"OPEN";"Aberto";"OPEN";"APPROVED";2026-06-19 00:00:00,000;"PLATAFORMAS DE PRODUÇÃO (TECNOLOGIA) - BBB2026 - REPOSICAO MICROFONES - COMPRA DE MICROFONES DE LAPELA COUNTRYMAN [SOLUÇÃO]";2026-06-17 00:00:00,000;2026-07-16 00:00:00,000;2026-09-18 00:00:00,000;161270,67
"30737";"BBB 2026 Reposição Microfones";"fparisi@g.globo";"Plataformas De Produção";"PLAT. DE CAPTAÇÃO E PRODUÇÃO";"SOLUÇÃO";"RCGRJ10648134";"OCGCP10682032";"GRUPO MULTILASER S.A.";"MATHEUS OLIVEIRA DE JESUS SILVA";"OPEN";"Aberto";"OPEN";"APPROVED";2026-06-02 00:00:00,000;"PLATAFORMAS DE PRODUÇÃO (TECNOLOGIA) - BBB2026 - REPOSICAO MICROFONES - COMPRA DE RECEPTORES DE MICROFONE SEM FIO [SOLUÇÃO]";2026-05-21 00:00:00,000;2026-05-21 00:00:00,000;2026-07-31 00:00:00,000;27192,34
"30737";"BBB 2026 Reposição Microfones";"fparisi@g.globo";"Plataformas De Produção";"PLAT. DE CAPTAÇÃO E PRODUÇÃO";"SOLUÇÃO";"RCGRJ10695546";"OCGCP10728893";"QUARK TECNOLOGIA LTDA";"PAULA REGIS QUEIROZ AFONSO MUNIZ";"CLOSED FOR RECEIVING";"Aberto";"CLOSED FOR RECEIVING";"APPROVED";2026-09-25 00:00:00,000;"PLATAFORMAS DE PRODUÇÃO (TECNOLOGIA) - BBB 2026 REPOSIÇÃO MICROFONES | MDO - QUARK";2026-09-25 00:00:00,000;2026-10-06 00:00:00,000;2026-10-06 00:00:00,000;13693
"10599";"BBB Página em Branco Fase 1";"fparisi@g.globo";"Plataformas De Produção";"PLAT. DE CAPTAÇÃO E PRODUÇÃO";"SOLUÇÃO";"RCGMG10009593";"OCGCP10427479";"ALTA COMPONENTES LTDA";"DAIANE VIEIRA E SOUZA";"OPEN";"Aberto";"OPEN";"APPROVED";2024-10-01 00:00:00,000;"Ricardo B. Silva - ISESC (TECNOLOGIA) - BBB PÁGINA EM BRANCO FASE 1 - Fontes Chaveadas 12v";2024-09-30 00:00:00,000;2024-09-30 00:00:00,000;2024-10-11 00:00:00,000;288,7
"10599";"BBB Página em Branco Fase 1";"fparisi@g.globo";"Plataformas De Produção";"PLAT. DE CAPTAÇÃO E PRODUÇÃO";"SOLUÇÃO";"RCGRJ10244066";"OCGCP10240376";"NGN TELECOM TECNOLOGIA LTDA";"VANUZA APARECIDA PIANES COELHO";"CLOSED FOR RECEIVING";"Aberto";"CLOSED FOR RECEIVING";"APPROVED";2023-07-14 00:00:00,000;"INFRAESTRUTURA E SEGURANÇA (TECNOLOGIA) - CONSOLIDAÇÃO DO RX DE SINAIS ION - SALDO DA ULTIMA PARTE DOS SERVIÇOS NGN TELECOM (Dataminer ION)- [SOLUÇÃO]";2023-07-06 00:00:00,000;2023-07-04 00:00:00,000;2023-07-04 00:00:00,000;30800
"10599";"BBB Página em Branco Fase 1";"fparisi@g.globo";"Plataformas De Produção";"PLAT. DE CAPTAÇÃO E PRODUÇÃO";"SOLUÇÃO";"RCGRJ10262056";"OCGCP10255984";"DINSMORECOMPASS CONSULTORES LTDA";"MONIQUE MALTA DA SILVA FERNANDES MACHADO";"CLOSED FOR RECEIVING";"Aberto";"CLOSED FOR RECEIVING";"APPROVED";2023-08-21 00:00:00,000;"INFRAESTRUTURA E SEGURANÇA (TECNOLOGIA) - BBB Página em Branco Fase 1 - MDO 23 - DC";2023-08-21 00:00:00,000;2023-09-14 00:00:00,000;2023-09-14 00:00:00,000;3595,2
"10599";"BBB Página em Branco Fase 1";"fparisi@g.globo";"Plataformas De Produção";"PLAT. DE CAPTAÇÃO E PRODUÇÃO";"SOLUÇÃO";"RCGRJ10262077";"OCGCP10279740";"AD DIGITAL COMERCIO DE ELETRONICOS LTDA";"MONIQUE MALTA DA SILVA FERNANDES MACHADO";"CLOSED FOR RECEIVING";"Aberto";"CLOSED FOR RECEIVING";"APPROVED";2023-10-14 00:00:00,000;"INFRAESTRUTURA E SEGURANÇA (TECNOLOGIA) -Teleprompters (JB, SP) / BBB Página em Branco Fase 1  -  MDO 23 - Suporte - AD";2023-10-14 00:00:00,000;2023-09-27 00:00:00,000;2023-09-27 00:00:00,000;2628,57
"10599";"BBB Página em Branco Fase 1";"fparisi@g.globo";"Plataformas De Produção";"PLAT. DE CAPTAÇÃO E PRODUÇÃO";"SOLUÇÃO";"RCGRJ10285431";"OCGCP10163649";"ALLIANCE TECHNOLOGIES LTDA";"JULIANA NASCIMENTO BARRETO DE AZEVEDO";"CLOSED FOR RECEIVING";"Aberto";"CLOSED FOR RECEIVING";"APPROVED";2023-10-18 00:00:00,000;"INFRAESTRUTURA E SEGURANÇA - BBB PÁGINA EM BRANCO FASE 1 - REEMISÃO LINHA  DE LICENÇA DO SISTEMA DE TALLY - BBB PÁGINA EM BRANCO - ROSS";2023-10-16 00:00:00,000;2023-11-12 00:00:00,000;2023-11-12 00:00:00,000;8737,63
"10599";"BBB Página em Branco Fase 1";"fparisi@g.globo";"Plataformas De Produção";"PLAT. DE CAPTAÇÃO E PRODUÇÃO";"SOLUÇÃO";"RCGRJ10392116";"OCGCP10395681";"O REI DO CORDAO COMERCIO E PRODUTOS PERSONALIZADOS LTDA";"ALICE MACHADO VELLOSO GUIMARAES";"OPEN";"Aberto";"OPEN";"APPROVED";2024-07-19 00:00:00,000;"ISESC (TECNOLOGIA) - BBB PB FASE-1 - Aquisição de cordões para o crachá";2024-07-15 00:00:00,000;2024-08-15 00:00:00,000;2024-08-15 00:00:00,000;2451
"10599";"BBB Página em Branco Fase 1";"fparisi@g.globo";"Plataformas De Produção";"PLAT. DE CAPTAÇÃO E PRODUÇÃO";"SOLUÇÃO";"RCGRJ10400901";"OCGCP10401483";"A M PROJETOS E SERVICOSS LTDA";"RUBENS RODRIGO MARQUES DE OLIVEIRA";"CLOSED FOR RECEIVING";"Aberto";"CLOSED FOR RECEIVING";"APPROVED";2024-08-05 00:00:00,000;"ISESC (TECNOLOGIA) - BBB PAGINA EM BRANCO FASE 1 - SERVIÇO DE TUBOS DA INFRA DE CABOS PARA A SALA DE PROVAS PARA OS CABOS DA BANCADA ADTECH.";2024-08-05 00:00:00,000;2024-09-04 00:00:00,000;2024-09-04 00:00:00,000;1135
"10599";"BBB Página em Branco Fase 1";"fparisi@g.globo";"Plataformas De Produção";"PLAT. DE CAPTAÇÃO E PRODUÇÃO";"SOLUÇÃO";"RCGRJ10459532";"OCGCP10469661";"AF DATALINK CABOS, CONEXOES E SISTEMAS LTDA.";"DAIANE VIEIRA E SOUZA";"OPEN";"Aberto";"OPEN";"APPROVED";2025-01-14 00:00:00,000;"INFRAESTRUTURA E SEGURANÇA (TECNOLOGIA)- ESTÚDIOS EG OBSOLESCÊNCIA - CABO RS485 2X24 AWG -  DATALINK";2025-01-10 00:00:00,000;2025-02-07 00:00:00,000;2025-02-07 00:00:00,000;330,34
"16053";"BBB Página em Branco Fase 2";"fparisi@g.globo";"Plataformas De Produção";"PLAT. DE CAPTAÇÃO E PRODUÇÃO";"SOLUÇÃO";"RCGRJ10204559";"OCGCP10195467";"LENOVO TECNOLOGIA (BRASIL) LIMITADA";"THAIS OLIVEIRA SPEZANI";"CLOSED FOR RECEIVING";"Aberto";"CLOSED FOR RECEIVING";"APPROVED";2023-03-31 00:00:00,000;"INFRAESTRUTURA E SEGURANÇA (TECNOLOGIA) – BBB PÁGINA EM BRANCO FASE 2 - WORKSTATION CLIENTE PLATAFORMA HIBRIDA  - LENOVO";2023-03-31 00:00:00,000;2023-04-27 00:00:00,000;2023-05-01 00:00:00,000;0,01
"16053";"BBB Página em Branco Fase 2";"fparisi@g.globo";"Plataformas De Produção";"PLAT. DE CAPTAÇÃO E PRODUÇÃO";"SOLUÇÃO";"RCGRJ10211463";"OCGCP10222813";"AD DIGITAL COMERCIO DE ELETRONICOS LTDA";"MONIQUE MALTA DA SILVA FERNANDES MACHADO";"CLOSED FOR RECEIVING";"Aberto";"CLOSED FOR RECEIVING";"APPROVED";2023-06-05 00:00:00,000;" INFRAESTRUTURA E SEGURANÇA (TECNOLOGIA) - BBB Página em Branco Fase 2 - MDO 23 - Suporte - AD";2023-06-05 00:00:00,000;2023-05-31 00:00:00,000;2023-05-31 00:00:00,000;0,15
"16053";"BBB Página em Branco Fase 2";"fparisi@g.globo";"Plataformas De Produção";"PLAT. DE CAPTAÇÃO E PRODUÇÃO";"SOLUÇÃO";"RCGRJ10211466";"OCGCP10222814";"AD DIGITAL COMERCIO DE ELETRONICOS LTDA";"MONIQUE MALTA DA SILVA FERNANDES MACHADO";"CLOSED FOR RECEIVING";"Aberto";"CLOSED FOR RECEIVING";"APPROVED";2023-06-05 00:00:00,000;"INFRAESTRUTURA E SEGURANÇA (TECNOLOGIA) - BBB Página em Branco Fase 2 - MDO 23 - Suporte - AD";2023-06-05 00:00:00,000;2023-05-31 00:00:00,000;2023-05-31 00:00:00,000;9696,15
"16053";"BBB Página em Branco Fase 2";"fparisi@g.globo";"Plataformas De Produção";"PLAT. DE CAPTAÇÃO E PRODUÇÃO";"SOLUÇÃO";"RCGRJ10217532";"OCGCP10212633";"DIGIACOMO INSTALACOES LTDA";"RODRIGO SEPULVEDA DELGADO";"CLOSED FOR RECEIVING";"Aberto";"CLOSED FOR RECEIVING";"APPROVED";2023-05-10 00:00:00,000;"INFRAESTRUTURA E SEGURANÇA (TECNOLOGIA) – BBB PÁGINA EM BRANCO FASE 2 – REMOÇÃO DE INSTALAÇÃO ELÉTRICA DO MG3 - PINI";2023-05-10 00:00:00,000;2023-05-12 00:00:00,000;2023-05-12 00:00:00,000;0,01
"16053";"BBB Página em Branco Fase 2";"fparisi@g.globo";"Plataformas De Produção";"PLAT. DE CAPTAÇÃO E PRODUÇÃO";"SOLUÇÃO";"RCGRJ10225363";"OCGCP10215867";"AD DIGITAL COMERCIO DE ELETRONICOS LTDA";"MONIQUE MALTA DA SILVA FERNANDES MACHADO";"CLOSED FOR RECEIVING";"Aberto";"CLOSED FOR RECEIVING";"APPROVED";2023-05-18 00:00:00,000;"INFRAESTRUTURA E SEGURANÇA - BBB PÁGINA EM BRANCO FASE 2 - AQUISIÇÃO ASM PARA SOLUÇÃO DE DESIGNER DE PRODUTO  - AD DIGITAL [ASM DESIGNER ]";2023-05-18 00:00:00,000;2023-06-15 00:00:00,000;2023-06-15 00:00:00,000;14764,8
"16053";"BBB Página em Branco Fase 2";"fparisi@g.globo";"Plataformas De Produção";"PLAT. DE CAPTAÇÃO E PRODUÇÃO";"SOLUÇÃO";"RCGRJ10230618";"OCGCP10222275";"";"BRUNO DUTRA GOMES";"CLOSED FOR RECEIVING";"Aberto";"CLOSED FOR RECEIVING";"APPROVED";2023-06-02 00:00:00,000;"INFRAESTRUTURA E SEGURANÇA (TECNOLOGIA) - Iluminação EST-F JB | Cidade CEN. EG+Obsolescência Kits de Externa - BH, DF, REC e SP+Obsolescência Crítica Sist. Áudio - JB, SP e MG-2+BBB Página em Branco Fase 2 - MDO 23 - Infra - MORPHUS";2023-06-02 00:00:00,000;2023-06-01 00:00:00,000;2023-06-01 00:00:00,000;1,38
"16053";"BBB Página em Branco Fase 2";"fparisi@g.globo";"Plataformas De Produção";"PLAT. DE CAPTAÇÃO E PRODUÇÃO";"SOLUÇÃO";"RCGRJ10231736";"OCGCP10222735";"BLACK BOX DO BRASIL IND E COM LTDA";"THAIS OLIVEIRA SPEZANI";"OPEN";"Aberto";"OPEN";"APPROVED";2023-06-05 00:00:00,000;"INFRAESTRUTURA E SEGURANÇA (TECNOLOGIA) – BBB PÁGINA EM BRANCO FASE 2 – AQUISIÇÃO DE RACKS PARA INSTALAÇÃO DO CTEC DO PA– BLACKBOX";2023-06-02 00:00:00,000;2023-07-01 00:00:00,000;2023-07-01 00:00:00,000;1353
"16053";"BBB Página em Branco Fase 2";"fparisi@g.globo";"Plataformas De Produção";"PLAT. DE CAPTAÇÃO E PRODUÇÃO";"SOLUÇÃO";"RCGRJ10232300";"OCGCP10222181";"DIGIACOMO INSTALACOES LTDA";"RODRIGO SEPULVEDA DELGADO";"CLOSED FOR RECEIVING";"Aberto";"CLOSED FOR RECEIVING";"APPROVED";2023-06-02 00:00:00,000;"INFRAESTRUTURA E SEGURANÇA (TECNOLOGIA) – BBB PÁGINA EM BRANCO FASE 2 - AQUISIÇÃO DE SERVIÇO PARAEG066 - PA12 - RACK 26 - TRASFERÊNCIA DE REDE CORPORATIVA - ACGC10000984 - DIGIACOMO";2023-06-02 00:00:00,000;2023-07-02 00:00:00,000;2023-07-02 00:00:00,000;0,07
"16053";"BBB Página em Branco Fase 2";"fparisi@g.globo";"Plataformas De Produção";"PLAT. DE CAPTAÇÃO E PRODUÇÃO";"SOLUÇÃO";"RCGRJ10241641";"OCGCP10232333";"DIGIACOMO INSTALACOES LTDA";"RODRIGO SEPULVEDA DELGADO";"CLOSED FOR RECEIVING";"Aberto";"CLOSED FOR RECEIVING";"APPROVED";2023-06-27 00:00:00,000;"NFRAESTRUTURA E SEGURANÇA (TECNOLOGIA) – BBB PÁGINA EM BRANCO FASE 2 - AQUISIÇÃO DE SERVIÇO PARA INCLUSÃO DOS NOVOS RACKS CTDS-3 - ACGC10000984 - DIGIACOMO";2023-06-27 00:00:00,000;2023-07-27 00:00:00,000;2023-07-27 00:00:00,000;29,23
"16053";"BBB Página em Branco Fase 2";"fparisi@g.globo";"Plataformas De Produção";"PLAT. DE CAPTAÇÃO E PRODUÇÃO";"SOLUÇÃO";"RCGRJ10262502";"OCGCP10254017";"AD DIGITAL COMERCIO DE ELETRONICOS LTDA";"MONIQUE MALTA DA SILVA FERNANDES MACHADO";"CLOSED FOR RECEIVING";"Aberto";"CLOSED FOR RECEIVING";"APPROVED";2023-08-16 00:00:00,000;"INFRAESTRUTURA E SEGURANÇA - BBB PÁGINA EM BRANCO FASE 2 - COMPLEMENTO  AQUISIÇÃO ASM PARA SOLUÇÃO DE DESIGNER DE PRODUTO  - AD DIGITAL [ASM DESIGNER ]";2023-08-16 00:00:00,000;2023-09-15 00:00:00,000;2023-09-15 00:00:00,000;3535,2
"16053";"BBB Página em Branco Fase 2";"fparisi@g.globo";"Plataformas De Produção";"PLAT. DE CAPTAÇÃO E PRODUÇÃO";"SOLUÇÃO";"RCGRJ10311213";"OCGCP10306848";"AD DIGITAL COMERCIO DE ELETRONICOS LTDA";"MONIQUE MALTA DA SILVA FERNANDES MACHADO";"CLOSED FOR RECEIVING";"Aberto";"CLOSED FOR RECEIVING";"APPROVED";2023-12-13 00:00:00,000;"Infraestrutura Segurança e Soluções de Conteúdo ISESC - Projeto BBB página em Branco Fase 2  - MDO PARCERIA  - Suporte - AD Digital";2023-12-13 00:00:00,000;2024-01-12 00:00:00,000;2024-01-12 00:00:00,000;10400,33
"16053";"BBB Página em Branco Fase 2";"fparisi@g.globo";"Plataformas De Produção";"PLAT. DE CAPTAÇÃO E PRODUÇÃO";"SOLUÇÃO";"RCGRJ10333416";"OCGCP10329226";"DIGIACOMO INSTALACOES LTDA";"RODRIGO SEPULVEDA DELGADO";"CLOSED FOR RECEIVING";"Aberto";"CLOSED FOR RECEIVING";"APPROVED";2024-02-06 00:00:00,000;"ISESC (TECNOLOGIA) – BBB Página em branco fase 2 – AQUISIÇÃO DE SERVIÇO DE ADEQUAÇÕES ELÉTRICAS DA CENTRAL TÉCNICA PA - DIGIACOMO INSTALAÇÕES LTDA";2024-02-06 00:00:00,000;2024-03-07 00:00:00,000;2024-03-07 00:00:00,000;1028,81
"16053";"BBB Página em Branco Fase 2";"fparisi@g.globo";"Plataformas De Produção";"PLAT. DE CAPTAÇÃO E PRODUÇÃO";"SOLUÇÃO";"RCGRJ10356858";"OCGCP10355724";"ELLAN S/A";"RUBENS RODRIGO MARQUES DE OLIVEIRA";"CLOSED FOR RECEIVING";"Aberto";"CLOSED FOR RECEIVING";"APPROVED";2024-04-10 00:00:00,000;"ISESC (TECNOLOGIA) - BBB PB FASE-2 - AQUISIÇÃO DE RACKS PARA ATENDER A NOVA CTEC DO PROVÓDROMO";2024-04-10 00:00:00,000;2024-05-24 00:00:00,000;2024-05-24 00:00:00,000;2661,14
"30860";"BC - Servidores Sistemas de Realities";"fparisi@g.globo";"Plataformas De Produção";"PLAT. DE CAPTAÇÃO E PRODUÇÃO";"SOLUÇÃO";"RCGRJ10624696";"OCGCP10667142";"DELL COMPUTADORES DO BRASIL LTDA";"CAROLINE LOPES MENDONCA";"CLOSED FOR RECEIVING";"Aberto";"CLOSED FOR RECEIVING";"APPROVED";2026-04-28 00:00:00,000;"ISESC (TECNOLOGIA) - BC - SERVIDORES SISTEMAS DE REALITIES - AQUISIÇÃO DE COMPUTADORES E MONITORES DELL - DELL COMPUTADORES DO BRASIL LTDA";2026-04-18 00:00:00,000;2026-05-10 00:00:00,000;2026-05-20 00:00:00,000;0,45
"30860";"BC - Servidores Sistemas de Realities";"fparisi@g.globo";"Plataformas De Produção";"PLAT. DE CAPTAÇÃO E PRODUÇÃO";"SOLUÇÃO";"RCGRJ10695715";"";"";"";"";"Aberto";"";"";2026-09-25 00:00:00,000;"PLATAFORMAS DE PRODUÇÃO (TECNOLOGIA) - BC - SERVIDORES SISTEMAS DE REALITIES - AQUISIÇÃO DE MATERIAL DE ALMOXARIFADO [SOLUÇÃO]";2026-09-25 00:00:00,000;;;2503,93
"30860";"BC - Servidores Sistemas de Realities";"fparisi@g.globo";"Plataformas De Produção";"PLAT. DE CAPTAÇÃO E PRODUÇÃO";"SOLUÇÃO";"RCGRJ10696062";"OCGCP10729553";"AD DIGITAL COMERCIO DE ELETRONICOS LTDA";"MONIQUE MALTA DA SILVA FERNANDES MACHADO";"CLOSED FOR RECEIVING";"Aberto";"CLOSED FOR RECEIVING";"APPROVED";2026-09-28 00:00:00,000;"PLATAFORMAS DE PRODUÇÃO (TECNOLOGIA) - BC - SERVIDORES SISTEMAS DE REALITIES - EMISSÃO DE HORAS EXTRAS PARA PARCERIA EG - AD DIGITAL [SOLUÇÃO]";2026-09-28 00:00:00,000;2026-10-26 00:00:00,000;2026-10-26 00:00:00,000;50000,73
"30860";"BC - Servidores Sistemas de Realities";"fparisi@g.globo";"Plataformas De Produção";"PLAT. DE CAPTAÇÃO E PRODUÇÃO";"SOLUÇÃO";"RCGRJ10696069";"OCGCP10729962";"D.M.S. COMERCIO E SERVICOS LTDA";"THAYSA ROCHA FERREIRA";"OPEN";"Aberto";"OPEN";"APPROVED";2026-09-28 00:00:00,000;"PLATAFORMAS DE PRODUÇÃO (TECNOLOGIA) - BC - SERVIDORES SISTEMAS DE REALITIES - AQUISIÇÃO DE CONVERSORES E DISTRIBUIDORES DE VIDEO PARA AS PRODUÇÕES DE REALITIES";2026-09-28 00:00:00,000;2026-10-02 00:00:00,000;2026-10-02 00:00:00,000;16680
"30738";"BC DSLR para UPs 2026";"fparisi@g.globo";"Plataformas De Produção";"PLAT. DE CAPTAÇÃO E PRODUÇÃO";"SOLUÇÃO";"RCGD10152648";"";"ALL EXPRESS SERVICE LTDA";"CONECTA ERP";"PENDING APPROVAL";"Em aprovação";"PENDING APPROVAL";"PENDING APPROVAL";2026-09-02 00:00:00,000;"FRETE PRIME BH-14945";;2026-10-02 00:00:00,000;;548,92
"30738";"BC DSLR para UPs 2026";"fparisi@g.globo";"Plataformas De Produção";"PLAT. DE CAPTAÇÃO E PRODUÇÃO";"SOLUÇÃO";"RCGPE10011495";"OCGCP10680070";"SONY LATIN AMERICA INC";"MARCUS VINICIUS DA SILVA GUEDES ALCOFORADO";"OPEN";"Aberto";"OPEN";"APPROVED";2026-05-28 00:00:00,000;"PLATAFORMAS DE PRODUÇÃO (TECNOLOGIA) - Aquisição BC DSLR para UPs 2026 - Aquisição de 1 KIT DSLR RECIFE [SOLUÇÃO]";2026-05-25 00:00:00,000;2026-06-19 00:00:00,000;2026-09-04 00:00:00,000;6437,23
"30738";"BC DSLR para UPs 2026";"fparisi@g.globo";"Plataformas De Produção";"PLAT. DE CAPTAÇÃO E PRODUÇÃO";"SOLUÇÃO";"RCGPE10011495";"OCGCP10686834";"SONY PROFESSIONAL SOLUTIONS BRASIL LTDA";"MARCUS VINICIUS DA SILVA GUEDES ALCOFORADO";"CLOSED FOR RECEIVING";"Aberto";"CLOSED FOR RECEIVING";"APPROVED";2026-06-15 00:00:00,000;"PLATAFORMAS DE PRODUÇÃO (TECNOLOGIA) - Aquisição BC DSLR para UPs 2026 - Aquisição de 1 KIT DSLR RECIFE [SOLUÇÃO]";2026-05-25 00:00:00,000;2026-06-06 00:00:00,000;2026-06-06 00:00:00,000;10033,87
"30738";"BC DSLR para UPs 2026";"fparisi@g.globo";"Plataformas De Produção";"PLAT. DE CAPTAÇÃO E PRODUÇÃO";"SOLUÇÃO";"RCGPE10012146";"OCGCP10725514";"VIDEOLINEA SYSTEM SNC";"MARCUS VINICIUS DA SILVA GUEDES ALCOFORADO";"OPEN";"Aberto";"OPEN";"APPROVED";2026-09-18 00:00:00,000;"PLATAFORMAS DE PRODUÇÃO (TECNOLOGIA) - Aquisição BC DSLR para UPs 2026 - Aquisição de 1 KIT DSLR RECIFE [SOLUÇÃO]";2026-09-16 00:00:00,000;2026-09-23 00:00:00,000;2026-10-23 00:00:00,000;28331,7
"30738";"BC DSLR para UPs 2026";"fparisi@g.globo";"Plataformas De Produção";"PLAT. DE CAPTAÇÃO E PRODUÇÃO";"MDO";"RCGRJ10639667";"OCGCP10665595";"ESX ENGENHARIA DE SOFTWARE LTDA";"PAULA REGIS QUEIROZ AFONSO MUNIZ";"CLOSED FOR RECEIVING";"Aberto";"CLOSED FOR RECEIVING";"APPROVED";2026-04-23 00:00:00,000;"PLATAFORMAS DE PRODUÇÃO (TECNOLOGIA) - BC DSLR PARA UPS 2026 - OUTSOURCING - ID642026 - ESX";2026-04-23 00:00:00,000;2026-05-20 00:00:00,000;2026-05-20 00:00:00,000;5294,32
"30738";"BC DSLR para UPs 2026";"fparisi@g.globo";"Plataformas De Produção";"PLAT. DE CAPTAÇÃO E PRODUÇÃO";"SOLUÇÃO";"RCGRJ10644105";"OCGCP10687034";"GRUPO MULTILASER S.A.";"MATHEUS OLIVEIRA DE JESUS SILVA";"OPEN";"Aberto";"OPEN";"APPROVED";2026-06-15 00:00:00,000;"PLATAFORMAS DE PRODUÇÃO (TECNOLOGIA) - Aquisição BC DSLR para UPs 2026 - Aquisição de 1 KIT DSLR ION [SOLUÇÃO]";2026-06-09 00:00:00,000;2026-06-08 00:00:00,000;2026-08-21 00:00:00,000;4087,38
"30738";"BC DSLR para UPs 2026";"fparisi@g.globo";"Plataformas De Produção";"PLAT. DE CAPTAÇÃO E PRODUÇÃO";"SOLUÇÃO";"RCGRJ10645610";"OCGCP10683514";"SONY LATIN AMERICA INC";"BRUNO DOMINGOS SIMOES";"OPEN";"Aberto";"OPEN";"APPROVED";2026-06-07 00:00:00,000;"PLATAFORMAS DE PRODUÇÃO (TECNOLOGIA) - Aquisição BC DSLR para UPs 2026 - Aquisição de 1 KIT DSLR ION [SOLUÇÃO]";2026-07-28 00:00:00,000;2026-05-25 00:00:00,000;2026-09-30 00:00:00,000;7035,56
"30738";"BC DSLR para UPs 2026";"fparisi@g.globo";"Plataformas De Produção";"PLAT. DE CAPTAÇÃO E PRODUÇÃO";"SOLUÇÃO";"RCGRJ10645610";"OCGCP10714225";"SONY PROFESSIONAL SOLUTIONS BRASIL LTDA";"BRUNO DOMINGOS SIMOES";"CLOSED FOR RECEIVING";"Aberto";"CLOSED FOR RECEIVING";"APPROVED";2026-08-19 00:00:00,000;"PLATAFORMAS DE PRODUÇÃO (TECNOLOGIA) - Aquisição BC DSLR para UPs 2026 - Aquisição de 1 KIT DSLR ION [SOLUÇÃO]";2026-07-28 00:00:00,000;2026-07-24 00:00:00,000;2026-11-11 00:00:00,000;10130,73
"30738";"BC DSLR para UPs 2026";"fparisi@g.globo";"Plataformas De Produção";"PLAT. DE CAPTAÇÃO E PRODUÇÃO";"SOLUÇÃO";"RCGRJ10650212";"OCGCP10673180";"LINE.COM COMERCIO E SERVICOS LTDA";"MARCUS VINICIUS DA SILVA GUEDES ALCOFORADO";"OPEN";"Aberto";"OPEN";"APPROVED";2026-05-28 00:00:00,000;"PLATAFORMAS DE PRODUÇÃO (TECNOLOGIA) - Aquisição BC DSLR para UPs 2026 - Aquisição de 1 KIT DSLR ION [SOLUÇÃO]";2026-05-27 00:00:00,000;2026-06-19 00:00:00,000;2026-06-19 00:00:00,000;11808
"30738";"BC DSLR para UPs 2026";"fparisi@g.globo";"Plataformas De Produção";"PLAT. DE CAPTAÇÃO E PRODUÇÃO";"SOLUÇÃO";"RCGRJ10650212";"OCGCP10673180";"LINE.COM COMERCIO E SERVICOS LTDA";"MARCUS VINICIUS DA SILVA GUEDES ALCOFORADO";"OPEN";"Aberto";"OPEN";"APPROVED";2026-05-28 00:00:00,000;"PLATAFORMAS DE PRODUÇÃO (TECNOLOGIA) - Aquisição BC DSLR para UPs 2026 - Aquisição de 1 KIT DSLR ION [SOLUÇÃO]";2026-05-27 00:00:00,000;2026-06-20 00:00:00,000;2026-07-13 00:00:00,000;4224
"30739";"BC Iluminação Branca Estúdio 1 SP";"arthurnsantos@g.globo";"Plataformas De Produção";"PLAT. DE CAPTAÇÃO E PRODUÇÃO";"SOLUÇÃO";"RCGSP10074436";"";"";"VICTOR TAVARES MACHADO";"PENDING APPROVAL";"Em aprovação";"PENDING APPROVAL";"PENDING APPROVAL";2026-09-29 00:00:00,000;"Plataformas de Produção (Tecnologia) - BC Iluminação Branca Estúdio 1 SP - Aquisição de Refletores para Estúdio 1 SP [Solução]";;2026-12-21 00:00:00,000;;31201,31
"25919";"Caixas Acústicas de PA do MG-2 - Obs. crítica";"roberta.mesquita@g.globo";"Plataformas De Produção";"PLAT. DE CAPTAÇÃO E PRODUÇÃO";"MDO";"RCGRJ10538282";"OCGCP10552785";"AD DIGITAL COMERCIO DE ELETRONICOS LTDA";"MONIQUE MALTA DA SILVA FERNANDES MACHADO";"CLOSED FOR RECEIVING";"Aberto";"CLOSED FOR RECEIVING";"APPROVED";2025-07-17 00:00:00,000;"ISESC (TECNOLOGIA) - CAIXAS ACÚSTICAS DE PA DO MG-2 - OBS. CRÍTICA - RESERVA MDO - RC10044 - AD DIGITAL COMERCIO DE ELETRONICOS LTDA";2025-07-17 00:00:00,000;2025-08-13 00:00:00,000;2025-08-13 00:00:00,000;12026
"25919";"Caixas Acústicas de PA do MG-2 - Obs. crítica";"roberta.mesquita@g.globo";"Plataformas De Produção";"PLAT. DE CAPTAÇÃO E PRODUÇÃO";"SOLUÇÃO";"RCGRJ10541935";"";"";"";"";"Aberto";"";"";2025-07-24 00:00:00,000;" ISESC (TECNOLOGIA) – CAIXAS ACÚSTICAS DE PA OBS CRÍTICA – MATERIAL DE INTEGRAÇÃO USO DIAMOND ION";2025-07-24 00:00:00,000;;;5108,23
"25920";"Caixas Acústicas de PA MG-2";"roberta.mesquita@g.globo";"Plataformas De Produção";"PLAT. DE CAPTAÇÃO E PRODUÇÃO";"MDO";"RCGRJ10538719";"OCGCP10552324";"AD DIGITAL COMERCIO DE ELETRONICOS LTDA";"MONIQUE MALTA DA SILVA FERNANDES MACHADO";"CLOSED FOR RECEIVING";"Aberto";"CLOSED FOR RECEIVING";"APPROVED";2025-07-16 00:00:00,000;"ISESC (TECNOLOGIA) - CAIXAS ACÚSTICAS DE PA MG-2 - RESERVA MDO - RC10045 - AD DIGITAL COMERCIO DE ELETRONICOS LTDA";2025-07-16 00:00:00,000;2025-08-14 00:00:00,000;2025-08-14 00:00:00,000;1854,94
"25921";"Câmeras de Externa - Obs. crítica G5";"arthurnsantos@g.globo";"Plataformas De Produção";"PLAT. DE CAPTAÇÃO E PRODUÇÃO";"SOLUÇÃO";"RCGMG10012241";"OCGCP10689149";"GRUPO MULTILASER S.A.";"MATHEUS OLIVEIRA DE JESUS SILVA";"OPEN";"Aberto";"OPEN";"APPROVED";2026-06-18 00:00:00,000;"ISESC (TECNOLOGIA) - CÂMERAS DE EXTERNA OBS. CRÍTICA G5 - KIT ÁUDIO - RECIFE";2025-10-24 00:00:00,000;2025-11-22 00:00:00,000;2026-07-03 00:00:00,000;8802,79
"25921";"Câmeras de Externa - Obs. crítica G5";"arthurnsantos@g.globo";"Plataformas De Produção";"PLAT. DE CAPTAÇÃO E PRODUÇÃO";"SOLUÇÃO";"RCGPE10011747";"OCGCP10691095";"GRUPO MULTILASER S.A.";"MATHEUS OLIVEIRA DE JESUS SILVA";"OPEN";"Aberto";"OPEN";"APPROVED";2026-06-23 00:00:00,000;"PLATAFORMAS DE PRODUÇÃO (TECNOLOGIA) - CÂMERA DE EXTERNA -OBS CRÍTICA G5 - GRUPO MULTI - KIT ÁUDIO - RECIFE";2026-06-22 00:00:00,000;2026-06-19 00:00:00,000;2026-08-11 00:00:00,000;21431,1
"25921";"Câmeras de Externa - Obs. crítica G5";"arthurnsantos@g.globo";"Plataformas De Produção";"PLAT. DE CAPTAÇÃO E PRODUÇÃO";"SOLUÇÃO";"RCGRJ10692154";"OCGCP10725753";"NTT BRASIL COMERCIO E SERVICOS DE TECNOLOGIA LTDA";"LUIZ FERNANDO CONCEICAO VARGAS";"CLOSED FOR RECEIVING";"Aberto";"CLOSED FOR RECEIVING";"APPROVED";2026-09-18 00:00:00,000;"PLATAFORMAS DE PRODUÇÃO (TECNOLOGIA) - Câmeras de Externa - Obs. crítica G5 - SERVIÇÃO DE MÃO DE OBRA - AGOSTO - NTT";2026-09-18 00:00:00,000;2026-10-16 00:00:00,000;2026-10-16 00:00:00,000;31921,6
"25921";"Câmeras de Externa - Obs. crítica G5";"arthurnsantos@g.globo";"Plataformas De Produção";"PLAT. DE CAPTAÇÃO E PRODUÇÃO";"SOLUÇÃO";"RCGSP10070725";"OCGCP10695566";"GRUPO MULTILASER S.A.";"MARCUS VINICIUS DA SILVA GUEDES ALCOFORADO";"OPEN";"Aberto";"OPEN";"APPROVED";2026-07-03 00:00:00,000;"PLATAFORMAS DE PRODUÇÃO (TECNOLOGIA) - KIT LIGHT JORNALISMO SP - SENNHEISER - POOL DE ACESSÓRIOS DE AUDIO PARA O KIT LIGHT DE JORNALISMO DE SP.";2026-06-29 00:00:00,000;2026-07-25 00:00:00,000;2026-09-04 00:00:00,000;115632,92
"25921";"Câmeras de Externa - Obs. crítica G5";"arthurnsantos@g.globo";"Plataformas De Produção";"PLAT. DE CAPTAÇÃO E PRODUÇÃO";"SOLUÇÃO";"RCGSP10070725";"OCGCP10695566";"GRUPO MULTILASER S.A.";"MARCUS VINICIUS DA SILVA GUEDES ALCOFORADO";"OPEN";"Aberto";"OPEN";"APPROVED";2026-07-03 00:00:00,000;"PLATAFORMAS DE PRODUÇÃO (TECNOLOGIA) - KIT LIGHT JORNALISMO SP - SENNHEISER - POOL DE ACESSÓRIOS DE AUDIO PARA O KIT LIGHT DE JORNALISMO DE SP.";2026-06-29 00:00:00,000;2026-07-19 00:00:00,000;2026-09-04 00:00:00,000;8236,86
"25921";"Câmeras de Externa - Obs. crítica G5";"arthurnsantos@g.globo";"Plataformas De Produção";"PLAT. DE CAPTAÇÃO E PRODUÇÃO";"SOLUÇÃO";"RCGSP10070725";"OCGCP10695566";"GRUPO MULTILASER S.A.";"MARCUS VINICIUS DA SILVA GUEDES ALCOFORADO";"OPEN";"Aberto";"OPEN";"APPROVED";2026-07-03 00:00:00,000;"PLATAFORMAS DE PRODUÇÃO (TECNOLOGIA) - KIT LIGHT JORNALISMO SP - SENNHEISER - POOL DE ACESSÓRIOS DE AUDIO PARA O KIT LIGHT DE JORNALISMO DE SP.";2026-06-29 00:00:00,000;2026-07-19 00:00:00,000;2026-09-29 00:00:00,000;780,21
"25925";"Câmeras Robô - Obs. crítica ION";"arthurnsantos@g.globo";"Plataformas De Produção";"PLAT. DE CAPTAÇÃO E PRODUÇÃO";"MDO";"RCGRJ10538729";"OCGCP10555668";"AD DIGITAL COMERCIO DE ELETRONICOS LTDA";"MONIQUE MALTA DA SILVA FERNANDES MACHADO";"CLOSED FOR RECEIVING";"Aberto";"CLOSED FOR RECEIVING";"APPROVED";2025-07-24 00:00:00,000;"ISESC (TECNOLOGIA) - CÂMERAS ROBÔ - OBS. CRÍTICA ION - RESERVA MDO - RC10047 - AD DIGITAL COMERCIO DE ELETRONICOS LTDA";2025-07-24 00:00:00,000;2025-08-14 00:00:00,000;2025-08-14 00:00:00,000;8481
"25925";"Câmeras Robô - Obs. crítica ION";"arthurnsantos@g.globo";"Plataformas De Produção";"PLAT. DE CAPTAÇÃO E PRODUÇÃO";"INSTALAÇÃO";"RCGRJ10577917";"OCGCP10612121";"V74 SOLUCOES E SERVICOS LTDA";"PATRICIA DE LIMA ALVES";"CLOSED FOR RECEIVING";"Aberto";"CLOSED FOR RECEIVING";"APPROVED";2025-12-09 00:00:00,000;"ISESC (TECNOLOGIA) - Câmeras Robô - Obs. crítica ION - RESERVA INSTALAÇÃO - RC1.1- RJ - CADLAB/V74";2025-12-09 00:00:00,000;2025-12-11 00:00:00,000;2025-12-11 00:00:00,000;8568,88
"25925";"Câmeras Robô - Obs. crítica ION";"arthurnsantos@g.globo";"Plataformas De Produção";"PLAT. DE CAPTAÇÃO E PRODUÇÃO";"SOLUÇÃO";"RCGRJ10694143";"OCGCP10729761";"SONY LATIN AMERICA INC";"BRUNO DOMINGOS SIMOES";"INCOMPLETE";"Aberto";"OC em aprovação";"APPROVED";2026-09-28 00:00:00,000;"PLATAFORMAS DE PRODUÇÃO (TECNOLOGIA) - CÂMERAS ROBÔ - OBS. CRÍTICA ION - AQUISIÇÃO DE 4 CÂMERAS SONY AM7, 3 REMOTES RMIP500 E ACESSÓRIOS DE ACORDO COM O ROADMAP DESENHADO PARA 2026- SONY [SOLUÇÃO].";2026-09-28 00:00:00,000;2026-10-22 00:00:00,000;2026-10-22 00:00:00,000;421647,22
"18186";"Câmeras Robóticas G5";"arthurnsantos@g.globo";"Plataformas De Produção";"PLAT. DE CAPTAÇÃO E PRODUÇÃO";"SOLUÇÃO";"RCGD10036220";"OCGCP10236991";"LOJA ELETRICA LTDA";"CONECTA ERP";"OPEN";"Aberto";"OPEN";"APPROVED";2023-07-06 00:00:00,000;"SOLICITAÇÃO DE RC - INFRAESTRUTURA E SEGURANÇA - CAMERAS ROBOTICAS - REGUAS AC - LOJA ELETRICA- [PAGAMENTO SEM RC]- SOL MONIQUE ALBUQUERQUE";2023-07-06 00:00:00,000;2023-07-25 00:00:00,000;2023-07-25 00:00:00,000;138,9
"18186";"Câmeras Robóticas G5";"arthurnsantos@g.globo";"Plataformas De Produção";"PLAT. DE CAPTAÇÃO E PRODUÇÃO";"SOLUÇÃO";"RCGD10039000";"OCGCP10247507";"LOJA ELETRICA LTDA";"CONECTA ERP";"OPEN";"Aberto";"OPEN";"APPROVED";2023-07-31 00:00:00,000;"PTZs BH - Régua AC, cabo AC e abraçadeiras";2023-07-31 00:00:00,000;2023-08-30 00:00:00,000;2023-08-30 00:00:00,000;416,93
"18186";"Câmeras Robóticas G5";"arthurnsantos@g.globo";"Plataformas De Produção";"PLAT. DE CAPTAÇÃO E PRODUÇÃO";"SOLUÇÃO";"RCGRJ10267653";"OCGCP10289412";"NTT BRASIL COMERCIO E SERVICOS DE TECNOLOGIA LTDA";"LUIZ FERNANDO CONCEICAO VARGAS";"OPEN";"Aberto";"OPEN";"APPROVED";2023-11-08 00:00:00,000;"E&T  -INFRAESTRUTURA E SEGURANÇA (TECNOLOGIA) - Câmeras Robóticas - Switches para Estúdio 3 SP - CISCO";2023-09-01 00:00:00,000;2023-08-29 00:00:00,000;2024-02-09 00:00:00,000;0,22
"18186";"Câmeras Robóticas G5";"arthurnsantos@g.globo";"Plataformas De Produção";"PLAT. DE CAPTAÇÃO E PRODUÇÃO";"SOLUÇÃO";"RCGRJ10267653";"OCGCP10289412";"NTT BRASIL COMERCIO E SERVICOS DE TECNOLOGIA LTDA";"LUIZ FERNANDO CONCEICAO VARGAS";"OPEN";"Aberto";"OPEN";"APPROVED";2023-11-08 00:00:00,000;"E&T  -INFRAESTRUTURA E SEGURANÇA (TECNOLOGIA) - Câmeras Robóticas - Switches para Estúdio 3 SP - CISCO";2023-09-01 00:00:00,000;2023-08-29 00:00:00,000;2026-01-26 00:00:00,000;2
"18186";"Câmeras Robóticas G5";"arthurnsantos@g.globo";"Plataformas De Produção";"PLAT. DE CAPTAÇÃO E PRODUÇÃO";"SOLUÇÃO";"RCGRJ10267653";"OCGCP10289412";"NTT BRASIL COMERCIO E SERVICOS DE TECNOLOGIA LTDA";"LUIZ FERNANDO CONCEICAO VARGAS";"OPEN";"Aberto";"OPEN";"APPROVED";2023-11-08 00:00:00,000;"E&T  -INFRAESTRUTURA E SEGURANÇA (TECNOLOGIA) - Câmeras Robóticas - Switches para Estúdio 3 SP - CISCO";2023-09-01 00:00:00,000;2023-09-28 00:00:00,000;2024-02-09 00:00:00,000;0,1
"25945";"Campo tático";"julia.maia.rodrigues@g.globo";"Plataformas De Produção";"PLAT. DE PÓS-PROD. E DESIGN";"MDO";"RCGRJ10538732";"OCGCP10555492";"AD DIGITAL COMERCIO DE ELETRONICOS LTDA";"MONIQUE MALTA DA SILVA FERNANDES MACHADO";"CLOSED FOR RECEIVING";"Aberto";"CLOSED FOR RECEIVING";"APPROVED";2025-07-24 00:00:00,000;"ISESC (TECNOLOGIA) - CAMPO TÁTICO - RESERVA MDO - RC10060 - AD DIGITAL COMERCIO DE ELETRONICOS LTDA";2025-07-24 00:00:00,000;2025-08-14 00:00:00,000;2025-08-14 00:00:00,000;2276
"25945";"Campo tático";"julia.maia.rodrigues@g.globo";"Plataformas De Produção";"PLAT. DE PÓS-PROD. E DESIGN";"SOLUÇÃO";"RCGSP10053182";"OCGCP10514537";"CALIL TECNOLOGIAS IMERSIVAS LTDA";"THAIS OLIVEIRA SPEZANI";"CLOSED";"Fechado";"CLOSED";"APPROVED";2025-04-24 00:00:00,000;"ISESC (TECNOLOGIA) – CAMPO TÁTICO SP – 1x WORKSTATION/RENDER [SOLUCOES] – FORNECEDOR: VIRTUALXP";2025-04-24 00:00:00,000;2025-05-16 00:00:00,000;2025-06-30 00:00:00,000;0,92
"25969";"CEE - Câmera Estúdio Externa EG";"fparisi@g.globo";"Plataformas De Produção";"PLAT. DE CAPTAÇÃO E PRODUÇÃO";"SOLUÇÃO";"RCGRJ10681267";"OCGCP10715042";"GBS Trading LLC";"RAFAEL LOPES ROSADO";"OPEN";"Aberto";"OPEN";"APPROVED";2026-08-21 00:00:00,000;"PLATAFORMAS DE PRODUÇÃO (TECNOLOGIA) - CEE CÂMERA ESTÚDIO EXTERNA - AQUISIÇÃO DE 1 ADAPTADOR V-MOUNT PARA O MONITOR TV LOGIC [SOLUÇÃO]";2026-08-20 00:00:00,000;2026-09-14 00:00:00,000;2026-09-11 00:00:00,000;2541,24
"25969";"CEE - Câmera Estúdio Externa EG";"fparisi@g.globo";"Plataformas De Produção";"PLAT. DE CAPTAÇÃO E PRODUÇÃO";"SOLUÇÃO";"RCGRJ10682702";"OCGCP10716459";"VIDEOLINEA SYSTEM SNC";"THAYSA ROCHA FERREIRA";"OPEN";"Aberto";"OPEN";"APPROVED";2026-08-26 00:00:00,000;"PLATAFORMA DE PRODUÇÃO (TECNOLOGIA) - CEE CAMERAS ESTUDIO EXTERNA EG - Aquisição de 8 fones EPOS ADAPT 560 II TIPO A [SOLUÇÃO]";2026-08-20 00:00:00,000;2026-09-28 00:00:00,000;2026-09-28 00:00:00,000;18144,53
"25969";"CEE - Câmera Estúdio Externa EG";"fparisi@g.globo";"Plataformas De Produção";"PLAT. DE CAPTAÇÃO E PRODUÇÃO";"SOLUÇÃO";"RCGRJ10690853";"";"";"PAULA CRISTINA CORREIA FRANCISCO MELO";"APPROVED";"Aberto";"APPROVED";"APPROVED";2026-09-14 00:00:00,000;"PLATAFORMAS DE PRODUÇÃO (TECNOLOGIA)-CEE-CÂMERA ESTÚDIO EXTERNA EG- AQUISIÇÃO DE MONITOR ASUS PROFISSIONAL PROART 27 POLEGADAS 4K HDR OLED[SOLUÇÃO]";2026-09-16 00:00:00,000;2026-10-14 00:00:00,000;;18000
"25969";"CEE - Câmera Estúdio Externa EG";"fparisi@g.globo";"Plataformas De Produção";"PLAT. DE CAPTAÇÃO E PRODUÇÃO";"SOLUÇÃO";"RCGRJ10691723";"OCGCP10727100";"D.M.S. COMERCIO E SERVICOS LTDA";"THAYSA ROCHA FERREIRA";"OPEN";"Aberto";"OPEN";"APPROVED";2026-09-21 00:00:00,000;"PLATAFORMAS DE PRODUÇÃO (TECNOLOGIA) - CEE CAMERAS ESTUDIO EXTERNA EG - AQUISIÇÃO DE EQUIPAMENTOS BLACKMAGIC PARA ROBUSTECIMENTO DAS SOLUÇÕES DO CPR EM 2110 [SOLUÇÃO]";2026-09-18 00:00:00,000;2026-10-24 00:00:00,000;2026-10-24 00:00:00,000;46703
"25969";"CEE - Câmera Estúdio Externa EG";"fparisi@g.globo";"Plataformas De Produção";"PLAT. DE CAPTAÇÃO E PRODUÇÃO";"SOLUÇÃO";"RCGRJ10696064";"OCGCP10729555";"AD DIGITAL COMERCIO DE ELETRONICOS LTDA";"MONIQUE MALTA DA SILVA FERNANDES MACHADO";"CLOSED FOR RECEIVING";"Aberto";"CLOSED FOR RECEIVING";"APPROVED";2026-09-28 00:00:00,000;"PLATAFORMAS DE PRODUÇÃO (TECNOLOGIA) - CEE - CÂMERA ESTÚDIO EXTERNA - EMISSÃO DE HORAS EXTRAS PARA PARCERIA EG - AD DIGITAL [SOLUÇÃO]";2026-09-28 00:00:00,000;2026-10-26 00:00:00,000;2026-10-26 00:00:00,000;30001,5
"25969";"CEE - Câmera Estúdio Externa EG";"fparisi@g.globo";"Plataformas De Produção";"PLAT. DE CAPTAÇÃO E PRODUÇÃO";"SOLUÇÃO";"RCGRJ10696707";"";"";"VICTOR TAVARES MACHADO";"APPROVED";"Aberto";"APPROVED";"APPROVED";2026-09-29 00:00:00,000;"PLATAFORMA DE PRODUÇÃO (TECNOLOGIA) - CEE CÂMERAS ESTÚDIO EXTERNA EG - AQUISIÇÃO DE 2 WAVEFORMS PORTÁTEIS PARA UTILIZAÇÃO DA TECNOLOGIA [SOLUÇÃO]";2026-09-29 00:00:00,000;2026-10-29 00:00:00,000;;5700
"30740";"CI LED - Complemento";"fparisi@g.globo";"Plataformas De Produção";"PLAT. DE CAPTAÇÃO E PRODUÇÃO";"SOLUÇÃO";"RCGRJ10653376";"OCGCP10724084";"Guangdong Nanguang PHOTO&VIDEO SYSTEMS Co., Ltd.";"MATHEUS OLIVEIRA DE JESUS SILVA";"OPEN";"Aberto";"OPEN";"APPROVED";2026-09-15 00:00:00,000;"PLATAFORMAS DE PRODUÇÃO (TECNOLOGIA) - CI LED - COMPLEMENTO - EMISSÃO DE REFLETORES E ACESSÓRIOS SPARE PARA OS CARROS DE ILUMINAÇÃO LED DO EG [SOLUÇÃO]";2026-06-03 00:00:00,000;2026-06-27 00:00:00,000;2026-11-10 00:00:00,000;81920,59
"30740";"CI LED - Complemento";"fparisi@g.globo";"Plataformas De Produção";"PLAT. DE CAPTAÇÃO E PRODUÇÃO";"SOLUÇÃO";"RCGRJ10653376";"OCGCP10724171";"LUMITEC COMERCIO E MANUTENCAO LTDA";"MATHEUS OLIVEIRA DE JESUS SILVA";"OPEN";"Aberto";"OPEN";"APPROVED";2026-09-15 00:00:00,000;"PLATAFORMAS DE PRODUÇÃO (TECNOLOGIA) - CI LED - COMPLEMENTO - EMISSÃO DE REFLETORES E ACESSÓRIOS SPARE PARA OS CARROS DE ILUMINAÇÃO LED DO EG [SOLUÇÃO]";2026-06-03 00:00:00,000;2026-07-01 00:00:00,000;2026-10-30 00:00:00,000;17775
"30740";"CI LED - Complemento";"fparisi@g.globo";"Plataformas De Produção";"PLAT. DE CAPTAÇÃO E PRODUÇÃO";"SOLUÇÃO";"RCGRJ10653376";"OCGCP10724182";"THE LIGHT LUMINARY FOR CINE AND TV SL";"MATHEUS OLIVEIRA DE JESUS SILVA";"OPEN";"Aberto";"OPEN";"APPROVED";2026-09-15 00:00:00,000;"PLATAFORMAS DE PRODUÇÃO (TECNOLOGIA) - CI LED - COMPLEMENTO - EMISSÃO DE REFLETORES E ACESSÓRIOS SPARE PARA OS CARROS DE ILUMINAÇÃO LED DO EG [SOLUÇÃO]";2026-06-03 00:00:00,000;2026-07-01 00:00:00,000;2026-10-30 00:00:00,000;11838,93
"30740";"CI LED - Complemento";"fparisi@g.globo";"Plataformas De Produção";"PLAT. DE CAPTAÇÃO E PRODUÇÃO";"SOLUÇÃO";"RCGRJ10653376";"OCGCP10724084";"Guangdong Nanguang PHOTO&VIDEO SYSTEMS Co., Ltd.";"MATHEUS OLIVEIRA DE JESUS SILVA";"OPEN";"Aberto";"OPEN";"APPROVED";2026-09-15 00:00:00,000;"PLATAFORMAS DE PRODUÇÃO (TECNOLOGIA) - CI LED - COMPLEMENTO - EMISSÃO DE REFLETORES E ACESSÓRIOS SPARE PARA OS CARROS DE ILUMINAÇÃO LED DO EG [SOLUÇÃO]";2026-06-03 00:00:00,000;2026-07-01 00:00:00,000;2026-11-10 00:00:00,000;157639,97999999998
"30740";"CI LED - Complemento";"fparisi@g.globo";"Plataformas De Produção";"PLAT. DE CAPTAÇÃO E PRODUÇÃO";"SOLUÇÃO";"RCGRJ10653376";"OCGCP10724182";"THE LIGHT LUMINARY FOR CINE AND TV SL";"MATHEUS OLIVEIRA DE JESUS SILVA";"OPEN";"Aberto";"OPEN";"APPROVED";2026-09-15 00:00:00,000;"PLATAFORMAS DE PRODUÇÃO (TECNOLOGIA) - CI LED - COMPLEMENTO - EMISSÃO DE REFLETORES E ACESSÓRIOS SPARE PARA OS CARROS DE ILUMINAÇÃO LED DO EG [SOLUÇÃO]";2026-06-03 00:00:00,000;2026-06-27 00:00:00,000;2026-10-30 00:00:00,000;47232,59
"25849";"Cloudification e Evolução";"alessandror@g.globo";"Plataformas De Produção";"PLAT. DE METADADOS E MÍDIAS";"SOLUÇÃO";"RCGRJ10695801";"";"SYS MANAGER INFORMATICA LTDA";"RAFAEL RANGEL CASIMIRO";"PENDING APPROVAL";"Em aprovação";"PENDING APPROVAL";"PENDING APPROVAL";2026-09-25 00:00:00,000;"PLATAFORMAS DE PRODUÇÃO (TECNOLOGIA) - PROJETO CLOUDIFICATION E EVOLUÇÃO - MDO - SYSMANAGER";;2026-10-25 00:00:00,000;;25443
"25926";"Comunicação Operacional - Obs. crítica BH, BSA e REC";"roberta.mesquita@g.globo";"Plataformas De Produção";"PLAT. DE CAPTAÇÃO E PRODUÇÃO";"SOLUÇÃO";"RCGDF10011404";"OCGCP10624211";"CLEARCOM LLC";"CAROLINE LOPES MENDONCA";"CLOSED FOR RECEIVING";"Aberto";"CLOSED FOR RECEIVING";"APPROVED";2026-01-12 00:00:00,000;"ISESC (TECNOLOGIA) - COMUNICAÇÃO OPERACIONAL - OBS CRÍTICA BH, REC, BSA - LQS E PAINEIS DE COMUNICAÇÃO PARA BRASÍLIA - CLEARCOM - [SOLUÇÃO]";2025-12-15 00:00:00,000;2026-01-09 00:00:00,000;2026-02-20 00:00:00,000;12344,16
"25926";"Comunicação Operacional - Obs. crítica BH, BSA e REC";"roberta.mesquita@g.globo";"Plataformas De Produção";"PLAT. DE CAPTAÇÃO E PRODUÇÃO";"SOLUÇÃO";"RCGMG10014578";"OCGCP10717691";"NEWSCON SOLUCOES E COMERCIO DE TELEINFORMATICA LTDA";"CAROLINE LOPES MENDONCA";"CLOSED FOR RECEIVING";"Aberto";"CLOSED FOR RECEIVING";"APPROVED";2026-08-28 00:00:00,000;"PLATAFORMAS DE PRODUÇÃO (TECNOLOGIA)- COMUNICAÇÃO OPERACIONAL - OBS CRÍTICA BH, REC, BSA - MDO PARA INTEGRAÇÃO DO CTRL A BH - NEWSCON";2026-08-28 00:00:00,000;2026-09-03 00:00:00,000;2026-09-03 00:00:00,000;30059,910000000003
"25926";"Comunicação Operacional - Obs. crítica BH, BSA e REC";"roberta.mesquita@g.globo";"Plataformas De Produção";"PLAT. DE CAPTAÇÃO E PRODUÇÃO";"INSTALAÇÃO";"RCGRJ10492374";"OCGCP10501957";"V74 SOLUCOES E SERVICOS LTDA";"PATRICIA DE LIMA ALVES";"CLOSED FOR RECEIVING";"Aberto";"CLOSED FOR RECEIVING";"APPROVED";2025-03-27 00:00:00,000;"ISESC (TECNOLOGIA) - MVP DA ORQUESTRAÇÃO DO PRODUÇÃO CENTRAL - RESERVA INSTALAÇÃO - RC2 - RJ - CADLAB/V74";2025-03-27 00:00:00,000;2025-04-24 00:00:00,000;2025-04-24 00:00:00,000;62,97
"25926";"Comunicação Operacional - Obs. crítica BH, BSA e REC";"roberta.mesquita@g.globo";"Plataformas De Produção";"PLAT. DE CAPTAÇÃO E PRODUÇÃO";"MDO";"RCGRJ10566341";"OCGCP10587572";"AD DIGITAL COMERCIO DE ELETRONICOS LTDA";"MONIQUE MALTA DA SILVA FERNANDES MACHADO";"CLOSED FOR RECEIVING";"Aberto";"CLOSED FOR RECEIVING";"APPROVED";2025-10-10 00:00:00,000;"ISESC (TECNOLOGIA) - COMUNICAÇÃO OPERACIONAL - OBS. CRÍTICA BH, BSA E REC - RESERVA MDO - RC1024_1 -  AD DIGITAL COMERCIO DE ELETRONICOS LTDA";2025-10-10 00:00:00,000;2025-10-26 00:00:00,000;2025-10-26 00:00:00,000;34874,64
"25926";"Comunicação Operacional - Obs. crítica BH, BSA e REC";"roberta.mesquita@g.globo";"Plataformas De Produção";"PLAT. DE CAPTAÇÃO E PRODUÇÃO";"MDO";"RCGRJ10566343";"OCGCP10587575";"AD DIGITAL COMERCIO DE ELETRONICOS LTDA";"MONIQUE MALTA DA SILVA FERNANDES MACHADO";"CLOSED FOR RECEIVING";"Aberto";"CLOSED FOR RECEIVING";"APPROVED";2025-10-10 00:00:00,000;"ISESC (TECNOLOGIA) - COMUNICAÇÃO OPERACIONAL - OBS. CRÍTICA BH, BSA E REC - RESERVA MDO - RC1024_1 -  AD DIGITAL COMERCIO DE ELETRONICOS LTDA";2025-10-10 00:00:00,000;2025-10-26 00:00:00,000;2025-10-26 00:00:00,000;6151,36
"25926";"Comunicação Operacional - Obs. crítica BH, BSA e REC";"roberta.mesquita@g.globo";"Plataformas De Produção";"PLAT. DE CAPTAÇÃO E PRODUÇÃO";"SOLUÇÃO";"RCGRJ10693997";"";"";"RAFAEL ROSADO";"APPROVED";"Aberto";"APPROVED";"APPROVED";2026-09-22 00:00:00,000;"PLATAFORMAS DE PRODUÇÃO (TECNOLOGIA) - COMUNICAÇÃO OPERACIONAL - OBS CRÍTICA BH, REC, BSA - CABO DSC-AD8 8 vias DB25 - XLR FEMEA E MACHO - DSPRO";2026-09-22 00:00:00,000;2026-10-22 00:00:00,000;;20579,4
"10636";"Consolidação Controles 2 E 5 Jb";"victor.chagas@g.globo";"Plataformas De Produção";"PLAT. DE CAPTAÇÃO E PRODUÇÃO";"SOLUÇÃO";"RCGRJ10348432";"OCGCP10345176";"DELL COMPUTADORES DO BRASIL LTDA";"THAIS OLIVEIRA SPEZANI";"CLOSED FOR RECEIVING";"Aberto";"CLOSED FOR RECEIVING";"APPROVED";2024-03-18 00:00:00,000;"ISESC (TECNOLOGIA) -Consolidação Controles 2 e 5 JB -DELL - AQUISIÇÃO DE SERVIDORES PARA O PLAYOUT DO MVP DO PRODUÇÃO CENTRAL - BH E ÍON";2024-03-15 00:00:00,000;2024-04-12 00:00:00,000;2024-05-24 00:00:00,000;0,01
"20841";"Consolidação Storage Acervo Íon 2024";"mauricio.mascarenhas@g.globo";"Plataformas De Produção";"PLAT. DE METADADOS E MÍDIAS";"SOLUÇÃO";"RCGRJ10545390";"OCGCP10559414";"ESX ENGENHARIA DE SOFTWARE LTDA";"PAULA REGIS QUEIROZ AFONSO MUNIZ";"CLOSED FOR RECEIVING";"Aberto";"CLOSED FOR RECEIVING";"APPROVED";2025-08-04 00:00:00,000;"ISESC (TECNOLOGIA) - OBSOLESCÊNCIA IBMS - AQUISIÇÃO DE MÃO DE OBRA DE DESENVOLVEDOR PLENO PARA GLOBO MÍDIA - JUN/25 a DEZ/25 [GUSTAVO SEVERO]";2025-08-04 00:00:00,000;2025-09-03 00:00:00,000;2025-09-03 00:00:00,000;783,35
"20841";"Consolidação Storage Acervo Íon 2024";"mauricio.mascarenhas@g.globo";"Plataformas De Produção";"PLAT. DE METADADOS E MÍDIAS";"SOLUÇÃO";"RCGRJ10577523";"OCGCP10594913";"ESX ENGENHARIA DE SOFTWARE LTDA";"PAULA REGIS QUEIROZ AFONSO MUNIZ";"CLOSED FOR RECEIVING";"Aberto";"CLOSED FOR RECEIVING";"APPROVED";2025-10-29 00:00:00,000;"ISESC (TECNOLOGIA) - CONSOLIDAÇÃO STORAGE ACERVO ION - AQUISIÇÃO DE MÃO DE OBRA DE DESENVOLVEDOR PLENO PARA WORKFLOW DO ACERVO - JUN/25 a DEZ/25 [ANA BEATRIZ]";2025-10-29 00:00:00,000;2025-11-28 00:00:00,000;2025-11-28 00:00:00,000;0,98
"10633";"Consolidação Storages ÍON";"";"Plataformas De Produção";"PLAT. DE PÓS-PROD. E DESIGN";"SOLUÇÃO";"RCGRJ10299307";"OCGCP10294829";"CENTAURO ENGENHARIA E INFORMATICA LTDA";"THAIS OLIVEIRA SPEZANI";"CLOSED FOR RECEIVING";"Aberto";"CLOSED FOR RECEIVING";"APPROVED";2023-11-21 00:00:00,000;"INFRAESTRUTURA E SEGURANÇA (TECNOLOGIA) - CONSOLIDAÇÃO STORAGE ION - INSTALAÇÃO EQUIPAMENTO (CENTAURO)";2023-11-21 00:00:00,000;2023-12-21 00:00:00,000;2023-12-21 00:00:00,000;4263,84
"10747";"Controles JB Obsolescência – Mixer Controle 3 JB";"roberta.mesquita@g.globo";"Plataformas De Produção";"PLAT. DE CAPTAÇÃO E PRODUÇÃO";"SOLUÇÃO";"RCGRJ10099856";"OCGCP10010059";"ARISTA NETWORKS INC";"CONRADO PERDIGAO FERRANTE";"OPEN";"Aberto";"OPEN";"APPROVED";2023-01-02 00:00:00,000;"INFRAESTRUTURA E SEGURANÇA (TECNOLOGIA) – OBSOLESCÊNCIA CONTROLES JB - (ARISTA) INFRA REDE MIXER TITULAR E MATRIZ EMERGÊNCIA CONTROLE 2 JB [SOLUÇÃO]";2022-08-22 00:00:00,000;2022-08-26 00:00:00,000;2022-08-26 00:00:00,000;65423,46
"10747";"Controles JB Obsolescência – Mixer Controle 3 JB";"roberta.mesquita@g.globo";"Plataformas De Produção";"PLAT. DE CAPTAÇÃO E PRODUÇÃO";"SOLUÇÃO";"RCGRJ10173106";"OCGCP10162428";"DIGIACOMO INSTALACOES LTDA";"RODRIGO SEPULVEDA DELGADO";"CLOSED FOR RECEIVING";"Aberto";"CLOSED FOR RECEIVING";"APPROVED";2023-01-12 00:00:00,000;"  INFRAESTRUTURA E SEGURANÇA (TECNOLOGIA) – OBSOLECÊNCIA CONTROLE JB - ELÉTRICA (DGI) [SOLUÇÃO]";2023-01-12 00:00:00,000;2023-02-11 00:00:00,000;2023-02-11 00:00:00,000;0,01
"10747";"Controles JB Obsolescência – Mixer Controle 3 JB";"roberta.mesquita@g.globo";"Plataformas De Produção";"PLAT. DE CAPTAÇÃO E PRODUÇÃO";"SOLUÇÃO";"RCGRJ10602399";"OCGCP10636631";"GRASS VALLEY AQUISICAO DE MEDIA LTDA.";"MONIQUE MALTA DA SILVA FERNANDES MACHADO";"CLOSED FOR RECEIVING";"Aberto";"CLOSED FOR RECEIVING";"APPROVED";2026-02-11 00:00:00,000;"ISESC (TECNOLOGIA) - CONTROLES JB OBS. - MIXER CONTROLE 3 JB - CONSUMO AMPP PRODUÇÃO CENTRAL   - GRASS VALLEY - [SOLUÇÃO]";2026-01-13 00:00:00,000;2026-02-11 00:00:00,000;2026-02-11 00:00:00,000;175,05
"10747";"Controles JB Obsolescência – Mixer Controle 3 JB";"roberta.mesquita@g.globo";"Plataformas De Produção";"PLAT. DE CAPTAÇÃO E PRODUÇÃO";"SOLUÇÃO";"RCGRJ10635813";"OCGCP10660975";"CONVERGINT COMERCIO E SERVICOS DE TECNOLOGIA LTDA";"DIEGO DE CASTILHO GIOVANNI";"CLOSED FOR RECEIVING";"Aberto";"CLOSED FOR RECEIVING";"APPROVED";2026-04-10 00:00:00,000;"ISESC (TECNOLOGIA) - CONTROLES JB OBS. - MIXER CONTROLE 3 JB - DESPESA DE SERVIÇO DE SUPORTE - CONVERGINT - [SOLUÇÃO]";2026-04-10 00:00:00,000;2026-05-09 00:00:00,000;2026-05-09 00:00:00,000;10729,65
"10747";"Controles JB Obsolescência – Mixer Controle 3 JB";"roberta.mesquita@g.globo";"Plataformas De Produção";"PLAT. DE CAPTAÇÃO E PRODUÇÃO";"SOLUÇÃO";"RCGRJ10653824";"OCGCP10686150";"GBS Trading LLC";"RAFAEL LOPES ROSADO";"OPEN";"Aberto";"OPEN";"APPROVED";2026-06-12 00:00:00,000;"PLATAFORMAS DE PRODUÇÃO (TECNOLOGIA) - CONTROLES JB OBS. - MIXER CONTROLE 3 JB - HENRY ENGINEERING E SUPORTE PARA RACK - PARA REDE ÁUDIO JB";2026-06-10 00:00:00,000;2026-06-08 00:00:00,000;2026-07-03 00:00:00,000;17013,33
"10747";"Controles JB Obsolescência – Mixer Controle 3 JB";"roberta.mesquita@g.globo";"Plataformas De Produção";"PLAT. DE CAPTAÇÃO E PRODUÇÃO";"SOLUÇÃO";"RCGRJ10677359";"";"";"";"";"Aberto";"";"";2026-08-04 00:00:00,000;"PLATAFORMAS DE PRODUÇÃO (TECNOLOGIA) - CONTROLES JB OBSOLESCÊNCIA – MIXER CONTROLE 3 JB - MATERIAL DE INTEGRAÇÃO - ION";2026-08-04 00:00:00,000;;;5995,08
"25927";"Conversor de norma: Obs. crítica COT SP";"victor.chagas@g.globo";"Plataformas De Produção";"PLAT. DE CAPTAÇÃO E PRODUÇÃO";"MDO";"RCGRJ10547258";"OCGCP10570318";"AD DIGITAL COMERCIO DE ELETRONICOS LTDA";"MONIQUE MALTA DA SILVA FERNANDES MACHADO";"CLOSED FOR RECEIVING";"Aberto";"CLOSED FOR RECEIVING";"APPROVED";2025-09-01 00:00:00,000;"ISESC (TECNOLOGIA) - CONVERSOR DE NORMA: OBS. CRÍTICA COT SP - RESERVA MDO - RC10049 - AD DIGITAL COMERCIO DE ELETRONICOS LTDA";2025-09-01 00:00:00,000;2025-09-06 00:00:00,000;2025-09-06 00:00:00,000;7242,95
"25927";"Conversor de norma: Obs. crítica COT SP";"victor.chagas@g.globo";"Plataformas De Produção";"PLAT. DE CAPTAÇÃO E PRODUÇÃO";"SOLUÇÃO";"RCGSP10070190";"OCGCP10684711";"LAN NETWORKS DISTRIBUIDORA LTDA";"RAFAEL LOPES ROSADO";"OPEN";"Aberto";"OPEN";"APPROVED";2026-06-09 00:00:00,000;"PLATAFORMAS DE PRODUÇÃO (TECNOLOGIA)  - CONVERSOR DE NORMA: OBS. CRÍTICA COT SP - CABOS DE REDE PARA EST-3 - SP - LAN NETWORKS [SOLUÇÃO]";2026-06-09 00:00:00,000;2026-07-08 00:00:00,000;2026-07-14 00:00:00,000;2676,52
"25927";"Conversor de norma: Obs. crítica COT SP";"victor.chagas@g.globo";"Plataformas De Produção";"PLAT. DE CAPTAÇÃO E PRODUÇÃO";"SOLUÇÃO";"RCGSP10070190";"OCGCP10684711";"LAN NETWORKS DISTRIBUIDORA LTDA";"RAFAEL LOPES ROSADO";"OPEN";"Aberto";"OPEN";"APPROVED";2026-06-09 00:00:00,000;"PLATAFORMAS DE PRODUÇÃO (TECNOLOGIA)  - CONVERSOR DE NORMA: OBS. CRÍTICA COT SP - CABOS DE REDE PARA EST-3 - SP - LAN NETWORKS [SOLUÇÃO]";2026-06-09 00:00:00,000;2026-07-08 00:00:00,000;2026-10-10 00:00:00,000;1469,16
"25927";"Conversor de norma: Obs. crítica COT SP";"victor.chagas@g.globo";"Plataformas De Produção";"PLAT. DE CAPTAÇÃO E PRODUÇÃO";"SOLUÇÃO";"RCGSP10071117";"OCGCP10696759";"Manifold Tehnologies GMbH";"BRUNO DOMINGOS SIMOES";"CLOSED FOR RECEIVING";"Aberto";"CLOSED FOR RECEIVING";"APPROVED";2026-07-07 00:00:00,000;"PLATAFORMAS DE PRODUÇÃO (TECNOLOGIA) - CONVERSOR DE NORMA: OBS. CRÍTICA COT SP - LICENÇAS E SERVIÇOS PARA ARKONA SP - SAVANA [SOLUÇÃO].";2026-07-01 00:00:00,000;2026-07-31 00:00:00,000;2026-09-30 00:00:00,000;266175,72
"25927";"Conversor de norma: Obs. crítica COT SP";"victor.chagas@g.globo";"Plataformas De Produção";"PLAT. DE CAPTAÇÃO E PRODUÇÃO";"SOLUÇÃO";"RCGSP10071142";"OCGCP10696745";"FONNET COMERCIO DE EQUIPAMENTOS DE TELECOMUNICACOES LTDA";"RAFAEL LOPES ROSADO";"OPEN";"Aberto";"OPEN";"APPROVED";2026-07-07 00:00:00,000;"PLATAFORMAS DE PRODUÇÃO (TECNOLOGIA) - CONVERSOR DE NORMA: OBS. CRÍTICA COT SP - SFP PARA TESTES SP - TELLYCOM [SOLUÇÃO]";2026-07-01 00:00:00,000;2026-07-31 00:00:00,000;2026-07-31 00:00:00,000;845,88
"25927";"Conversor de norma: Obs. crítica COT SP";"victor.chagas@g.globo";"Plataformas De Produção";"PLAT. DE CAPTAÇÃO E PRODUÇÃO";"SOLUÇÃO";"RCGSP10073274";"";"LAN NETWORKS DISTRIBUIDORA LTDA";"PAULA CRISTINA CORREIA FRANCISCO MELO";"APPROVED";"Aberto";"APPROVED";"APPROVED";2026-08-28 00:00:00,000;"PLATAFORMAS DE PRODUÇÃO (TECNOLOGIA) - CONVERSOR DE NORMA: OBS. CRÍTICA COT SP - PATCH CORDS PARA MIGRAÇÃO DO COC PARA COT SP - LAN NETWORKS";2026-09-04 00:00:00,000;2026-09-09 00:00:00,000;;12874,5
"25927";"Conversor de norma: Obs. crítica COT SP";"victor.chagas@g.globo";"Plataformas De Produção";"PLAT. DE CAPTAÇÃO E PRODUÇÃO";"SOLUÇÃO";"RCGSP10074001";"OCGCP10724927";"EXBIZ INTERMEDIACAO DE NEGOCIOS TECNOLOGICOS LTDA";"CAROLINE LOPES MENDONCA";"CLOSED FOR RECEIVING";"Aberto";"CLOSED FOR RECEIVING";"APPROVED";2026-09-17 00:00:00,000;"PLATAFORMAS DE PRODUÇÃO (TECNOLOGIA) - CONVERSOR DE NORMA: OBS. CRÍTICA COT SP - MDO PARA MIGRAÇÃO DO COC PARA COT SP - EXBIZ";2026-09-17 00:00:00,000;2026-09-29 00:00:00,000;2026-09-29 00:00:00,000;5957,28
"29987";"Core IP BH";"rodrigo.ogura@g.globo";"Plataformas De Produção";"PLAT. DE CAPTAÇÃO E PRODUÇÃO";"SOLUÇÃO";"RCGMG10013257";"OCGCP10645865";"AD DIGITAL INTERNATIONAL CORP";"RAFAEL GOUVEIA DE SOUZA";"CLOSED FOR INVOICING";"Aberto";"CLOSED FOR INVOICING";"APPROVED";2026-03-06 00:00:00,000;"ISESC (TECNOLOGIA) - CORE IP BH - TRANSCEIVERS PARA INFRAESTRUTURA PARA INTERLIGAÇÃO DEVICES DO CORE IP BH - AD Digital [SOLUÇÃO]";2026-03-04 00:00:00,000;2026-04-02 00:00:00,000;2026-03-27 00:00:00,000;13959,78
"29987";"Core IP BH";"rodrigo.ogura@g.globo";"Plataformas De Produção";"PLAT. DE CAPTAÇÃO E PRODUÇÃO";"SOLUÇÃO";"RCGMG10013268";"OCGCP10656980";"GRASS VALLEY USA, LLC";"MARIANA GYBSON DE CARVALHO FONSECA";"OPEN";"Aberto";"OPEN";"APPROVED";2026-04-01 00:00:00,000;"ISESC (TECNOLOGIA) - CORE IP BH -AQUISIÇÃO DA SOLUÇÃO, COMISSIONAMENTO E SUPORTE DO MULTVIWER PARA O COT BH- GRASS VALLEY [SOLUÇÃO]";2026-09-14 00:00:00,000;2026-08-30 00:00:00,000;2026-08-30 00:00:00,000;398053,98
"29987";"Core IP BH";"rodrigo.ogura@g.globo";"Plataformas De Produção";"PLAT. DE CAPTAÇÃO E PRODUÇÃO";"SOLUÇÃO";"RCGMG10013268";"OCGCP10723506";"GRASS VALLEY AQUISICAO DE MEDIA LTDA.";"MARIANA GYBSON DE CARVALHO FONSECA";"CLOSED FOR RECEIVING";"Aberto";"CLOSED FOR RECEIVING";"APPROVED";2026-09-14 00:00:00,000;"ISESC (TECNOLOGIA) - CORE IP BH -AQUISIÇÃO DA SOLUÇÃO, COMISSIONAMENTO E SUPORTE DO MULTVIWER PARA O COT BH- GRASS VALLEY [SOLUÇÃO]";2026-09-14 00:00:00,000;2026-09-14 00:00:00,000;2026-09-14 00:00:00,000;420685,67
"29987";"Core IP BH";"rodrigo.ogura@g.globo";"Plataformas De Produção";"PLAT. DE CAPTAÇÃO E PRODUÇÃO";"SOLUÇÃO";"RCGMG10013426";"OCGCP10680528";"GRASS VALLEY AQUISICAO DE MEDIA LTDA.";"MARIANA GYBSON DE CARVALHO FONSECA";"PENDING APPROVAL";"Em aprovação";"PENDING APPROVAL";"APPROVED";2026-09-16 00:00:00,000;"PLATAFORMAS DE PRODUÇÃO (TECNOLOGIA) - CORE IP BH - AQUISIÇÃO DO SERVIÇO DE COMISSIONAMENTO DO CONJUNTO DE SWITCHS ARISTA PARA CORE IP DE BH - GRASS VALLEY/ARISTA [SOLUÇÃO].";2026-09-14 00:00:00,000;2026-09-03 00:00:00,000;2026-09-03 00:00:00,000;125706,76999999999
"29987";"Core IP BH";"rodrigo.ogura@g.globo";"Plataformas De Produção";"PLAT. DE CAPTAÇÃO E PRODUÇÃO";"SOLUÇÃO";"RCGMG10013428";"OCGCP10676922";"DELL COMPUTADORES DO BRASIL LTDA";"PAULA CRISTINA CORREIA FRANCISCO MELO";"CLOSED FOR RECEIVING";"Aberto";"CLOSED FOR RECEIVING";"APPROVED";2026-05-21 00:00:00,000;" PLATAFORMA DE PRODUÇÃO (TECNOLOGIA) - CORE IP BH - AQUISIÇÃO DE SERVIDORES PARA ACESSO REMOTO AO SISTEMA ORBIT - CORE IP BH - DELL [SOLUÇÃO]";2026-05-18 00:00:00,000;2026-05-27 00:00:00,000;2026-06-26 00:00:00,000;0,05
"29987";"Core IP BH";"rodrigo.ogura@g.globo";"Plataformas De Produção";"PLAT. DE CAPTAÇÃO E PRODUÇÃO";"SOLUÇÃO";"RCGMG10013461";"OCGCP10680528";"GRASS VALLEY AQUISICAO DE MEDIA LTDA.";"MARIANA GYBSON DE CARVALHO FONSECA";"PENDING APPROVAL";"Em aprovação";"PENDING APPROVAL";"APPROVED";2026-09-16 00:00:00,000;"PLATAFORMAS DE PRODUÇÃO (TECNOLOGIA) -CORE IP BH -AQUISIÇÃO DE SERVIÇOS DE COMISSIONAMENTO, SUPORTE E TREINAMENTO DO ORQUESTRADOR GV ORBIT PARA MATRIZ IP BH - GRASS VALLEY [SOLUÇÃO].";2026-09-16 00:00:00,000;2026-09-03 00:00:00,000;2026-09-03 00:00:00,000;110673,42
"29987";"Core IP BH";"rodrigo.ogura@g.globo";"Plataformas De Produção";"PLAT. DE CAPTAÇÃO E PRODUÇÃO";"SOLUÇÃO";"RCGMG10013461";"OCGCP10680528";"GRASS VALLEY AQUISICAO DE MEDIA LTDA.";"MARIANA GYBSON DE CARVALHO FONSECA";"PENDING APPROVAL";"Em aprovação";"PENDING APPROVAL";"APPROVED";2026-05-29 00:00:00,000;"PLATAFORMAS DE PRODUÇÃO (TECNOLOGIA) -CORE IP BH -AQUISIÇÃO DE SERVIÇOS DE COMISSIONAMENTO, SUPORTE E TREINAMENTO DO ORQUESTRADOR GV ORBIT PARA MATRIZ IP BH - GRASS VALLEY [SOLUÇÃO].";2026-09-16 00:00:00,000;2026-08-27 00:00:00,000;2026-08-27 00:00:00,000;464997,5799999999
"29987";"Core IP BH";"rodrigo.ogura@g.globo";"Plataformas De Produção";"PLAT. DE CAPTAÇÃO E PRODUÇÃO";"SOLUÇÃO";"RCGMG10013497";"OCGCP10659718";"ARAUJO ABREU ENGENHARIA LTDA";"JOSE MARIA AGUIAR AZEVEDO JUNIOR";"CLOSED FOR RECEIVING";"Aberto";"CLOSED FOR RECEIVING";"APPROVED";2026-04-08 00:00:00,000;"ISESC (TECNOLOGIA) - CORE IP BH - AQUISIÇÃO SERVIÇOS DE CIVIL E LIMPEZA APÓS A INSTALAÇÃO DA ELÉTRICA PARA CTEC 2 PARA CONSTRUÇÃO CORE IP BH - ARAUJO ABREU [SOLUÇÃO]";2026-04-06 00:00:00,000;2026-05-06 00:00:00,000;2026-05-06 00:00:00,000;1915,2
"29987";"Core IP BH";"rodrigo.ogura@g.globo";"Plataformas De Produção";"PLAT. DE CAPTAÇÃO E PRODUÇÃO";"SOLUÇÃO";"RCGMG10013569";"OCGCP10672561";"Arkona Technologies GmbH";"THAYSA ROCHA FERREIRA";"CLOSED FOR RECEIVING";"Aberto";"CLOSED FOR RECEIVING";"APPROVED";2026-05-11 00:00:00,000;"PLATAFORMAS DE PRODUÇÃO (TECNOLOGIA) - CORE IP BH- AQUISIÇÃO DE PROCESSADORES I/Os PARA CORE IP PARA O PARQUE BH - ARKONA/SAVANA [SOLUÇÃO]";2026-05-11 00:00:00,000;2026-08-25 00:00:00,000;2026-08-25 00:00:00,000;1187846,35
"29987";"Core IP BH";"rodrigo.ogura@g.globo";"Plataformas De Produção";"PLAT. DE CAPTAÇÃO E PRODUÇÃO";"SOLUÇÃO";"RCGMG10013603";"OCGCP10663887";"EMPARCON AR CONDICIONADO E VENTILACAO SC LTDA";"JOSE MARIA AGUIAR AZEVEDO JUNIOR";"CLOSED FOR RECEIVING";"Aberto";"CLOSED FOR RECEIVING";"APPROVED";2026-04-17 00:00:00,000;"ISESC (TECNOLOGIA) - CORE IP BH - AQUISIÇÃO DE SERVIÇO DE AR CONDICIONADO PARA REBALANÇEAMENTO DO SISTEMA HIDRODINAMICO PARA SALA CTEC 2 PARA CONSTRUÇÃO CORE IP BH - EMPARCON [SOLUÇÃO] 20260415_0276_1 - Marcelo Bouzan";2026-04-15 00:00:00,000;2026-04-15 00:00:00,000;2026-04-15 00:00:00,000;11900
"29987";"Core IP BH";"rodrigo.ogura@g.globo";"Plataformas De Produção";"PLAT. DE CAPTAÇÃO E PRODUÇÃO";"SOLUÇÃO";"RCGMG10014145";"OCGCP10700994";"NEWSCON SOLUCOES E COMERCIO DE TELEINFORMATICA LTDA";"CAROLINE LOPES MENDONCA";"CLOSED FOR RECEIVING";"Aberto";"CLOSED FOR RECEIVING";"APPROVED";2026-07-16 00:00:00,000;"PLATAFORMAS DE PRODUÇÃO (TECNOLOGIA) - CORE IP BH - MDO INSTALAÇÃO INTEGRAÇÃO BH - NEWSCON [SOLUÇÃO]";2026-07-16 00:00:00,000;2026-07-13 00:00:00,000;2026-07-13 00:00:00,000;53404,429999999993
"29987";"Core IP BH";"rodrigo.ogura@g.globo";"Plataformas De Produção";"PLAT. DE CAPTAÇÃO E PRODUÇÃO";"SOLUÇÃO";"RCGMG10014654";"";"MEINBERG FUNKUHREN GMBH CO KG";"VICTOR TAVARES MACHADO";"PENDING APPROVAL";"Em aprovação";"PENDING APPROVAL";"PENDING APPROVAL";2026-09-02 00:00:00,000;"PLATAFORMAS DE PRODUÇÃO (TECNOLOGIA) - CORE IP BH - AQUISIÇÃO DO NOVO SISTEMA DE REFERÊNCIA M3000 PARA CONSTRUÇÃO DO CORE IP BH - MEINBERG [SOLUÇÃO]";;2026-09-11 00:00:00,000;;0,36
"29987";"Core IP BH";"rodrigo.ogura@g.globo";"Plataformas De Produção";"PLAT. DE CAPTAÇÃO E PRODUÇÃO";"SOLUÇÃO";"RCGMG10014654";"";"MEINBERG FUNKUHREN GMBH CO KG";"SNEJANA MOISEI VIEIRA LIMA";"PENDING APPROVAL";"Em aprovação";"PENDING APPROVAL";"PENDING APPROVAL";2026-09-04 00:00:00,000;"PLATAFORMAS DE PRODUÇÃO (TECNOLOGIA) - CORE IP BH - AQUISIÇÃO DO NOVO SISTEMA DE REFERÊNCIA M3000 PARA CONSTRUÇÃO DO CORE IP BH - MEINBERG [SOLUÇÃO]";;2026-09-11 00:00:00,000;;0,18
"29987";"Core IP BH";"rodrigo.ogura@g.globo";"Plataformas De Produção";"PLAT. DE CAPTAÇÃO E PRODUÇÃO";"SOLUÇÃO";"RCGMG10014654";"";"MEINBERG FUNKUHREN GMBH CO KG";"THIAGO REIS COSTA";"PENDING APPROVAL";"Em aprovação";"PENDING APPROVAL";"PENDING APPROVAL";2026-08-31 00:00:00,000;"PLATAFORMAS DE PRODUÇÃO (TECNOLOGIA) - CORE IP BH - AQUISIÇÃO DO NOVO SISTEMA DE REFERÊNCIA M3000 PARA CONSTRUÇÃO DO CORE IP BH - MEINBERG [SOLUÇÃO]";;2026-09-11 00:00:00,000;;1,5499999999999998
"29987";"Core IP BH";"rodrigo.ogura@g.globo";"Plataformas De Produção";"PLAT. DE CAPTAÇÃO E PRODUÇÃO";"SOLUÇÃO";"RCGMG10014654";"";"MEINBERG FUNKUHREN GMBH CO KG";"VICTOR TAVARES MACHADO";"PENDING APPROVAL";"Em aprovação";"PENDING APPROVAL";"PENDING APPROVAL";2026-08-31 00:00:00,000;"PLATAFORMAS DE PRODUÇÃO (TECNOLOGIA) - CORE IP BH - AQUISIÇÃO DO NOVO SISTEMA DE REFERÊNCIA M3000 PARA CONSTRUÇÃO DO CORE IP BH - MEINBERG [SOLUÇÃO]";;2026-09-11 00:00:00,000;;330124,35
"29987";"Core IP BH";"rodrigo.ogura@g.globo";"Plataformas De Produção";"PLAT. DE CAPTAÇÃO E PRODUÇÃO";"SOLUÇÃO";"RCGMG10014846";"";"GRASS VALLEY USA, LLC";"SNEJANA MOISEI VIEIRA LIMA";"PENDING APPROVAL";"Em aprovação";"PENDING APPROVAL";"PENDING APPROVAL";2026-09-24 00:00:00,000;"PLATAFORMAS DE PRODUÇÃO (TECNOLOGIA) - CORE IP BH - AQUISIÇÃO DE LICENÇAS PARA O MULTIVIWER KALEIDO IP PARA O COT BH - GRASS VALLEY [SOLUÇÃO]";;2026-10-05 00:00:00,000;;20193,81
"29987";"Core IP BH";"rodrigo.ogura@g.globo";"Plataformas De Produção";"PLAT. DE CAPTAÇÃO E PRODUÇÃO";"INSTALAÇÃO";"RCGRJ10629718";"OCGCP10664183";"YOU CAST COMERCIO DE EQUIPAMENTOS ELETRONICOS LTDA";"CAROLINE LOPES MENDONCA";"CLOSED FOR RECEIVING";"Aberto";"CLOSED FOR RECEIVING";"APPROVED";2026-04-18 00:00:00,000;"PLATAFORMAS DE PRODUÇÃO (TECNOLOGIA) - CORE IP BH - INSTALAÇÃO - ID142026";2026-04-18 00:00:00,000;2026-04-23 00:00:00,000;2026-04-23 00:00:00,000;96662,68
"29987";"Core IP BH";"rodrigo.ogura@g.globo";"Plataformas De Produção";"PLAT. DE CAPTAÇÃO E PRODUÇÃO";"MDO";"RCGRJ10639504";"OCGCP10716505";"AD DIGITAL COMERCIO DE ELETRONICOS LTDA";"MONIQUE MALTA DA SILVA FERNANDES MACHADO";"CLOSED FOR RECEIVING";"Aberto";"CLOSED FOR RECEIVING";"APPROVED";2026-08-26 00:00:00,000;"PLATAFORMAS DE PRODUÇÃO (TECNOLOGIA) - CORE IP BH - OUTSOURCING - ID412026 - AD DIGITAL";2026-08-26 00:00:00,000;2026-05-20 00:00:00,000;2026-05-20 00:00:00,000;233464
"29987";"Core IP BH";"rodrigo.ogura@g.globo";"Plataformas De Produção";"PLAT. DE CAPTAÇÃO E PRODUÇÃO";"MDO";"RCGRJ10639671";"OCGCP10675332";"CROSSPOINT ELETRONICA LTDA";"MONIQUE MALTA DA SILVA FERNANDES MACHADO";"CLOSED FOR RECEIVING";"Aberto";"CLOSED FOR RECEIVING";"APPROVED";2026-05-18 00:00:00,000;"PLATAFORMAS DE PRODUÇÃO (TECNOLOGIA) - CORE IP BH - OUTSOURCING - ID582026 - CROSSPOINT";2026-05-18 00:00:00,000;2026-05-20 00:00:00,000;2026-05-20 00:00:00,000;134693,23
"29987";"Core IP BH";"rodrigo.ogura@g.globo";"Plataformas De Produção";"PLAT. DE CAPTAÇÃO E PRODUÇÃO";"SOLUÇÃO";"RCGRJ10654661";"OCGCP10672689";"Arkona Technologies GmbH";"MARIANA GYBSON DE CARVALHO FONSECA";"OPEN";"Aberto";"OPEN";"APPROVED";2026-06-23 00:00:00,000;"PLATAFORMAS DE PRODUÇÃO (TECNOLOGIA) - CORE IP BH- AQUISIÇÃO DE FRAME DOS PROCESSADORES I/Os PARA CORE IP E SOLUÇÃO ALL IN ONE PARA O PARQUE BH - ARKONA/SAVANA [SOLUÇÃO]";2026-06-05 00:00:00,000;2026-08-30 00:00:00,000;2026-08-30 00:00:00,000;28836,59
"29987";"Core IP BH";"rodrigo.ogura@g.globo";"Plataformas De Produção";"PLAT. DE CAPTAÇÃO E PRODUÇÃO";"RESERVA";"RCGRJ10662714";"OCGCP10703083";"ARRI Americas Inc";"MARIANA GYBSON DE CARVALHO FONSECA";"OPEN";"Aberto";"OPEN";"APPROVED";2026-07-21 00:00:00,000;"PLATAFORMAS DE PRODUÇÃO (TECNOLOGIA) - CORE IP BH - AQUISIÇÃO DE PEÇAS PARA REPARO EM REFLETOR ARRI LC-7";2026-07-16 00:00:00,000;2026-07-22 00:00:00,000;2026-10-15 00:00:00,000;79330,040000000008
"29987";"Core IP BH";"rodrigo.ogura@g.globo";"Plataformas De Produção";"PLAT. DE CAPTAÇÃO E PRODUÇÃO";"SOLUÇÃO";"RCGRJ10680224";"OCGCP10716702";"INGRAM MICRO BRASIL LTDA";"PAULA CRISTINA CORREIA FRANCISCO MELO";"OPEN";"Aberto";"OPEN";"APPROVED";2026-08-26 00:00:00,000;"PLATAFORMAS DE PRODUÇÃO (TECNOLOGIA) - CORE IP BH - AQUISIÇÃO DE TABLET PARA MONITORAMENTO E ROTEAMENTO DE SINAIS MX IP - APPLE [SOLUÇÃO]";2026-08-13 00:00:00,000;2026-08-14 00:00:00,000;2026-09-14 00:00:00,000;11220
"29987";"Core IP BH";"rodrigo.ogura@g.globo";"Plataformas De Produção";"PLAT. DE CAPTAÇÃO E PRODUÇÃO";"SOLUÇÃO";"RCGRJ10695630";"";"AD DIGITAL COMERCIO DE ELETRONICOS LTDA";"MONIQUE MALTA DA SILVA FERNANDES MACHADO";"PENDING APPROVAL";"Em aprovação";"PENDING APPROVAL";"PENDING APPROVAL";2026-09-25 00:00:00,000;"PLATAFORMAS DE PRODUÇÃO (TECNOLOGIA) - CORE IP BH - MDO - AD";;2026-10-07 00:00:00,000;;62938,1
"29987";"Core IP BH";"rodrigo.ogura@g.globo";"Plataformas De Produção";"PLAT. DE CAPTAÇÃO E PRODUÇÃO";"SOLUÇÃO";"RCGRJ10696147";"";"AD DIGITAL COMERCIO DE ELETRONICOS LTDA";"MONIQUE MALTA DA SILVA FERNANDES MACHADO";"PENDING APPROVAL";"Em aprovação";"PENDING APPROVAL";"PENDING APPROVAL";2026-09-28 00:00:00,000;"PLATAFORMAS DE PRODUÇÃO (TECNOLOGIA) - CORE IP BH - MDO - AD";;2026-10-06 00:00:00,000;;250000
"29987";"Core IP BH";"rodrigo.ogura@g.globo";"Plataformas De Produção";"PLAT. DE CAPTAÇÃO E PRODUÇÃO";"SOLUÇÃO";"RCGRJ10696162";"";"AD DIGITAL COMERCIO DE ELETRONICOS LTDA";"MONIQUE MALTA DA SILVA FERNANDES MACHADO";"PENDING APPROVAL";"Em aprovação";"PENDING APPROVAL";"PENDING APPROVAL";2026-09-28 00:00:00,000;"PLATAFORMAS DE PRODUÇÃO (TECNOLOGIA) - CORE IP BH - MDO - AD";;2026-10-08 00:00:00,000;;250000
"29987";"Core IP BH";"rodrigo.ogura@g.globo";"Plataformas De Produção";"PLAT. DE CAPTAÇÃO E PRODUÇÃO";"RESERVA";"RCGSP10070560";"";"";"BRUNO DOMINGOS SIMOES";"APPROVED";"Aberto";"APPROVED";"APPROVED";2026-06-16 00:00:00,000;"PLATAFORMAS DE PRODUÇÃO (TECNOLOGIA) - CORE IP BH - AQUISIÇÃO DE PEÇAS PARA MANUTENÇÃO CORRETIVA DO GRUA";2026-07-16 00:00:00,000;2026-07-14 00:00:00,000;;41888,31
"25929";"Core IP JB - Fase 1 (50% Parque JB)";"rodrigo.ogura@g.globo";"Plataformas De Produção";"PLAT. DE CAPTAÇÃO E PRODUÇÃO";"SOLUÇÃO";"RCGRJ10492615";"OCGCP10506262";"GRASS VALLEY AQUISICAO DE MEDIA LTDA.";"VANUZA APARECIDA PIANES COELHO";"CLOSED FOR RECEIVING";"Aberto";"CLOSED FOR RECEIVING";"APPROVED";2025-04-04 00:00:00,000;"ISESC (TECNOLOGIA) - CORE IP JB (FASE 1) - AQUISIÇÃO DA SOLUÇÃO, COMISSIONAMENTO E SUPORTE DO CORE IP PARA O JB - GRASS VALLEY [SOLUÇÃO]";2025-03-30 00:00:00,000;2025-04-25 00:00:00,000;2025-04-25 00:00:00,000;64990,64
"25929";"Core IP JB - Fase 1 (50% Parque JB)";"rodrigo.ogura@g.globo";"Plataformas De Produção";"PLAT. DE CAPTAÇÃO E PRODUÇÃO";"SOLUÇÃO";"RCGRJ10492615";"OCGCP10506473";"GRASS VALLEY AQUISICAO DE MEDIA LTDA.";"VANUZA APARECIDA PIANES COELHO";"CLOSED FOR RECEIVING";"Aberto";"CLOSED FOR RECEIVING";"APPROVED";2025-04-05 00:00:00,000;"ISESC (TECNOLOGIA) - CORE IP JB (FASE 1) - AQUISIÇÃO DA SOLUÇÃO, COMISSIONAMENTO E SUPORTE DO CORE IP PARA O JB - GRASS VALLEY [SOLUÇÃO]";2025-03-30 00:00:00,000;2025-04-25 00:00:00,000;2025-04-25 00:00:00,000;96636,74
"25929";"Core IP JB - Fase 1 (50% Parque JB)";"rodrigo.ogura@g.globo";"Plataformas De Produção";"PLAT. DE CAPTAÇÃO E PRODUÇÃO";"MDO";"RCGRJ10525245";"OCGCP10538118";"CROSSPOINT ELETRONICA LTDA";"MONIQUE MALTA DA SILVA FERNANDES MACHADO";"CLOSED FOR RECEIVING";"Aberto";"CLOSED FOR RECEIVING";"APPROVED";2025-06-13 00:00:00,000;"ISESC (TECNOLOGIA) - CORE IP JB - FASE 1 (50% PARQUE JB) - RESERVA MDO - CIS";2025-06-13 00:00:00,000;2025-07-10 00:00:00,000;2025-07-10 00:00:00,000;1888,66
"25929";"Core IP JB - Fase 1 (50% Parque JB)";"rodrigo.ogura@g.globo";"Plataformas De Produção";"PLAT. DE CAPTAÇÃO E PRODUÇÃO";"MDO";"RCGRJ10538750";"OCGCP10563091";"HITSS DO BRASIL SERVICOS TECNOLOGICOS LTDA";"JUAREZ AURELIO TORRES DA SILVA";"CLOSED FOR RECEIVING";"Aberto";"CLOSED FOR RECEIVING";"APPROVED";2025-08-12 00:00:00,000;"ISESC (TECNOLOGIA) - CORE IP JB - FASE 1 (50% PARQUE JB) - RESERVA MDO - RC10014 - HITSS DO BRASIL SERVICOS TECNOLOGICOS LTDA";2025-08-12 00:00:00,000;2025-08-14 00:00:00,000;2025-08-14 00:00:00,000;11853,32
"25929";"Core IP JB - Fase 1 (50% Parque JB)";"rodrigo.ogura@g.globo";"Plataformas De Produção";"PLAT. DE CAPTAÇÃO E PRODUÇÃO";"MDO";"RCGRJ10576479";"OCGCP10597014";"AD DIGITAL COMERCIO DE ELETRONICOS LTDA";"MONIQUE MALTA DA SILVA FERNANDES MACHADO";"CLOSED FOR RECEIVING";"Aberto";"CLOSED FOR RECEIVING";"APPROVED";2025-11-04 00:00:00,000;"ISESC (TECNOLOGIA) - CORE IP JB - FASE 1 (50% PARQUE JB) - RC2046 -  AD DIGITAL COMERCIO DE ELETRONICOS LTDA";2025-11-04 00:00:00,000;2025-11-26 00:00:00,000;2025-11-26 00:00:00,000;16586
"25929";"Core IP JB - Fase 1 (50% Parque JB)";"rodrigo.ogura@g.globo";"Plataformas De Produção";"PLAT. DE CAPTAÇÃO E PRODUÇÃO";"MDO";"RCGRJ10586414";"OCGCP10607702";"INSI DIGITAL EVOLUTION S.A";"RAFAEL RANGEL CASIMIRO";"CLOSED FOR RECEIVING";"Aberto";"CLOSED FOR RECEIVING";"APPROVED";2025-11-29 00:00:00,000;"ISESC (TECNOLOGIA) - CORE IP JB - FASE 1 (50% PARQUE JB) - RESERVA MDO - META SERVICOS EM INFORMATICA SA";2025-11-29 00:00:00,000;2025-12-24 00:00:00,000;2025-12-24 00:00:00,000;3141,98
"25929";"Core IP JB - Fase 1 (50% Parque JB)";"rodrigo.ogura@g.globo";"Plataformas De Produção";"PLAT. DE CAPTAÇÃO E PRODUÇÃO";"SOLUÇÃO";"RCGRJ10688755";"";"GRASS VALLEY USA, LLC";"MARIANA GYBSON DE CARVALHO FONSECA";"APPROVED";"Aberto";"APPROVED";"APPROVED";2026-09-08 00:00:00,000;"ISESC (TECNOLOGIA) - CORE IP JB (FASE 1) - AQUISIÇÃO DE PAINEIS DE CORTE DE SINAIS DA MATRIZ IP GV PARA CTRS/COT JB - GRASS VALLEY [SOLUÇÃO]";2026-09-24 00:00:00,000;2026-10-08 00:00:00,000;;9273,11
"25929";"Core IP JB - Fase 1 (50% Parque JB)";"rodrigo.ogura@g.globo";"Plataformas De Produção";"PLAT. DE CAPTAÇÃO E PRODUÇÃO";"SOLUÇÃO";"RCGRJ10688755";"";"GRASS VALLEY USA, LLC";"MARIANA GYBSON DE CARVALHO FONSECA";"APPROVED";"Aberto";"APPROVED";"APPROVED";2026-09-17 00:00:00,000;"ISESC (TECNOLOGIA) - CORE IP JB (FASE 1) - AQUISIÇÃO DE PAINEIS DE CORTE DE SINAIS DA MATRIZ IP GV PARA CTRS/COT JB - GRASS VALLEY [SOLUÇÃO]";2026-09-24 00:00:00,000;2026-09-30 00:00:00,000;;59348,18
"30608";"Core IP JB - Fase 2 de 3";"rodrigo.ogura@g.globo";"Plataformas De Produção";"PLAT. DE CAPTAÇÃO E PRODUÇÃO";"SOLUÇÃO";"RCGRJ10620626";"OCGCP10645165";"YOU CAST COMERCIO DE EQUIPAMENTOS ELETRONICOS LTDA";"CAROLINE LOPES MENDONCA";"CLOSED FOR RECEIVING";"Aberto";"CLOSED FOR RECEIVING";"APPROVED";2026-03-05 00:00:00,000;"ISESC (TECNOLOGIA) - CORE IP JB FASE 2 e 3 - ""AQUISIÇÃO DE SERVIÇO DE FUSÃO DE INFRAESTRUTURA DE FIBRAS PARA CONSTRUÇÃO DE REDE DE MÍDIAS. CONSTRUÇÃO DE CTRS e DC-2 - YOU CAST COM. DE EQUIP. ELETRONICOS LTDA [SOLUÇÃO]""";2026-03-05 00:00:00,000;2026-04-01 00:00:00,000;2026-04-01 00:00:00,000;36594,44
"30608";"Core IP JB - Fase 2 de 3";"rodrigo.ogura@g.globo";"Plataformas De Produção";"PLAT. DE CAPTAÇÃO E PRODUÇÃO";"INSTALAÇÃO";"RCGRJ10629706";"OCGCP10675303";"NEWSCON SOLUCOES E COMERCIO DE TELEINFORMATICA LTDA";"CAROLINE LOPES MENDONCA";"CLOSED FOR RECEIVING";"Aberto";"CLOSED FOR RECEIVING";"APPROVED";2026-05-18 00:00:00,000;"PLATAFORMAS DE PRODUÇÃO (TECNOLOGIA) - CORE IP JB - FASE 2 DE 3 - INSTALAÇÃO - ID102026";2026-05-18 00:00:00,000;2026-04-29 00:00:00,000;2026-04-29 00:00:00,000;83364,89
"30608";"Core IP JB - Fase 2 de 3";"rodrigo.ogura@g.globo";"Plataformas De Produção";"PLAT. DE CAPTAÇÃO E PRODUÇÃO";"INSTALAÇÃO";"RCGRJ10629721";"OCGCP10701315";"YOU CAST COMERCIO DE EQUIPAMENTOS ELETRONICOS LTDA";"CAROLINE LOPES MENDONCA";"INCOMPLETE";"Aberto";"OC em aprovação";"APPROVED";2026-07-17 00:00:00,000;"PLATAFORMAS DE PRODUÇÃO (TECNOLOGIA) - CORE IP JB - FASE 2 DE 3 - INSTALAÇÃO - ID132026";2026-07-17 00:00:00,000;2026-06-24 00:00:00,000;2026-06-24 00:00:00,000;196000
"30608";"Core IP JB - Fase 2 de 3";"rodrigo.ogura@g.globo";"Plataformas De Produção";"PLAT. DE CAPTAÇÃO E PRODUÇÃO";"MDO";"RCGRJ10639509";"OCGCP10675337";"AD DIGITAL COMERCIO DE ELETRONICOS LTDA";"MONIQUE MALTA DA SILVA FERNANDES MACHADO";"CLOSED FOR RECEIVING";"Aberto";"CLOSED FOR RECEIVING";"APPROVED";2026-05-18 00:00:00,000;"PLATAFORMAS DE PRODUÇÃO (TECNOLOGIA) - CORE IP JB - FASE 2 DE 3 - OUTSOURCING - ID382026 - AD DIGITAL";2026-05-18 00:00:00,000;2026-05-20 00:00:00,000;2026-05-20 00:00:00,000;177761,58
"30608";"Core IP JB - Fase 2 de 3";"rodrigo.ogura@g.globo";"Plataformas De Produção";"PLAT. DE CAPTAÇÃO E PRODUÇÃO";"SOLUÇÃO";"RCGRJ10664812";"OCGCP10710582";"GRASS VALLEY USA, LLC";"MARIANA GYBSON DE CARVALHO FONSECA";"OPEN";"Aberto";"OPEN";"APPROVED";2026-08-11 00:00:00,000;"PLATAFORMAS DE PRODUÇÃO (TECNOLOGIA) - CORE IP JB - DC 2 - AQUISIÇÃO DO CONJUNTO DE SWITCHS ARISTA PARA CORE IP JB (FASE 2) - GRASS VALLEY/ARISTA [SOLUÇÃO]";2026-07-10 00:00:00,000;2026-07-26 00:00:00,000;2026-12-31 00:00:00,000;770488,74
"30608";"Core IP JB - Fase 2 de 3";"rodrigo.ogura@g.globo";"Plataformas De Produção";"PLAT. DE CAPTAÇÃO E PRODUÇÃO";"SOLUÇÃO";"RCGRJ10664812";"OCGCP10710582";"GRASS VALLEY USA, LLC";"MARIANA GYBSON DE CARVALHO FONSECA";"OPEN";"Aberto";"OPEN";"APPROVED";2026-08-11 00:00:00,000;"PLATAFORMAS DE PRODUÇÃO (TECNOLOGIA) - CORE IP JB - DC 2 - AQUISIÇÃO DO CONJUNTO DE SWITCHS ARISTA PARA CORE IP JB (FASE 2) - GRASS VALLEY/ARISTA [SOLUÇÃO]";2026-07-10 00:00:00,000;2026-07-26 00:00:00,000;2026-10-30 00:00:00,000;810181,44
"30608";"Core IP JB - Fase 2 de 3";"rodrigo.ogura@g.globo";"Plataformas De Produção";"PLAT. DE CAPTAÇÃO E PRODUÇÃO";"SOLUÇÃO";"RCGRJ10664812";"OCGCP10710582";"GRASS VALLEY USA, LLC";"MARIANA GYBSON DE CARVALHO FONSECA";"OPEN";"Aberto";"OPEN";"APPROVED";2026-08-11 00:00:00,000;"PLATAFORMAS DE PRODUÇÃO (TECNOLOGIA) - CORE IP JB - DC 2 - AQUISIÇÃO DO CONJUNTO DE SWITCHS ARISTA PARA CORE IP JB (FASE 2) - GRASS VALLEY/ARISTA [SOLUÇÃO]";2026-07-10 00:00:00,000;2026-08-01 00:00:00,000;2026-08-01 00:00:00,000;256963,16999999998
"30608";"Core IP JB - Fase 2 de 3";"rodrigo.ogura@g.globo";"Plataformas De Produção";"PLAT. DE CAPTAÇÃO E PRODUÇÃO";"SOLUÇÃO";"RCGRJ10664812";"OCGCP10710582";"GRASS VALLEY USA, LLC";"MARIANA GYBSON DE CARVALHO FONSECA";"OPEN";"Aberto";"OPEN";"APPROVED";2026-08-11 00:00:00,000;"PLATAFORMAS DE PRODUÇÃO (TECNOLOGIA) - CORE IP JB - DC 2 - AQUISIÇÃO DO CONJUNTO DE SWITCHS ARISTA PARA CORE IP JB (FASE 2) - GRASS VALLEY/ARISTA [SOLUÇÃO]";2026-07-10 00:00:00,000;2026-07-26 00:00:00,000;2026-07-26 00:00:00,000;86294,5
"30608";"Core IP JB - Fase 2 de 3";"rodrigo.ogura@g.globo";"Plataformas De Produção";"PLAT. DE CAPTAÇÃO E PRODUÇÃO";"SOLUÇÃO";"RCGRJ10666272";"";"GRASS VALLEY USA, LLC";"MARIANA GYBSON DE CARVALHO FONSECA";"APPROVED";"Aberto";"APPROVED";"APPROVED";2026-07-02 00:00:00,000;"PLATAFORMAS DE PRODUÇÃO (TECNOLOGIA) - CORE IP JB (FASE 2 DE 3) - AQUISIÇÃO DE PAINEIS DE CORTE DE SINAIS DA MATRIZ IP GV PARA DC-2/COT JB - GRASS VALLEY [SOLUÇÃO]";2026-09-03 00:00:00,000;2026-08-01 00:00:00,000;;786069,32
"30608";"Core IP JB - Fase 2 de 3";"rodrigo.ogura@g.globo";"Plataformas De Produção";"PLAT. DE CAPTAÇÃO E PRODUÇÃO";"SOLUÇÃO";"RCGRJ10696170";"";"AD DIGITAL COMERCIO DE ELETRONICOS LTDA";"MONIQUE MALTA DA SILVA FERNANDES MACHADO";"PENDING APPROVAL";"Em aprovação";"PENDING APPROVAL";"PENDING APPROVAL";2026-09-28 00:00:00,000;"PLATAFORMAS DE PRODUÇÃO (TECNOLOGIA) - CORE IP JB - FASE 2 DE 3 - MDO - AD";;2026-10-06 00:00:00,000;;250000
"30608";"Core IP JB - Fase 2 de 3";"rodrigo.ogura@g.globo";"Plataformas De Produção";"PLAT. DE CAPTAÇÃO E PRODUÇÃO";"SOLUÇÃO";"RCGRJ10696178";"";"AD DIGITAL COMERCIO DE ELETRONICOS LTDA";"MONIQUE MALTA DA SILVA FERNANDES MACHADO";"PENDING APPROVAL";"Em aprovação";"PENDING APPROVAL";"PENDING APPROVAL";2026-09-28 00:00:00,000;"PLATAFORMAS DE PRODUÇÃO (TECNOLOGIA) - CORE IP JB - FASE 2 DE 3 - MDO - AD";;2026-10-07 00:00:00,000;;250000
"30608";"Core IP JB - Fase 2 de 3";"rodrigo.ogura@g.globo";"Plataformas De Produção";"PLAT. DE CAPTAÇÃO E PRODUÇÃO";"SOLUÇÃO";"RCGRJ10696242";"";"AD DIGITAL COMERCIO DE ELETRONICOS LTDA";"MONIQUE MALTA DA SILVA FERNANDES MACHADO";"PENDING APPROVAL";"Em aprovação";"PENDING APPROVAL";"PENDING APPROVAL";2026-09-28 00:00:00,000;"PLATAFORMAS DE PRODUÇÃO (TECNOLOGIA) - CORE IP JB - FASE 2 DE 3 - MDO - AD";;2026-10-07 00:00:00,000;;250000
"30608";"Core IP JB - Fase 2 de 3";"rodrigo.ogura@g.globo";"Plataformas De Produção";"PLAT. DE CAPTAÇÃO E PRODUÇÃO";"SOLUÇÃO";"RCGRJ10696244";"";"AD DIGITAL COMERCIO DE ELETRONICOS LTDA";"MONIQUE MALTA DA SILVA FERNANDES MACHADO";"PENDING APPROVAL";"Em aprovação";"PENDING APPROVAL";"PENDING APPROVAL";2026-09-28 00:00:00,000;"PLATAFORMAS DE PRODUÇÃO (TECNOLOGIA) - CORE IP JB - FASE 2 DE 3 - MDO - AD";;2026-10-07 00:00:00,000;;250000
"30608";"Core IP JB - Fase 2 de 3";"rodrigo.ogura@g.globo";"Plataformas De Produção";"PLAT. DE CAPTAÇÃO E PRODUÇÃO";"SOLUÇÃO";"RCGRJ10696678";"";"EXBIZ INTERMEDIACAO DE NEGOCIOS TECNOLOGICOS LTDA";"CAROLINE MENDONCA";"PENDING APPROVAL";"Em aprovação";"PENDING APPROVAL";"PENDING APPROVAL";2026-09-29 00:00:00,000;"PLATAFORMA DE PRODUÇÃO - CORE IP JB - FASE 2 DE 3 - MDO - EXBIZ";;2026-10-29 00:00:00,000;;54000
"30785";"Desativação Gradeweb (migração para o Guia)";"alessandror@g.globo";"Plataformas De Produção";"PLAT. DE METADADOS E MÍDIAS";"SOLUÇÃO";"RCGRJ10665707";"OCGCP10695904";"HADRONS TECNOLOGIA LTDA";"PAULA REGIS QUEIROZ AFONSO MUNIZ";"CLOSED FOR RECEIVING";"Aberto";"CLOSED FOR RECEIVING";"APPROVED";2026-07-06 00:00:00,000;"PROJETO DESATIVAÇÃO GRADEWEB – ALOCAÇÂO DE MOT (6 MESES) – STORM | HADRONS";2026-07-06 00:00:00,000;2026-07-30 00:00:00,000;2026-07-30 00:00:00,000;75000
"30786";"Desenvolvimento do Hub de Direitos";"rmonteiro@g.globo";"Plataformas De Produção";"PLAT. DE METADADOS E MÍDIAS";"MDO";"RCGRJ10639876";"OCGCP10665891";"HITSS DO BRASIL SERVICOS TECNOLOGICOS LTDA";"JUAREZ AURELIO TORRES DA SILVA";"CLOSED FOR RECEIVING";"Aberto";"CLOSED FOR RECEIVING";"APPROVED";2026-04-24 00:00:00,000;"PLATAFORMAS DE PRODUÇÃO (TECNOLOGIA) - DESENVOLVIMENTO DO HUB DE DIREITOS - OUTSOURCING - ID1012026 - HITSS";2026-04-24 00:00:00,000;2026-05-20 00:00:00,000;2026-05-20 00:00:00,000;19999,45
"30786";"Desenvolvimento do Hub de Direitos";"rmonteiro@g.globo";"Plataformas De Produção";"PLAT. DE METADADOS E MÍDIAS";"SOLUÇÃO";"RCGRJ10649998";"OCGCP10678339";"SYS MANAGER INFORMATICA LTDA";"JUAREZ AURELIO TORRES DA SILVA";"CLOSED FOR RECEIVING";"Aberto";"CLOSED FOR RECEIVING";"APPROVED";2026-05-25 00:00:00,000;"Plataforma de Mídia e Metadados – Sysmanager – Alocação de 2 Desenvolvedores PL por 8 meses (mai a dez/26) para a construção do Hub de Direitos";2026-05-25 00:00:00,000;2026-06-18 00:00:00,000;2026-06-18 00:00:00,000;52219
"32001";"Escritório Londres";"victor.chagas@g.globo";"Plataformas De Produção";"PLAT. DE CAPTAÇÃO E PRODUÇÃO";"SOLUÇÃO";"RCGRJ10658181";"OCGCP10699935";"Dell Corporation Limited";"PAULA CRISTINA CORREIA FRANCISCO MELO";"OPEN";"Aberto";"OPEN";"APPROVED";2026-07-14 00:00:00,000;"PLATAFORMAS DE PRODUÇÃO (TECNOLOGIA)  - ESCRITÓRIO LONDRES - MONITORES PARA NOVO ESCRITÓRIO - DELL [SOLUÇÃO]";2026-06-10 00:00:00,000;2026-07-10 00:00:00,000;2026-08-03 00:00:00,000;19671,11
"32001";"Escritório Londres";"victor.chagas@g.globo";"Plataformas De Produção";"PLAT. DE CAPTAÇÃO E PRODUÇÃO";"SOLUÇÃO";"RCGRJ10658200";"OCGCP10704818";"VIDEOLINEA SYSTEM SNC";"RAFAEL LOPES ROSADO";"OPEN";"Aberto";"OPEN";"APPROVED";2026-07-27 00:00:00,000;"PLATAFORMAS DE PRODUÇÃO (TECNOLOGIA)  - ESCRITÓRIO LONDRES -INTERFACES DE ÁUDIO PARA NOVO ESCRITÓRIO - FOCUSRITE [SOLUÇÃO]";2026-07-20 00:00:00,000;2026-08-10 00:00:00,000;2026-08-24 00:00:00,000;2524
"32001";"Escritório Londres";"victor.chagas@g.globo";"Plataformas De Produção";"PLAT. DE CAPTAÇÃO E PRODUÇÃO";"SOLUÇÃO";"RCGRJ10658210";"OCGCP10704818";"VIDEOLINEA SYSTEM SNC";"RAFAEL LOPES ROSADO";"OPEN";"Aberto";"OPEN";"APPROVED";2026-07-27 00:00:00,000;"PLATAFORMAS DE PRODUÇÃO (TECNOLOGIA)  - ESCRITÓRIO LONDRES - KIT MICROFONE DE BOOM PARA NOVO ESCRITÓRIO - SHURE [SOLUÇÃO]";2026-07-20 00:00:00,000;2026-08-10 00:00:00,000;2026-08-24 00:00:00,000;2988,18
"32001";"Escritório Londres";"victor.chagas@g.globo";"Plataformas De Produção";"PLAT. DE CAPTAÇÃO E PRODUÇÃO";"SOLUÇÃO";"RCGRJ10658216";"OCGCP10704818";"VIDEOLINEA SYSTEM SNC";"RAFAEL LOPES ROSADO";"OPEN";"Aberto";"OPEN";"APPROVED";2026-07-27 00:00:00,000;"PLATAFORMAS DE PRODUÇÃO (TECNOLOGIA)  - ESCRITÓRIO LONDRES - CABO HDMI PARA NOVO ESCRITÓRIO - UGREEN [SOLUÇÃO]";2026-07-20 00:00:00,000;2026-08-10 00:00:00,000;2026-08-24 00:00:00,000;812,32
"32001";"Escritório Londres";"victor.chagas@g.globo";"Plataformas De Produção";"PLAT. DE CAPTAÇÃO E PRODUÇÃO";"SOLUÇÃO";"RCGRJ10658224";"OCGCP10703632";"ALL GLOBAL";"RAFAEL LOPES ROSADO";"OPEN";"Aberto";"OPEN";"APPROVED";2026-07-22 00:00:00,000;"PLATAFORMAS DE PRODUÇÃO (TECNOLOGIA)  - ESCRITÓRIO LONDRES - ESTRUTURAS DE RACK PARA NOVO ESCRITÓRIO - THOMANN [SOLUÇÃO]";2026-07-20 00:00:00,000;2026-08-10 00:00:00,000;2026-08-24 00:00:00,000;1053,27
"32001";"Escritório Londres";"victor.chagas@g.globo";"Plataformas De Produção";"PLAT. DE CAPTAÇÃO E PRODUÇÃO";"SOLUÇÃO";"RCGRJ10658224";"OCGCP10704818";"VIDEOLINEA SYSTEM SNC";"RAFAEL LOPES ROSADO";"OPEN";"Aberto";"OPEN";"APPROVED";2026-07-27 00:00:00,000;"PLATAFORMAS DE PRODUÇÃO (TECNOLOGIA)  - ESCRITÓRIO LONDRES - ESTRUTURAS DE RACK PARA NOVO ESCRITÓRIO - THOMANN [SOLUÇÃO]";2026-07-20 00:00:00,000;2026-08-10 00:00:00,000;2026-08-24 00:00:00,000;2611,04
"32001";"Escritório Londres";"victor.chagas@g.globo";"Plataformas De Produção";"PLAT. DE CAPTAÇÃO E PRODUÇÃO";"SOLUÇÃO";"RCGRJ10658238";"OCGCP10699157";"AMAZON COM";"PAULA CRISTINA CORREIA FRANCISCO MELO";"OPEN";"Aberto";"OPEN";"APPROVED";2026-07-13 00:00:00,000;"PLATAFORMAS DE PRODUÇÃO (TECNOLOGIA)  - ESCRITÓRIO LONDRES - ARMAZENAMENTO DA SOLUÇÃO NAS PARA NOVO ESCRITÓRIO - [SOLUÇÃO]";2026-06-26 00:00:00,000;2026-07-26 00:00:00,000;2026-07-26 00:00:00,000;11835,59
"32001";"Escritório Londres";"victor.chagas@g.globo";"Plataformas De Produção";"PLAT. DE CAPTAÇÃO E PRODUÇÃO";"SOLUÇÃO";"RCGRJ10658238";"OCGCP10699157";"AMAZON COM";"PAULA CRISTINA CORREIA FRANCISCO MELO";"OPEN";"Aberto";"OPEN";"APPROVED";2026-07-13 00:00:00,000;"PLATAFORMAS DE PRODUÇÃO (TECNOLOGIA)  - ESCRITÓRIO LONDRES - ARMAZENAMENTO DA SOLUÇÃO NAS PARA NOVO ESCRITÓRIO - [SOLUÇÃO]";2026-06-26 00:00:00,000;2026-07-10 00:00:00,000;2026-07-10 00:00:00,000;15123,25
"32001";"Escritório Londres";"victor.chagas@g.globo";"Plataformas De Produção";"PLAT. DE CAPTAÇÃO E PRODUÇÃO";"SOLUÇÃO";"RCGRJ10658253";"OCGCP10702241";"QI ENTERTAINMENT LLC";"RAFAEL LOPES ROSADO";"OPEN";"Aberto";"OPEN";"APPROVED";2026-07-20 00:00:00,000;"PLATAFORMAS DE PRODUÇÃO (TECNOLOGIA)  - ESCRITÓRIO LONDRES - CAIXA DE SOM GENELEC PARA NOVO ESCRITÓRIO - THOMANN [SOLUÇÃO]";2026-07-20 00:00:00,000;2026-08-10 00:00:00,000;2026-08-24 00:00:00,000;10077,01
"32001";"Escritório Londres";"victor.chagas@g.globo";"Plataformas De Produção";"PLAT. DE CAPTAÇÃO E PRODUÇÃO";"SOLUÇÃO";"RCGRJ10658262";"OCGCP10704818";"VIDEOLINEA SYSTEM SNC";"RAFAEL LOPES ROSADO";"OPEN";"Aberto";"OPEN";"APPROVED";2026-07-27 00:00:00,000;"PLATAFORMAS DE PRODUÇÃO (TECNOLOGIA)  - ESCRITÓRIO LONDRES - KIT TRIPÉ DE CÂMERAS PARA NOVO ESCRITÓRIO - MANFROTTO [SOLUÇÃO]";2026-07-17 00:00:00,000;2026-08-10 00:00:00,000;2026-08-24 00:00:00,000;1682,67
"32001";"Escritório Londres";"victor.chagas@g.globo";"Plataformas De Produção";"PLAT. DE CAPTAÇÃO E PRODUÇÃO";"SOLUÇÃO";"RCGRJ10658264";"OCGCP10695166";"SONY LATIN AMERICA INC";"BRUNO DOMINGOS SIMOES";"OPEN";"Aberto";"OPEN";"APPROVED";2026-07-08 00:00:00,000;"PLATAFORMAS DE PRODUÇÃO (TECNOLOGIA)  - ESCRITÓRIO LONDRES - KIT DE CÂMERA PARA NOVO ESCRITÓRIO - SONY [SOLUÇÃO]";2026-06-15 00:00:00,000;2026-07-10 00:00:00,000;2026-11-10 00:00:00,000;16211,1
"32001";"Escritório Londres";"victor.chagas@g.globo";"Plataformas De Produção";"PLAT. DE CAPTAÇÃO E PRODUÇÃO";"SOLUÇÃO";"RCGRJ10658264";"OCGCP10695166";"SONY LATIN AMERICA INC";"BRUNO DOMINGOS SIMOES";"OPEN";"Aberto";"OPEN";"APPROVED";2026-07-02 00:00:00,000;"PLATAFORMAS DE PRODUÇÃO (TECNOLOGIA)  - ESCRITÓRIO LONDRES - KIT DE CÂMERA PARA NOVO ESCRITÓRIO - SONY [SOLUÇÃO]";2026-06-15 00:00:00,000;2026-07-10 00:00:00,000;2026-11-10 00:00:00,000;27844,6
"32001";"Escritório Londres";"victor.chagas@g.globo";"Plataformas De Produção";"PLAT. DE CAPTAÇÃO E PRODUÇÃO";"SOLUÇÃO";"RCGRJ10663681";"OCGCP10701242";"AMAZON COM";"RAFAEL LOPES ROSADO";"OPEN";"Aberto";"OPEN";"APPROVED";2026-07-16 00:00:00,000;"PLATAFORMAS DE PRODUÇÃO (TECNOLOGIA) - ESCRITÓRIO LONDRES - FERRAMENTAS PARA INTEGRAÇÃO";2026-07-20 00:00:00,000;2026-08-03 00:00:00,000;2026-08-03 00:00:00,000;3386,05
"32001";"Escritório Londres";"victor.chagas@g.globo";"Plataformas De Produção";"PLAT. DE CAPTAÇÃO E PRODUÇÃO";"SOLUÇÃO";"RCGRJ10663681";"OCGCP10701242";"AMAZON COM";"RAFAEL LOPES ROSADO";"OPEN";"Aberto";"OPEN";"APPROVED";2026-07-20 00:00:00,000;"PLATAFORMAS DE PRODUÇÃO (TECNOLOGIA) - ESCRITÓRIO LONDRES - FERRAMENTAS PARA INTEGRAÇÃO";2026-07-20 00:00:00,000;2026-08-03 00:00:00,000;2026-08-03 00:00:00,000;966,48
"32001";"Escritório Londres";"victor.chagas@g.globo";"Plataformas De Produção";"PLAT. DE CAPTAÇÃO E PRODUÇÃO";"SOLUÇÃO";"RCGRJ10663878";"OCGCP10704818";"VIDEOLINEA SYSTEM SNC";"RAFAEL LOPES ROSADO";"OPEN";"Aberto";"OPEN";"APPROVED";2026-07-27 00:00:00,000;"PLATAFORMAS DE PRODUÇÃO (TECNOLOGIA) - ESCRITÓRIO LONDRES - MATERIAL PARA INTEGRAÇÃO";2026-07-20 00:00:00,000;2026-08-03 00:00:00,000;2026-08-24 00:00:00,000;3075,22
"32001";"Escritório Londres";"victor.chagas@g.globo";"Plataformas De Produção";"PLAT. DE CAPTAÇÃO E PRODUÇÃO";"SOLUÇÃO";"RCGRJ10663878";"OCGCP10704818";"VIDEOLINEA SYSTEM SNC";"RAFAEL LOPES ROSADO";"OPEN";"Aberto";"OPEN";"APPROVED";2026-07-27 00:00:00,000;"PLATAFORMAS DE PRODUÇÃO (TECNOLOGIA) - ESCRITÓRIO LONDRES - MATERIAL PARA INTEGRAÇÃO";2026-07-20 00:00:00,000;2026-07-25 00:00:00,000;2026-08-24 00:00:00,000;261,1
"32001";"Escritório Londres";"victor.chagas@g.globo";"Plataformas De Produção";"PLAT. DE CAPTAÇÃO E PRODUÇÃO";"SOLUÇÃO";"RCGRJ10663878";"OCGCP10703632";"ALL GLOBAL";"RAFAEL LOPES ROSADO";"OPEN";"Aberto";"OPEN";"APPROVED";2026-07-22 00:00:00,000;"PLATAFORMAS DE PRODUÇÃO (TECNOLOGIA) - ESCRITÓRIO LONDRES - MATERIAL PARA INTEGRAÇÃO";2026-07-20 00:00:00,000;2026-08-03 00:00:00,000;2026-08-24 00:00:00,000;7236,1799999999994
"32001";"Escritório Londres";"victor.chagas@g.globo";"Plataformas De Produção";"PLAT. DE CAPTAÇÃO E PRODUÇÃO";"SOLUÇÃO";"RCGRJ10664713";"OCGCP10700407";"YOU CAST COMERCIO DE EQUIPAMENTOS ELETRONICOS LTDA";"PAULA CRISTINA CORREIA FRANCISCO MELO";"OPEN";"Aberto";"OPEN";"APPROVED";2026-07-15 00:00:00,000;"PLATAFORMAS DE PRODUÇÃO (TECNOLOGIA) - ESCRITÓRIO LONDRES - SETUP BOX PARA CATV";2026-07-14 00:00:00,000;2026-07-26 00:00:00,000;2026-08-12 00:00:00,000;9942,75
"32001";"Escritório Londres";"victor.chagas@g.globo";"Plataformas De Produção";"PLAT. DE CAPTAÇÃO E PRODUÇÃO";"SOLUÇÃO";"RCGRJ10665362";"OCGCP10704818";"VIDEOLINEA SYSTEM SNC";"RAFAEL LOPES ROSADO";"OPEN";"Aberto";"OPEN";"APPROVED";2026-07-27 00:00:00,000;"PLATAFORMAS DE PRODUÇÃO (TECNOLOGIA)  - ESCRITÓRIO LONDRES - INTERFACE DE ÁUDIO PARA O NOVO ESCRITÓRIO - FOCUSRITE [SOLUÇÃO]";2026-07-17 00:00:00,000;2026-08-10 00:00:00,000;2026-08-24 00:00:00,000;841,33
"32001";"Escritório Londres";"victor.chagas@g.globo";"Plataformas De Produção";"PLAT. DE CAPTAÇÃO E PRODUÇÃO";"SOLUÇÃO";"RCGRJ10665367";"OCGCP10704818";"VIDEOLINEA SYSTEM SNC";"RAFAEL LOPES ROSADO";"OPEN";"Aberto";"OPEN";"APPROVED";2026-07-27 00:00:00,000;"PLATAFORMAS DE PRODUÇÃO (TECNOLOGIA)  - ESCRITÓRIO LONDRES - SPLITTER HDMI PARA O NOVO ESCRITÓRIO - FOCUSRITE [SOLUÇÃO]";2026-07-20 00:00:00,000;2026-07-30 00:00:00,000;2026-08-24 00:00:00,000;2204,87
"32001";"Escritório Londres";"victor.chagas@g.globo";"Plataformas De Produção";"PLAT. DE CAPTAÇÃO E PRODUÇÃO";"SOLUÇÃO";"RCGRJ10665373";"OCGCP10704818";"VIDEOLINEA SYSTEM SNC";"RAFAEL LOPES ROSADO";"OPEN";"Aberto";"OPEN";"APPROVED";2026-07-27 00:00:00,000;"PLATAFORMAS DE PRODUÇÃO (TECNOLOGIA)  - ESCRITÓRIO LONDRES - CONVERSORES PARA O NOVO ESCRITÓRIO - BLACKMAGIC [SOLUÇÃO]";2026-07-20 00:00:00,000;2026-08-03 00:00:00,000;2026-08-24 00:00:00,000;3626,44
"32001";"Escritório Londres";"victor.chagas@g.globo";"Plataformas De Produção";"PLAT. DE CAPTAÇÃO E PRODUÇÃO";"SOLUÇÃO";"RCGRJ10665373";"OCGCP10704818";"VIDEOLINEA SYSTEM SNC";"RAFAEL LOPES ROSADO";"OPEN";"Aberto";"OPEN";"APPROVED";2026-07-27 00:00:00,000;"PLATAFORMAS DE PRODUÇÃO (TECNOLOGIA)  - ESCRITÓRIO LONDRES - CONVERSORES PARA O NOVO ESCRITÓRIO - BLACKMAGIC [SOLUÇÃO]";2026-07-20 00:00:00,000;2026-07-30 00:00:00,000;2026-08-24 00:00:00,000;2262,9
"32001";"Escritório Londres";"victor.chagas@g.globo";"Plataformas De Produção";"PLAT. DE CAPTAÇÃO E PRODUÇÃO";"SOLUÇÃO";"RCGRJ10665381";"OCGCP10707650";"Dell Corporation Limited";"RAFAEL LOPES ROSADO";"OPEN";"Aberto";"OPEN";"APPROVED";2026-08-04 00:00:00,000;"PLATAFORMAS DE PRODUÇÃO (TECNOLOGIA)  - ESCRITÓRIO LONDRES - MONITORES, TECLADOS E MOUSES PARA O NOVO ESCRITÓRIO - DELL [SOLUÇÃO]";2026-07-30 00:00:00,000;2026-07-30 00:00:00,000;2026-08-11 00:00:00,000;37258,09
"32001";"Escritório Londres";"victor.chagas@g.globo";"Plataformas De Produção";"PLAT. DE CAPTAÇÃO E PRODUÇÃO";"SOLUÇÃO";"RCGRJ10666493";"OCGCP10702241";"QI ENTERTAINMENT LLC";"RAFAEL LOPES ROSADO";"OPEN";"Aberto";"OPEN";"APPROVED";2026-07-20 00:00:00,000;"PLATAFORMAS DE PRODUÇÃO (TECNOLOGIA)  - ESCRITÓRIO LONDRES - SUPORTE PARA CAIXA DE ÁUDIO PARA O NOVO ESCRITÓRIO - GENELEC [SOLUÇÃO]";2026-07-17 00:00:00,000;2026-08-01 00:00:00,000;2026-08-24 00:00:00,000;1140,03
"32001";"Escritório Londres";"victor.chagas@g.globo";"Plataformas De Produção";"PLAT. DE CAPTAÇÃO E PRODUÇÃO";"SOLUÇÃO";"RCGRJ10667507";"OCGCP10703632";"ALL GLOBAL";"RAFAEL LOPES ROSADO";"OPEN";"Aberto";"OPEN";"APPROVED";2026-07-22 00:00:00,000;"PLATAFORMAS DE PRODUÇÃO (TECNOLOGIA)  - ESCRITÓRIO LONDRES - TECLADO PARA ILHA DE EDIÇÃO - GENELEC [SOLUÇÃO]";2026-07-16 00:00:00,000;2026-08-05 00:00:00,000;2026-08-24 00:00:00,000;876,04
"32001";"Escritório Londres";"victor.chagas@g.globo";"Plataformas De Produção";"PLAT. DE CAPTAÇÃO E PRODUÇÃO";"SOLUÇÃO";"RCGRJ10667525";"OCGCP10704818";"VIDEOLINEA SYSTEM SNC";"RAFAEL LOPES ROSADO";"OPEN";"Aberto";"OPEN";"APPROVED";2026-07-27 00:00:00,000;"PLATAFORMAS DE PRODUÇÃO (TECNOLOGIA)  - ESCRITÓRIO LONDRES - KVM PARA NOVO ESCRITÓRIO - ATEN [SOLUÇÃO]";2026-07-16 00:00:00,000;2026-08-05 00:00:00,000;2026-08-24 00:00:00,000;13635,41
"32001";"Escritório Londres";"victor.chagas@g.globo";"Plataformas De Produção";"PLAT. DE CAPTAÇÃO E PRODUÇÃO";"SOLUÇÃO";"RCGRJ10670727";"OCGCP10702967";"Varsity Eight Ltd";"BRUNO DOMINGOS SIMOES";"CLOSED FOR RECEIVING";"Aberto";"CLOSED FOR RECEIVING";"APPROVED";2026-07-21 00:00:00,000;"PLATAFORMAS DE PRODUÇÃO (TECNOLOGIA)  - ESCRITÓRIO LONDRES - SERVIÇO DE INSTALAÇÃO DE PERSIANAS - VARSITYEIGHT [SOLUÇÃO]";2026-07-17 00:00:00,000;2026-08-13 00:00:00,000;2026-08-13 00:00:00,000;36505,93
"32001";"Escritório Londres";"victor.chagas@g.globo";"Plataformas De Produção";"PLAT. DE CAPTAÇÃO E PRODUÇÃO";"SOLUÇÃO";"RCGRJ10671471";"OCGCP10705009";"VIDEOINTEGRATORS EXPORT COMPANY";"BRUNO DOMINGOS SIMOES";"OPEN";"Aberto";"OPEN";"APPROVED";2026-07-27 00:00:00,000;"PLATAFORMAS DE PRODUÇÃO (TECNOLOGIA)  - ESCRITÓRIO LONDRES - SOLUÇÃO DE TP PARA LONDRES - AUTOSCRIPT [SOLUÇÃO]";2026-07-17 00:00:00,000;2026-08-14 00:00:00,000;2026-10-18 00:00:00,000;45205,729999999996
"32001";"Escritório Londres";"victor.chagas@g.globo";"Plataformas De Produção";"PLAT. DE CAPTAÇÃO E PRODUÇÃO";"SOLUÇÃO";"RCGRJ10672649";"OCGCP10707989";"Portsmouth Communications Limited";"CAROLINE LOPES MENDONCA";"CLOSED FOR RECEIVING";"Aberto";"CLOSED FOR RECEIVING";"APPROVED";2026-08-05 00:00:00,000;"PLATAFORMAS DE PRODUÇÃO (TECNOLOGIA)  - ESCRITÓRIO LONDRES - SERVIÇO DE CABEAMENTO PARA MIGRAÇÃO DO NOVO ESCRITÓRIO DE LONDRES - PORTSMOUTH [SOLUÇÃO]";2026-07-21 00:00:00,000;2026-08-19 00:00:00,000;2026-08-31 00:00:00,000;116815,6
"32001";"Escritório Londres";"victor.chagas@g.globo";"Plataformas De Produção";"PLAT. DE CAPTAÇÃO E PRODUÇÃO";"SOLUÇÃO";"RCGRJ10673823";"OCGCP10703632";"ALL GLOBAL";"RAFAEL LOPES ROSADO";"OPEN";"Aberto";"OPEN";"APPROVED";2026-07-24 00:00:00,000;"PLATAFORMAS DE PRODUÇÃO (TECNOLOGIA)  - ESCRITÓRIO LONDRES - SOLUÇÃO NAS PARA NOVO ESCRITÓRIO - ZIMA [SOLUÇÃO]";2026-07-23 00:00:00,000;2026-08-22 00:00:00,000;2026-08-24 00:00:00,000;15014,17
"32001";"Escritório Londres";"victor.chagas@g.globo";"Plataformas De Produção";"PLAT. DE CAPTAÇÃO E PRODUÇÃO";"SOLUÇÃO";"RCGRJ10674856";"OCGCP10704818";"VIDEOLINEA SYSTEM SNC";"RAFAEL LOPES ROSADO";"OPEN";"Aberto";"OPEN";"APPROVED";2026-07-27 00:00:00,000;"PLATAFORMAS DE PRODUÇÃO (TECNOLOGIA) - ESCRITÓRIO LONDRES - MATERIAL PARA INTEGRAÇÃO";2026-07-27 00:00:00,000;2026-08-26 00:00:00,000;2026-08-24 00:00:00,000;696,28
"32001";"Escritório Londres";"victor.chagas@g.globo";"Plataformas De Produção";"PLAT. DE CAPTAÇÃO E PRODUÇÃO";"SOLUÇÃO";"RCGRJ10676763";"OCGCP10707176";"AD DIGITAL COMERCIO DE ELETRONICOS LTDA";"LUIZ FERNANDO CONCEICAO VARGAS";"CLOSED FOR RECEIVING";"Aberto";"CLOSED FOR RECEIVING";"APPROVED";2026-08-03 00:00:00,000;"PLATAFORMAS DE PRODUÇÃO (TECNOLOGIA) - ESCRITÓRIO LONDRES - SERVIÇOS DE END USER - ANALISTA DE REDES SENIOR - AD DIGITAL";2026-08-03 00:00:00,000;2026-09-02 00:00:00,000;2026-09-02 00:00:00,000;11689,3
"32001";"Escritório Londres";"victor.chagas@g.globo";"Plataformas De Produção";"PLAT. DE CAPTAÇÃO E PRODUÇÃO";"SOLUÇÃO";"RCGRJ10686520";"OCGCP10718732";"AD DIGITAL COMERCIO DE ELETRONICOS LTDA";"LUIZ FERNANDO CONCEICAO VARGAS";"CLOSED FOR RECEIVING";"Aberto";"CLOSED FOR RECEIVING";"APPROVED";2026-09-01 00:00:00,000;"PLATAFORMAS DE PRODUÇÃO (TECNOLOGIA) - ESCRITÓRIO LONDRES - SERVIÇOS DE END USER - ANALISTA DE REDES SENIOR - AD DIGITAL";2026-09-01 00:00:00,000;2026-10-01 00:00:00,000;2026-10-01 00:00:00,000;20411,31
"32001";"Escritório Londres";"victor.chagas@g.globo";"Plataformas De Produção";"PLAT. DE CAPTAÇÃO E PRODUÇÃO";"SOLUÇÃO";"RCGRJ10687199";"OCGCP10720325";"AD DIGITAL COMERCIO DE ELETRONICOS LTDA";"LUIZ FERNANDO CONCEICAO VARGAS";"CLOSED FOR RECEIVING";"Aberto";"CLOSED FOR RECEIVING";"APPROVED";2026-09-04 00:00:00,000;"PLATAFORMAS DE PRODUÇÃO (TECNOLOGIA) - ESCRITÓRIO LONDRES - SERVIÇOS DE ANALISTA DE SOLUÇÕES DE MÍDIAS SENIOR - AD DIGITAL";2026-09-04 00:00:00,000;2026-10-02 00:00:00,000;2026-10-02 00:00:00,000;91,74
"32001";"Escritório Londres";"victor.chagas@g.globo";"Plataformas De Produção";"PLAT. DE CAPTAÇÃO E PRODUÇÃO";"SOLUÇÃO";"RCGRJ10688884";"OCGCP10724520";"AD DIGITAL COMERCIO DE ELETRONICOS LTDA";"LUIZ FERNANDO CONCEICAO VARGAS";"CLOSED FOR RECEIVING";"Aberto";"CLOSED FOR RECEIVING";"APPROVED";2026-09-16 00:00:00,000;"PLATAFORMAS DE PRODUÇÃO (TECNOLOGIA) - ESCRITÓRIO LONDRES - SERVIÇOS DE ANALISTA DE SOLUÇÕES DE MÍDIAS SENIOR - AD DIGITAL";2026-09-16 00:00:00,000;2026-10-08 00:00:00,000;2026-10-08 00:00:00,000;3000
"26407";"ESPORTE+ Evolução da Cable Cam";"fparisi@g.globo";"Plataformas De Produção";"PLAT. DE CAPTAÇÃO E PRODUÇÃO";"SOLUÇÃO";"RCGRJ10582460";"";"";"VICTOR TAVARES MACHADO";"PENDING APPROVAL";"Em aprovação";"PENDING APPROVAL";"PENDING APPROVAL";2025-11-11 00:00:00,000;"ISESC (TECNOLOGIA) - ESPORTE + EVOLUÇÃO CABLE CAM - AQUISIÇÃO DE FREIO DE SEGURANÇA PARA O CABLECAM - AUTOMOTION [SOLUÇÃO]";2025-11-14 00:00:00,000;2025-12-11 00:00:00,000;;7918,43
"30818";"Estações Design (33) - EG";"geonis.teixeira@g.globo";"Plataformas De Produção";"PLAT. DE PÓS-PROD. E DESIGN";"MDO";"RCGRJ10639514";"OCGCP10666509";"AD DIGITAL COMERCIO DE ELETRONICOS LTDA";"MONIQUE MALTA DA SILVA FERNANDES MACHADO";"CLOSED FOR RECEIVING";"Aberto";"CLOSED FOR RECEIVING";"APPROVED";2026-04-27 00:00:00,000;"PLATAFORMAS DE PRODUÇÃO (TECNOLOGIA) - ESTAÇÕES DESIGN (33) - EG - OUTSOURCING - ID392026 - AD DIGITAL";2026-04-27 00:00:00,000;2026-05-20 00:00:00,000;2026-05-20 00:00:00,000;18267,49
"30818";"Estações Design (33) - EG";"geonis.teixeira@g.globo";"Plataformas De Produção";"PLAT. DE PÓS-PROD. E DESIGN";"SOLUÇÃO";"RCGRJ10664410";"OCGCP10708470";"GLOBAL DISTRIBUICAO DE BENS DE CONSUMO LTDA";"CAROLINE LOPES MENDONCA";"OPEN";"Aberto";"OPEN";"APPROVED";2026-08-05 00:00:00,000;"CORE&SI (TECNOLOGIA) - ESTAÇÕES DESIGN (33)_EG - MAC STUDIO M3 ULTRA [SOLUÇÃO]";2026-07-07 00:00:00,000;2026-06-25 00:00:00,000;2026-11-09 00:00:00,000;75143,87
"30818";"Estações Design (33) - EG";"geonis.teixeira@g.globo";"Plataformas De Produção";"PLAT. DE PÓS-PROD. E DESIGN";"SOLUÇÃO";"RCGRJ10679282";"";"";"THIAGO REIS COSTA";"PENDING APPROVAL";"Em aprovação";"PENDING APPROVAL";"PENDING APPROVAL";2026-08-10 00:00:00,000;"CORE&SI (TECNOLOGIA) - ESTAÇÕES DESIGN (33)_EG - MAC STUDIO M3 ULTRA [SOLUÇÃO]";;2026-09-09 00:00:00,000;;1977800
"30819";"Estações Design (7) - SP";"geonis.teixeira@g.globo";"Plataformas De Produção";"PLAT. DE PÓS-PROD. E DESIGN";"MDO";"RCGRJ10639684";"OCGCP10667280";"NTT BRASIL COMERCIO E SERVICOS DE TECNOLOGIA LTDA";"RAFAEL GOUVEIA DE SOUZA";"CLOSED FOR RECEIVING";"Aberto";"CLOSED FOR RECEIVING";"APPROVED";2026-04-28 00:00:00,000;"PLATAFORMAS DE PRODUÇÃO (TECNOLOGIA) - ESTAÇÕES DESIGN (7) - SP - OUTSOURCING - ID752026 - NTT";2026-04-28 00:00:00,000;2026-05-20 00:00:00,000;2026-05-20 00:00:00,000;1737,95
"25937";"Estações VFX (30)";"geonis.teixeira@g.globo";"Plataformas De Produção";"PLAT. DE PÓS-PROD. E DESIGN";"MDO";"RCGRJ10485649";"OCGCP10499486";"HITSS DO BRASIL SERVICOS TECNOLOGICOS LTDA";"JUAREZ AURELIO TORRES DA SILVA";"CLOSED FOR RECEIVING";"Aberto";"CLOSED FOR RECEIVING";"APPROVED";2025-03-23 00:00:00,000;"ISESC (TECNOLOGIA) - ESTAÇÕES VFX (30) - RESERVA MDO - RC81 - HITSS DO BRASIL SERVICOS TECNOLOGICOS LTDA";2025-03-23 00:00:00,000;2025-04-11 00:00:00,000;2025-04-11 00:00:00,000;31601,2
"25937";"Estações VFX (30)";"geonis.teixeira@g.globo";"Plataformas De Produção";"PLAT. DE PÓS-PROD. E DESIGN";"MDO";"RCGRJ10538758";"OCGCP10555584";"AD DIGITAL COMERCIO DE ELETRONICOS LTDA";"MONIQUE MALTA DA SILVA FERNANDES MACHADO";"CLOSED FOR RECEIVING";"Aberto";"CLOSED FOR RECEIVING";"APPROVED";2025-07-24 00:00:00,000;"ISESC (TECNOLOGIA) - ESTAÇÕES VFX (30) - RESERVA MDO - RC10053 - AD DIGITAL COMERCIO DE ELETRONICOS LTDA";2025-07-24 00:00:00,000;2025-08-14 00:00:00,000;2025-08-14 00:00:00,000;4312,59
"25937";"Estações VFX (30)";"geonis.teixeira@g.globo";"Plataformas De Produção";"PLAT. DE PÓS-PROD. E DESIGN";"SOLUÇÃO";"RCGSP10064224";"";"";"CONECTA ERP";"APPROVED";"Aberto";"APPROVED";"APPROVED";2026-09-25 00:00:00,000;"CORE&SI (TECNOLOGIA) – ESTAÇÕES DE DESIGN VFX (30) [SOLUÇÃO]";2026-09-25 00:00:00,000;2026-10-25 00:00:00,000;;750
"10751";"Estúdios EG Obsolescência";"fparisi@g.globo";"Plataformas De Produção";"PLAT. DE CAPTAÇÃO E PRODUÇÃO";"SOLUÇÃO";"RCGRJ10153665";"OCGCP10196162";"AD DIGITAL COMERCIO DE ELETRONICOS LTDA";"MONIQUE MALTA DA SILVA FERNANDES MACHADO";"CLOSED FOR RECEIVING";"Aberto";"CLOSED FOR RECEIVING";"APPROVED";2023-04-03 00:00:00,000;"INFRAESTRUTURA E SEGURANÇA (TECNOLOGIA) - OPERAÇÃO REMOTA BSA X JB - MDO SUPORTE - FORNECEDOR AD DIGITAL - [SUPORTE]";2022-12-15 00:00:00,000;2022-12-23 00:00:00,000;2022-12-23 00:00:00,000;992,65
"30845";"GC 4K JB - CTL 3";"geonis.teixeira@g.globo";"Plataformas De Produção";"PLAT. DE PÓS-PROD. E DESIGN";"MDO";"RCGRJ10639523";"OCGCP10666511";"AD DIGITAL COMERCIO DE ELETRONICOS LTDA";"MONIQUE MALTA DA SILVA FERNANDES MACHADO";"CLOSED FOR RECEIVING";"Aberto";"CLOSED FOR RECEIVING";"APPROVED";2026-04-27 00:00:00,000;"PLATAFORMAS DE PRODUÇÃO (TECNOLOGIA) - GC 4K JB - CTL 3 - OUTSOURCING - ID442026 - AD DIGITAL";2026-04-27 00:00:00,000;2026-05-20 00:00:00,000;2026-05-20 00:00:00,000;2398,64
"30845";"GC 4K JB - CTL 3";"geonis.teixeira@g.globo";"Plataformas De Produção";"PLAT. DE PÓS-PROD. E DESIGN";"MDO";"RCGRJ10639749";"OCGCP10666512";"NTT BRASIL COMERCIO E SERVICOS DE TECNOLOGIA LTDA";"RAFAEL GOUVEIA DE SOUZA";"CLOSED FOR RECEIVING";"Aberto";"CLOSED FOR RECEIVING";"APPROVED";2026-04-27 00:00:00,000;"PLATAFORMAS DE PRODUÇÃO (TECNOLOGIA) - GC 4K JB - CTL 3 - OUTSOURCING - ID712026 - NTT";2026-04-27 00:00:00,000;2026-05-20 00:00:00,000;2026-05-20 00:00:00,000;11005,54
"30845";"GC 4K JB - CTL 3";"geonis.teixeira@g.globo";"Plataformas De Produção";"PLAT. DE PÓS-PROD. E DESIGN";"SOLUÇÃO";"RCGRJ10648514";"OCGCP10682567";"LENOVO TECNOLOGIA (BRASIL) LIMITADA";"CAROLINE LOPES MENDONCA";"CLOSED FOR RECEIVING";"Aberto";"CLOSED FOR RECEIVING";"APPROVED";2026-06-03 00:00:00,000;"CORE&SI (TECNOLOGIA) - GC 4K JB _CTL3 - ROBUSTECIMENTO BACKEND GC - RJ [SOLUÇÃO]";2026-05-25 00:00:00,000;2026-06-14 00:00:00,000;2026-09-11 00:00:00,000;0,01
"30845";"GC 4K JB - CTL 3";"geonis.teixeira@g.globo";"Plataformas De Produção";"PLAT. DE PÓS-PROD. E DESIGN";"SOLUÇÃO";"RCGRJ10658749";"OCGCP10694390";"Arkona Technologies GmbH";"MARIANA GYBSON DE CARVALHO FONSECA";"OPEN";"Aberto";"OPEN";"APPROVED";2026-07-01 00:00:00,000;"CORE&SI (TECNOLOGIA) - GC 4K JB _CTL 3 – DSK ARKONA AT-300 - JB [SOLUÇÃO]";2026-06-26 00:00:00,000;2026-09-11 00:00:00,000;2026-09-11 00:00:00,000;550672,69000000006
"30845";"GC 4K JB - CTL 3";"geonis.teixeira@g.globo";"Plataformas De Produção";"PLAT. DE PÓS-PROD. E DESIGN";"SOLUÇÃO";"RCGRJ10683612";"";"";"THAYSA ROCHA FERREIRA";"APPROVED";"Aberto";"APPROVED";"APPROVED";2026-08-24 00:00:00,000;"CORE&SI (TECNOLOGIA) - GC 4K JB _CTL3 - INFRA DE VÍDEO - JB [SOLUÇÃO]";2026-09-29 00:00:00,000;2026-09-23 00:00:00,000;;10908
"30845";"GC 4K JB - CTL 3";"geonis.teixeira@g.globo";"Plataformas De Produção";"PLAT. DE PÓS-PROD. E DESIGN";"SOLUÇÃO";"RCGRJ10693069";"OCGCP10727839";"CIS GROUP CORPORATION";"MARIANA GYBSON DE CARVALHO FONSECA";"OPEN";"Aberto";"OPEN";"APPROVED";2026-09-23 00:00:00,000;"CORE&SI (TECNOLOGIA) - GC 4K JB_CTL3 - LOGISTICA TROCA DSK EVERTZ [SOLUÇÃO]";2026-09-22 00:00:00,000;2026-09-29 00:00:00,000;2026-09-29 00:00:00,000;85620,760000000009
"20842";"Globo Midia";"mauricio.mascarenhas@g.globo";"Plataformas De Produção";"PLAT. DE METADADOS E MÍDIAS";"MDO";"RCGRJ10415125";"OCGCP10417043";"AD DIGITAL COMERCIO DE ELETRONICOS LTDA";"MONIQUE MALTA DA SILVA FERNANDES MACHADO";"CLOSED FOR RECEIVING";"Aberto";"CLOSED FOR RECEIVING";"APPROVED";2024-09-09 00:00:00,000;"ISESC (TECNOLOGIA) - OBSOLESCÊNCIA - IBMS - HARDWARE E SOFTWARE/ GLOBO MIDIA - MDO - SETEMBRO/24 A OUTUBRO/24 - RC2-26 - AD DIGITAL COMERCIO DE ELETRONICOS LTDA";2024-09-09 00:00:00,000;2024-10-04 00:00:00,000;2024-10-04 00:00:00,000;398
"25855";"Globo Mídia - Integrações com Plataformas de Mídias e Dados e Evolução do UniCo";"caio.guedes@g.globo";"Plataformas De Produção";"PLAT. DE METADADOS E MÍDIAS";"MDO";"RCGRJ10547278";"OCGCP10568312";"AD DIGITAL COMERCIO DE ELETRONICOS LTDA";"MONIQUE MALTA DA SILVA FERNANDES MACHADO";"CLOSED FOR RECEIVING";"Aberto";"CLOSED FOR RECEIVING";"APPROVED";2025-08-25 00:00:00,000;"ISESC (TECNOLOGIA) - GLOBO MÍDIA - INTEGRAÇÕES COM PLATAFORMAS DE MÍDIAS E DADOS E EVOLUÇÃO DO UNICO - RESERVA MDO - RC10035 - AD DIGITAL COMERCIO DE ELETRONICOS LTDA";2025-08-25 00:00:00,000;2025-09-06 00:00:00,000;2025-09-06 00:00:00,000;2228,48
"25855";"Globo Mídia - Integrações com Plataformas de Mídias e Dados e Evolução do UniCo";"caio.guedes@g.globo";"Plataformas De Produção";"PLAT. DE METADADOS E MÍDIAS";"MDO";"RCGRJ10566344";"OCGCP10582079";"AD DIGITAL COMERCIO DE ELETRONICOS LTDA";"MONIQUE MALTA DA SILVA FERNANDES MACHADO";"CLOSED FOR RECEIVING";"Aberto";"CLOSED FOR RECEIVING";"APPROVED";2025-09-26 00:00:00,000;"ISESC (TECNOLOGIA) - CONSOLIDAÇÃO STORAGE ACERVO ÍON - RESERVA MDO - RC1025_1 -  AD DIGITAL COMERCIO DE ELETRONICOS LTDA";2025-09-26 00:00:00,000;2025-10-26 00:00:00,000;2025-10-26 00:00:00,000;667,94
"25855";"Globo Mídia - Integrações com Plataformas de Mídias e Dados e Evolução do UniCo";"caio.guedes@g.globo";"Plataformas De Produção";"PLAT. DE METADADOS E MÍDIAS";"MDO";"RCGRJ10576486";"OCGCP10594385";"AD DIGITAL COMERCIO DE ELETRONICOS LTDA";"MONIQUE MALTA DA SILVA FERNANDES MACHADO";"CLOSED FOR RECEIVING";"Aberto";"CLOSED FOR RECEIVING";"APPROVED";2025-10-28 00:00:00,000;"ISESC (TECNOLOGIA) - CONSOLIDAÇÃO STORAGE ACERVO ÍON - RC2049 -  AD DIGITAL COMERCIO DE ELETRONICOS LTDA";2025-10-28 00:00:00,000;2025-11-26 00:00:00,000;2025-11-26 00:00:00,000;10407
"25855";"Globo Mídia - Integrações com Plataformas de Mídias e Dados e Evolução do UniCo";"caio.guedes@g.globo";"Plataformas De Produção";"PLAT. DE METADADOS E MÍDIAS";"SOLUÇÃO";"RCGRJ10614245";"OCGCP10641290";"AD DIGITAL COMERCIO DE ELETRONICOS LTDA";"MONIQUE MALTA DA SILVA FERNANDES MACHADO";"CLOSED FOR RECEIVING";"Aberto";"CLOSED FOR RECEIVING";"APPROVED";2026-02-24 00:00:00,000;"PLATAFORMAS DE PRODUÇÃO (TECNOLOGIA) - AQUISIÇÃO DE MÃO DE OBRA DE ANALISTA PLENO PARA GLOBO MÍDIA - FEV/26 a ABR/26.";2026-02-24 00:00:00,000;2026-03-12 00:00:00,000;2026-03-12 00:00:00,000;19096,4
"25855";"Globo Mídia - Integrações com Plataformas de Mídias e Dados e Evolução do UniCo";"caio.guedes@g.globo";"Plataformas De Produção";"PLAT. DE METADADOS E MÍDIAS";"MDO";"RCGRJ10615889";"OCGCP10637941";"QUARK TECNOLOGIA LTDA";"PAULA REGIS QUEIROZ AFONSO MUNIZ";"CLOSED FOR RECEIVING";"Aberto";"CLOSED FOR RECEIVING";"APPROVED";2026-02-13 00:00:00,000;"PLATAFORMAS DE PRODUÇÃO - GLOBO MIDIA - RC1000 - QUARK TECNOLOGIA LTDA";2026-02-13 00:00:00,000;2026-02-13 00:00:00,000;2026-02-13 00:00:00,000;1099,38
"25855";"Globo Mídia - Integrações com Plataformas de Mídias e Dados e Evolução do UniCo";"caio.guedes@g.globo";"Plataformas De Produção";"PLAT. DE METADADOS E MÍDIAS";"MDO";"RCGRJ10617069";"OCGCP10639667";"AD DIGITAL COMERCIO DE ELETRONICOS LTDA";"MONIQUE MALTA DA SILVA FERNANDES MACHADO";"CLOSED FOR RECEIVING";"Aberto";"CLOSED FOR RECEIVING";"APPROVED";2026-02-20 00:00:00,000;"PLATAFORMAS DE PRODUÇÃO - GLOBO MIDIA - RC1002 - RESERVA MDO - AD DIGITAL COMERCIO DE ELETRONICOS LTDA";2026-02-20 00:00:00,000;2026-03-21 00:00:00,000;2026-03-21 00:00:00,000;6264
"25855";"Globo Mídia - Integrações com Plataformas de Mídias e Dados e Evolução do UniCo";"caio.guedes@g.globo";"Plataformas De Produção";"PLAT. DE METADADOS E MÍDIAS";"SOLUÇÃO";"RCGRJ10628246";"OCGCP10654003";"HADRONS TECNOLOGIA LTDA";"PAULA REGIS QUEIROZ AFONSO MUNIZ";"CLOSED FOR RECEIVING";"Aberto";"CLOSED FOR RECEIVING";"APPROVED";2026-03-25 00:00:00,000;"PLAT. DE PRODUÇÃO (TECNOLOGIA) - GLOBO MIDIA - SOLUÇÃO - MÃO DE OBRA DE DESENVOLVEDOR JUNIOR PARA PLAT. METADADOS E API.";2026-03-25 00:00:00,000;2026-04-18 00:00:00,000;2026-04-18 00:00:00,000;8833,34
"25855";"Globo Mídia - Integrações com Plataformas de Mídias e Dados e Evolução do UniCo";"caio.guedes@g.globo";"Plataformas De Produção";"PLAT. DE METADADOS E MÍDIAS";"SOLUÇÃO";"RCGRJ10632699";"OCGCP10658518";"ESX ENGENHARIA DE SOFTWARE LTDA";"PAULA REGIS QUEIROZ AFONSO MUNIZ";"CLOSED FOR RECEIVING";"Aberto";"CLOSED FOR RECEIVING";"APPROVED";2026-04-06 00:00:00,000;"PLATAFORMAS DE PRODUÇÃO (TECNOLOGIA) - GLOBO MÍDIA - OUTSOURCING - ESX";2026-04-06 00:00:00,000;2026-04-30 00:00:00,000;2026-04-30 00:00:00,000;71070
"25855";"Globo Mídia - Integrações com Plataformas de Mídias e Dados e Evolução do UniCo";"caio.guedes@g.globo";"Plataformas De Produção";"PLAT. DE METADADOS E MÍDIAS";"MDO";"RCGRJ10639566";"OCGCP10665888";"SAVANA COMUNICACOES LTDA";"MONIQUE MALTA DA SILVA FERNANDES MACHADO";"CLOSED FOR RECEIVING";"Aberto";"CLOSED FOR RECEIVING";"APPROVED";2026-04-24 00:00:00,000;"PLATAFORMAS DE PRODUÇÃO (TECNOLOGIA) - GLOBO MÍDIA - ESCOPO 2026 - OUTSOURCING - ID992026 - SAVANA";2026-04-24 00:00:00,000;2026-05-20 00:00:00,000;2026-05-20 00:00:00,000;5819,48
"25855";"Globo Mídia - Integrações com Plataformas de Mídias e Dados e Evolução do UniCo";"caio.guedes@g.globo";"Plataformas De Produção";"PLAT. DE METADADOS E MÍDIAS";"MDO";"RCGRJ10639571";"OCGCP10665885";"NTCONSULT TECNOLOGIA E CONSULTORIA LTDA";"PAULA REGIS QUEIROZ AFONSO MUNIZ";"INCOMPLETE";"Aberto";"OC em aprovação";"APPROVED";2026-04-24 00:00:00,000;"PLATAFORMAS DE PRODUÇÃO (TECNOLOGIA) - GLOBO MÍDIA - ESCOPO 2026 - OUTSOURCING - ID1212026 - NTCONSULT";2026-04-24 00:00:00,000;2026-04-20 00:00:00,000;2026-04-20 00:00:00,000;24610
"25855";"Globo Mídia - Integrações com Plataformas de Mídias e Dados e Evolução do UniCo";"caio.guedes@g.globo";"Plataformas De Produção";"PLAT. DE METADADOS E MÍDIAS";"SOLUÇÃO";"RCGRJ10648612";"OCGCP10678331";"AD DIGITAL COMERCIO DE ELETRONICOS LTDA";"MONIQUE MALTA DA SILVA FERNANDES MACHADO";"CLOSED FOR RECEIVING";"Aberto";"CLOSED FOR RECEIVING";"APPROVED";2026-05-25 00:00:00,000;"PLATAFORMAS DE PRODUÇÃO (TECNOLOGIA) - MDO DEV PLENO - AD DIGITAL - DENIZE: MAI/26 - JAN/27";2026-05-25 00:00:00,000;2026-06-14 00:00:00,000;2026-06-14 00:00:00,000;141094
"25855";"Globo Mídia - Integrações com Plataformas de Mídias e Dados e Evolução do UniCo";"caio.guedes@g.globo";"Plataformas De Produção";"PLAT. DE METADADOS E MÍDIAS";"SOLUÇÃO";"RCGRJ10675484";"";"PERFECT MEMORY";"PATRICIA DE LIMA ALVES";"APPROVED";"Aberto";"APPROVED";"APPROVED";2026-07-29 00:00:00,000;"PLATAFORMA DE PRODUÇÃO (TECNOLOGIA) - GLOBO MÍDIA IMPLEMENTAÇÃO E LICENCIAMENTO PLATAFORMA DE MÍDIAS (5 ANOS) - PERFECT MEMORY";2026-08-24 00:00:00,000;2026-08-28 00:00:00,000;;424124,99
"27215";"Gnews no estúdio A";"arthurnsantos@g.globo";"Plataformas De Produção";"PLAT. DE CAPTAÇÃO E PRODUÇÃO";"INSTALAÇÃO";"RCGRJ10550568";"OCGCP10564893";"YOU CAST COMERCIO DE EQUIPAMENTOS ELETRONICOS LTDA";"THAIS OLIVEIRA SPEZANI";"CLOSED FOR RECEIVING";"Aberto";"CLOSED FOR RECEIVING";"APPROVED";2025-08-15 00:00:00,000;"ISESC (TECNOLOGIA) - GNEWS NO ESTÚDIO A - SOLUÇÃO DE INTEGRAÇÃO PARA EST. A GNEWS JB - YOUCAST [SOLUÇÃO]";2025-08-15 00:00:00,000;2025-09-14 00:00:00,000;2025-09-14 00:00:00,000;3802,61
"10682";"Grafismo Virtual - Sistemas de Tracking";"lai@g.globo";"Plataformas De Produção";"PLAT. DE PÓS-PROD. E DESIGN";"SOLUÇÃO";"RCGRJ10319220";"OCGCP10316800";"DELL COMPUTADORES DO BRASIL LTDA";"CLEONISE JOANA MARIA DA LUZ";"CLOSED FOR RECEIVING";"Aberto";"CLOSED FOR RECEIVING";"APPROVED";2024-01-08 00:00:00,000;"INFRAESTRUTURA, SEGURANÇA E SOLUÇÕES DE CONTEÚDO - [GRAFISMO VIRTUAL SISTEMA DE TRACKING] - X2 NOTEBOOKS - [SOLUÇÃO]";2024-01-08 00:00:00,000;2024-01-05 00:00:00,000;2024-01-30 00:00:00,000;0,01
"25955";"Ilhas de colorização EG (1 de 4)";"renan.reis@g.globo";"Plataformas De Produção";"PLAT. DE PÓS-PROD. E DESIGN";"MDO";"RCGRJ10547210";"OCGCP10566142";"NTT BRASIL COMERCIO E SERVICOS DE TECNOLOGIA LTDA";"LUIZ FERNANDO CONCEICAO VARGAS";"CLOSED FOR RECEIVING";"Aberto";"CLOSED FOR RECEIVING";"APPROVED";2025-08-20 00:00:00,000;"ISESC (TECNOLOGIA) - ILHAS DE COLORIZAÇÃO EG (1 DE 4) - RESERVA MDO - RC10083 - NTT BRASIL COMERCIO E SERVICOS DE TECNOLOGIA LTDA";2025-08-20 00:00:00,000;2025-09-06 00:00:00,000;2025-09-06 00:00:00,000;40844,13
"25955";"Ilhas de colorização EG (1 de 4)";"renan.reis@g.globo";"Plataformas De Produção";"PLAT. DE PÓS-PROD. E DESIGN";"SOLUÇÃO";"RCGRJ10665663";"OCGCP10706009";"FILMLIGHT DIGITAL TECHNOLOGY INC";"MARCUS VINICIUS DA SILVA GUEDES ALCOFORADO";"OPEN";"Aberto";"OPEN";"APPROVED";2026-07-29 00:00:00,000;"ISESC (TECNOLOGIA) - COLOR GRADING - OBSOLESCÊNCIA BASELIGHT X.";2026-07-28 00:00:00,000;2026-07-30 00:00:00,000;2026-10-14 00:00:00,000;1268318,39
"25957";"Ilhas de Edição (42)";"renan.reis@g.globo";"Plataformas De Produção";"PLAT. DE PÓS-PROD. E DESIGN";"MDO";"RCGRJ10538784";"OCGCP10555495";"HITSS DO BRASIL SERVICOS TECNOLOGICOS LTDA";"JUAREZ AURELIO TORRES DA SILVA";"CLOSED FOR RECEIVING";"Aberto";"CLOSED FOR RECEIVING";"APPROVED";2025-07-24 00:00:00,000;"ISESC (TECNOLOGIA) - ILHAS DE EDIÇÃO (42) - RESERVA MDO - RC10019 - HITSS DO BRASIL SERVICOS TECNOLOGICOS LTDA";2025-07-24 00:00:00,000;2025-08-14 00:00:00,000;2025-08-14 00:00:00,000;5451,33
"25957";"Ilhas de Edição (42)";"renan.reis@g.globo";"Plataformas De Produção";"PLAT. DE PÓS-PROD. E DESIGN";"MDO";"RCGRJ10538786";"OCGCP10554805";"SYS MANAGER INFORMATICA LTDA";"JUAREZ AURELIO TORRES DA SILVA";"CLOSED FOR RECEIVING";"Aberto";"CLOSED FOR RECEIVING";"APPROVED";2025-07-22 00:00:00,000;"ISESC (TECNOLOGIA) - ILHAS DE EDIÇÃO (42) - RESERVA MDO - RC10102 - SYS MANAGER INFORMATICA LTDA.";2025-07-22 00:00:00,000;2025-08-14 00:00:00,000;2025-08-14 00:00:00,000;4222,25
"25957";"Ilhas de Edição (42)";"renan.reis@g.globo";"Plataformas De Produção";"PLAT. DE PÓS-PROD. E DESIGN";"MDO";"RCGRJ10576427";"OCGCP10596181";"SAVANA COMUNICACOES LTDA";"MONIQUE MALTA DA SILVA FERNANDES MACHADO";"CLOSED FOR RECEIVING";"Aberto";"CLOSED FOR RECEIVING";"APPROVED";2025-11-03 00:00:00,000;"ISESC (TECNOLOGIA) - ILHAS DE EDIÇÃO (42) - RESERVA MDO - RC2030 - SAVANA";2025-11-03 00:00:00,000;2025-11-26 00:00:00,000;2025-11-26 00:00:00,000;5166,48
"25957";"Ilhas de Edição (42)";"renan.reis@g.globo";"Plataformas De Produção";"PLAT. DE PÓS-PROD. E DESIGN";"MDO";"RCGRJ10576465";"OCGCP10595199";"AD DIGITAL COMERCIO DE ELETRONICOS LTDA";"MONIQUE MALTA DA SILVA FERNANDES MACHADO";"CLOSED FOR RECEIVING";"Aberto";"CLOSED FOR RECEIVING";"APPROVED";2025-10-30 00:00:00,000;"ISESC (TECNOLOGIA) - ILHAS DE EDIÇÃO (42) - RESERVA MDO - RC2040 -  AD DIGITAL COMERCIO DE ELETRONICOS LTDA";2025-10-30 00:00:00,000;2025-11-26 00:00:00,000;2025-11-26 00:00:00,000;1560
"25957";"Ilhas de Edição (42)";"renan.reis@g.globo";"Plataformas De Produção";"PLAT. DE PÓS-PROD. E DESIGN";"MDO";"RCGRJ10578971";"OCGCP10596689";"AD DIGITAL COMERCIO DE ELETRONICOS LTDA";"MONIQUE MALTA DA SILVA FERNANDES MACHADO";"CLOSED FOR RECEIVING";"Aberto";"CLOSED FOR RECEIVING";"APPROVED";2025-11-04 00:00:00,000;"ISESC (TECNOLOGIA) - ILHAS DE EDIÇÃO (42) - RC2052 - RESERVA MDO - AD DIGITAL COMERCIO DE ELETRONICOS LTDA";2025-11-04 00:00:00,000;2025-12-03 00:00:00,000;2025-12-03 00:00:00,000;3232
"25957";"Ilhas de Edição (42)";"renan.reis@g.globo";"Plataformas De Produção";"PLAT. DE PÓS-PROD. E DESIGN";"SOLUÇÃO";"RCGRJ10597890";"OCGCP10619695";"HP BRASIL INDUSTRIA E COMERCIO DE EQUIPAMENTOS ELETRONICOS LTDA";"THAIS OLIVEIRA SPEZANI";"OPEN";"Aberto";"OPEN";"APPROVED";2025-12-24 00:00:00,000;"ISESC (TECNOLOGIA) - Obs. Edição 2025 - Placa de Rede 10Gb";2025-12-23 00:00:00,000;2025-12-23 00:00:00,000;2025-01-10 00:00:00,000;601,36
"25957";"Ilhas de Edição (42)";"renan.reis@g.globo";"Plataformas De Produção";"PLAT. DE PÓS-PROD. E DESIGN";"SOLUÇÃO";"RCGRJ10644731";"OCGCP10670868";"EXBIZ INTERMEDIACAO DE NEGOCIOS TECNOLOGICOS LTDA";"CAROLINE LOPES MENDONCA";"CLOSED FOR RECEIVING";"Aberto";"CLOSED FOR RECEIVING";"APPROVED";2026-05-07 00:00:00,000;"PLAT. PROD (TECNOLOGIA) - ILHAS DE EDIÇÃO (42) (CAPEX) - AQUISIÇÃO DE SERVIÇO PARA INFRAESTRUTURA DE REDE - EXBIZ - [SOLUÇÃO]";2026-05-07 00:00:00,000;2026-05-07 00:00:00,000;2026-05-07 00:00:00,000;8424
"25957";"Ilhas de Edição (42)";"renan.reis@g.globo";"Plataformas De Produção";"PLAT. DE PÓS-PROD. E DESIGN";"SOLUÇÃO";"RCGRJ10658617";"OCGCP10706343";"GBS Trading LLC";"MARCUS VINICIUS DA SILVA GUEDES ALCOFORADO";"OPEN";"Aberto";"OPEN";"APPROVED";2026-07-30 00:00:00,000;"PLAT. PROD (TECNOLOGIA) - ILHAS DE EDIÇÃO (42) (CAPEX) - AQUISIÇÃO DE DISPOSITIVOS AJA - [SOLUÇÃO]";2026-07-29 00:00:00,000;2026-08-26 00:00:00,000;2026-08-24 00:00:00,000;205822,75
"25957";"Ilhas de Edição (42)";"renan.reis@g.globo";"Plataformas De Produção";"PLAT. DE PÓS-PROD. E DESIGN";"SOLUÇÃO";"RCGRJ10682778";"OCGCP10718877";"D.M.S. COMERCIO E SERVICOS LTDA";"MARCUS VINICIUS DA SILVA GUEDES ALCOFORADO";"OPEN";"Aberto";"OPEN";"APPROVED";2026-09-02 00:00:00,000;"PLAT. PROD (TECNOLOGIA) - ILHAS DE EDIÇÃO (42) (CAPEX) - AQUISIÇÃO DE DISPOSITIVOS AJA PARA ILHAS DE EDIÇÃO - [SOLUÇÃO]";2026-08-28 00:00:00,000;2026-09-19 00:00:00,000;2026-10-19 00:00:00,000;604581,6
"25957";"Ilhas de Edição (42)";"renan.reis@g.globo";"Plataformas De Produção";"PLAT. DE PÓS-PROD. E DESIGN";"SOLUÇÃO";"RCGRJ10684876";"OCGCP10717289";"QUARK TECNOLOGIA LTDA";"PAULA REGIS QUEIROZ AFONSO MUNIZ";"CLOSED FOR RECEIVING";"Aberto";"CLOSED FOR RECEIVING";"APPROVED";2026-08-28 00:00:00,000;"PLAT. PROD (TECNOLOGIA) - ILHAS DE EDIÇÃO (42) (CAPEX) - EXTENSÃO DE CONTRATO DEV FULL STACK - STORM GROUP - [SOLUÇÃO]";2026-08-28 00:00:00,000;2026-09-26 00:00:00,000;2026-09-26 00:00:00,000;0,07
"25957";"Ilhas de Edição (42)";"renan.reis@g.globo";"Plataformas De Produção";"PLAT. DE PÓS-PROD. E DESIGN";"SOLUÇÃO";"RCGRJ10690452";"";"";"THIAGO REIS COSTA";"PENDING APPROVAL";"Em aprovação";"PENDING APPROVAL";"PENDING APPROVAL";2026-09-11 00:00:00,000;"PLAT. PROD (TECNOLOGIA) - OBS. VDI - COMPRA DE TRANSCEIVERS PARA ILHAS - [SOLUÇÃO] - FONNET";;2026-09-22 00:00:00,000;;19950
"25957";"Ilhas de Edição (42)";"renan.reis@g.globo";"Plataformas De Produção";"PLAT. DE PÓS-PROD. E DESIGN";"SOLUÇÃO";"RCGSP10059208";"OCGCP10616779";"INGRAM MICRO BRASIL LTDA";"CAROLINE LOPES MENDONCA";"OPEN";"Aberto";"OPEN";"APPROVED";2025-12-18 00:00:00,000;"ISESC (TECNOLOGIA) - Obs. Edição 2025 - Workstations e Monitoração Apple SP - Apple";2025-09-16 00:00:00,000;2025-10-10 00:00:00,000;2026-03-27 00:00:00,000;60612,66
"25957";"Ilhas de Edição (42)";"renan.reis@g.globo";"Plataformas De Produção";"PLAT. DE PÓS-PROD. E DESIGN";"SOLUÇÃO";"RCGSP10064164";"OCGCP10635301";"GLOBAL BROADCAST SOURCE";"RAPHAEL BAPTISTA DA SILVA";"OPEN";"Aberto";"OPEN";"APPROVED";2026-02-09 00:00:00,000;"ISESC (TECNOLOGIA) - OBS. EDICAO 2025 - TECLADO APPLE ADOBE E PERIFERICOS - [SOLUÇÃO]";2026-01-25 00:00:00,000;2026-01-21 00:00:00,000;2026-02-25 00:00:00,000;22500,67
"10778";"Ilhas de Edição G5";"renan.reis@g.globo";"Plataformas De Produção";"PLAT. DE PÓS-PROD. E DESIGN";"SOLUÇÃO";"RCGRJ10170331";"OCGCP10160015";"DIGIACOMO INSTALACOES LTDA";"MARIA HELENA PEREZ ANDRADE";"CLOSED FOR RECEIVING";"Aberto";"CLOSED FOR RECEIVING";"APPROVED";2023-01-05 00:00:00,000;"INFRAESTRUTURA E SEGURANÇA (TECNOLOGIA) - OBSOLESCÊNCIA DE EDIÇÃO G5 - SERVIÇO DE INSTALAÇÃO ELÉTRICA - DIGIACOMO - ACGC10000984";2023-01-05 00:00:00,000;2023-02-03 00:00:00,000;2023-02-03 00:00:00,000;0,01
"10778";"Ilhas de Edição G5";"renan.reis@g.globo";"Plataformas De Produção";"PLAT. DE PÓS-PROD. E DESIGN";"SOLUÇÃO";"RCGRJ10203889";"OCGCP10193697";"DELL COMPUTADORES DO BRASIL LTDA";"CAROLINE RIBEIRO QUEIROZ";"CLOSED FOR RECEIVING";"Aberto";"CLOSED FOR RECEIVING";"APPROVED";2023-03-28 00:00:00,000;"E&T - IES - OBSOL RENDER GPU - PGTO SERVIÇO COMISSIONAMENTO 2 - DELL - RC COMPLEMENTAR A RCGRJ10105616 e OCGCP10108820.";2023-03-27 00:00:00,000;2023-04-26 00:00:00,000;2023-04-26 00:00:00,000;0,81
"16057";"Iluminação EST-F JB | Cidade CEN. EG";"arthurnsantos@g.globo";"Plataformas De Produção";"PLAT. DE CAPTAÇÃO E PRODUÇÃO";"SOLUÇÃO";"RCGRJ10230618";"OCGCP10222275";"";"BRUNO DUTRA GOMES";"CLOSED FOR RECEIVING";"Aberto";"CLOSED FOR RECEIVING";"APPROVED";2023-06-02 00:00:00,000;"INFRAESTRUTURA E SEGURANÇA (TECNOLOGIA) - Iluminação EST-F JB | Cidade CEN. EG+Obsolescência Kits de Externa - BH, DF, REC e SP+Obsolescência Crítica Sist. Áudio - JB, SP e MG-2+BBB Página em Branco Fase 2 - MDO 23 - Infra - MORPHUS";2023-06-02 00:00:00,000;2023-06-01 00:00:00,000;2023-06-01 00:00:00,000;0,8
"30349";"Iluminação SP - Mesa e acessórios JG e JH";"arthurnsantos@g.globo";"Plataformas De Produção";"PLAT. DE CAPTAÇÃO E PRODUÇÃO";"MDO";"RCGRJ10639529";"OCGCP10670424";"AD DIGITAL COMERCIO DE ELETRONICOS LTDA";"MONIQUE MALTA DA SILVA FERNANDES MACHADO";"CLOSED FOR RECEIVING";"Aberto";"CLOSED FOR RECEIVING";"APPROVED";2026-05-07 00:00:00,000;"PLATAFORMAS DE PRODUÇÃO (TECNOLOGIA) - ILUMINAÇÃO SP - MESA E ACESSÓRIOS JG E JH - OUTSOURCING - ID522026 - AD DIGITAL";2026-05-07 00:00:00,000;2026-05-20 00:00:00,000;2026-05-20 00:00:00,000;17087,47
"30349";"Iluminação SP - Mesa e acessórios JG e JH";"arthurnsantos@g.globo";"Plataformas De Produção";"PLAT. DE CAPTAÇÃO E PRODUÇÃO";"MDO";"RCGRJ10639604";"OCGCP10669926";"HITSS DO BRASIL SERVICOS TECNOLOGICOS LTDA";"JUAREZ AURELIO TORRES DA SILVA";"CLOSED FOR RECEIVING";"Aberto";"CLOSED FOR RECEIVING";"APPROVED";2026-05-06 00:00:00,000;"PLATAFORMAS DE PRODUÇÃO (TECNOLOGIA) - ILUMINAÇÃO SP - MESA E ACESSÓRIOS JG E JH - OUTSOURCING - ID1002026 - HITSS";2026-05-06 00:00:00,000;2026-05-20 00:00:00,000;2026-05-20 00:00:00,000;70700
"30349";"Iluminação SP - Mesa e acessórios JG e JH";"arthurnsantos@g.globo";"Plataformas De Produção";"PLAT. DE CAPTAÇÃO E PRODUÇÃO";"SOLUÇÃO";"RCGRJ10695610";"OCGCP10729129";"SYS MANAGER INFORMATICA LTDA";"RAFAEL RANGEL CASIMIRO";"CLOSED FOR RECEIVING";"Aberto";"CLOSED FOR RECEIVING";"APPROVED";2026-09-25 00:00:00,000;"PLATAFORMAS DE PRODUÇÃO (TECNOLOGIA) - PROJETO ILUMINAÇÃO SP - MESA E ACESSÓRIOS JG E JH - MDO - SYSMANAGER";2026-09-25 00:00:00,000;2026-10-25 00:00:00,000;2026-10-25 00:00:00,000;16737,78
"14364";"Incremento de Esteiras Pós Produção 4k (Conteúdo Premium)";"";"Plataformas De Produção";"PLAT. DE PÓS-PROD. E DESIGN";"SOLUÇÃO";"RCGRJ10192254";"OCGCP10187443";"AD DIGITAL COMERCIO DE ELETRONICOS LTDA";"MONIQUE MALTA DA SILVA FERNANDES MACHADO";"CLOSED FOR RECEIVING";"Aberto";"CLOSED FOR RECEIVING";"APPROVED";2023-03-16 00:00:00,000;"INFRAESTRUTURA E SEGURANÇA (TECNOLOGIA) - MDO 23 - Pós Produção - parte 1 - Analista de Sol. Midias Sr. PJ";2023-03-16 00:00:00,000;2023-03-27 00:00:00,000;2023-03-27 00:00:00,000;8668,44
"14364";"Incremento de Esteiras Pós Produção 4k (Conteúdo Premium)";"";"Plataformas De Produção";"PLAT. DE PÓS-PROD. E DESIGN";"SOLUÇÃO";"RCGRJ10192263";"OCGCP10188818";"AD DIGITAL COMERCIO DE ELETRONICOS LTDA";"MONIQUE MALTA DA SILVA FERNANDES MACHADO";"CLOSED FOR RECEIVING";"Aberto";"CLOSED FOR RECEIVING";"APPROVED";2023-03-17 00:00:00,000;"INFRAESTRUTURA E SEGURANÇA (TECNOLOGIA) - MDO 23 - Pós Produção - parte 1 - ASM2 SR PJ";2023-03-17 00:00:00,000;2023-03-27 00:00:00,000;2023-03-27 00:00:00,000;7154,76
"14364";"Incremento de Esteiras Pós Produção 4k (Conteúdo Premium)";"";"Plataformas De Produção";"PLAT. DE PÓS-PROD. E DESIGN";"SOLUÇÃO";"RCGRJ10225479";"OCGCP10217567";"DGC AUDIO E VIDEO LTDA";"RUBENS RODRIGO MARQUES DE OLIVEIRA";"CLOSED FOR RECEIVING";"Aberto";"CLOSED FOR RECEIVING";"APPROVED";2023-05-23 00:00:00,000;"Execução de Projetos Estúdios Globo - EG - EP - CPP - CONSULTORIA ACÚSTICA ILHA ATMOS  - Demais Projetos e Consultorias - Prestação de serviço de soluções técnicas em acústica. - Denio Costa - Soluções Técnicas em Áudio, Vídeo e Acústica –";2023-05-19 00:00:00,000;2023-06-16 00:00:00,000;2023-06-16 00:00:00,000;0,01
"14364";"Incremento de Esteiras Pós Produção 4k (Conteúdo Premium)";"";"Plataformas De Produção";"PLAT. DE PÓS-PROD. E DESIGN";"SOLUÇÃO";"RCGRJ10225835";"OCGCP10220022";"";"BRUNO DUTRA GOMES";"CLOSED FOR RECEIVING";"Aberto";"CLOSED FOR RECEIVING";"APPROVED";2023-05-29 00:00:00,000;"SERV OUTSOURCING TELECOM, ANALISTA DE RESPOSTA A INCIDENTES BASICOS, NIVEL I, - Pagamento atrasados Morphus - Esteira 4k Pós Produção";2023-05-29 00:00:00,000;2023-06-16 00:00:00,000;2023-06-16 00:00:00,000;89,29
"14364";"Incremento de Esteiras Pós Produção 4k (Conteúdo Premium)";"";"Plataformas De Produção";"PLAT. DE PÓS-PROD. E DESIGN";"SOLUÇÃO";"RCGRJ10300111";"OCGCP10295240";"DELL COMPUTADORES DO BRASIL LTDA";"MARCELLE LIZ FRANZI VICHI DA SILVA";"CLOSED FOR RECEIVING";"Aberto";"CLOSED FOR RECEIVING";"APPROVED";2023-11-22 00:00:00,000;"INFRAESTRUTURA E SEGURANÇA (TECNOLOGIA) - ESTEIRAS 4K - RENOVAÇÃO RED HAT (1 ANO)";2023-11-21 00:00:00,000;2023-12-21 00:00:00,000;2023-12-21 00:00:00,000;0,83
"25976";"Inovação em C&P";"fparisi@g.globo";"Plataformas De Produção";"PLAT. DE CAPTAÇÃO E PRODUÇÃO";"SOLUÇÃO";"RCGRJ10543252";"OCGCP10559853";"PAIXAO DISTRIBUICAO E COMERCIO LTDA";"RAPHAEL BAPTISTA DA SILVA";"OPEN";"Aberto";"OPEN";"APPROVED";2025-08-05 00:00:00,000;"ISESC (TECNOLOGIA) – INOVAÇÃO EM C&P – AQUISIÇÃO DE HODO USB C DOCKING STATION – RJ";2025-08-04 00:00:00,000;2025-08-28 00:00:00,000;2025-08-13 00:00:00,000;1260
"25976";"Inovação em C&P";"fparisi@g.globo";"Plataformas De Produção";"PLAT. DE CAPTAÇÃO E PRODUÇÃO";"SOLUÇÃO";"RCGRJ10569089";"OCGCP10588646";"VIRTUALTV PRODUCOES E TECNOLOGIA LTDA";"MARIANA GYBSON DE CARVALHO FONSECA";"OPEN";"Aberto";"OPEN";"APPROVED";2025-10-13 00:00:00,000;"ISESC (TECNOLOGIA) - INOVAÇÃO EM C&P - EMISSÃO DE 1 KIT UPP DRAMA LIGHT – VTECC [SOLUÇÃO]";2025-10-06 00:00:00,000;2025-11-05 00:00:00,000;2025-12-05 00:00:00,000;18411,74
"25976";"Inovação em C&P";"fparisi@g.globo";"Plataformas De Produção";"PLAT. DE CAPTAÇÃO E PRODUÇÃO";"SOLUÇÃO";"RCGRJ10570861";"OCGCP10588646";"VIRTUALTV PRODUCOES E TECNOLOGIA LTDA";"MARIANA GYBSON DE CARVALHO FONSECA";"OPEN";"Aberto";"OPEN";"APPROVED";2025-10-13 00:00:00,000;"ISESC (TECNOLOGIA) - INOVAÇÃO EM C&P - EMISSÃO DE 1 KIT UPP DRAMA LIGHT – VTECC [SOLUÇÃO]";2025-10-10 00:00:00,000;2025-11-09 00:00:00,000;2025-12-05 00:00:00,000;1084,46
"25976";"Inovação em C&P";"fparisi@g.globo";"Plataformas De Produção";"PLAT. DE CAPTAÇÃO E PRODUÇÃO";"SOLUÇÃO";"RCGRJ10605369";"OCGCP10628373";"VIRTUALTV PRODUCOES E TECNOLOGIA LTDA";"MARIANA GYBSON DE CARVALHO FONSECA";"CLOSED";"Fechado";"CLOSED";"APPROVED";2026-01-23 00:00:00,000;"ISESC (TECNOLOGIA) - INOVAÇÃO EM C&P - EMISSÃO DE 1 KIT UPP DRAMA LIGHT – VTECC [SOLUÇÃO]";2026-01-22 00:00:00,000;2026-02-21 00:00:00,000;2026-02-21 00:00:00,000;927,94
"25976";"Inovação em C&P";"fparisi@g.globo";"Plataformas De Produção";"PLAT. DE CAPTAÇÃO E PRODUÇÃO";"SOLUÇÃO";"RCGRJ10670741";"OCGCP10707684";"LINE.COM COMERCIO E SERVICOS LTDA";"MATHEUS OLIVEIRA DE JESUS SILVA";"OPEN";"Aberto";"OPEN";"APPROVED";2026-08-04 00:00:00,000;"PLATAFORMAS DE PRODUÇÃO (TECNOLOGIA) - INOVAÇÃO EM C&P- COMPRA BUNDLE MICROFONE KLOVER DIRECIONAL EM PARÁBOLA [SOLUÇÃO]";2026-07-16 00:00:00,000;2026-08-13 00:00:00,000;2026-09-18 00:00:00,000;46383,14
"25976";"Inovação em C&P";"fparisi@g.globo";"Plataformas De Produção";"PLAT. DE CAPTAÇÃO E PRODUÇÃO";"SOLUÇÃO";"RCGRJ10672013";"OCGCP10719237";"SONY LATIN AMERICA INC";"MARCUS VINICIUS DA SILVA GUEDES ALCOFORADO";"OPEN";"Aberto";"OPEN";"APPROVED";2026-09-02 00:00:00,000;"Descrição: PLATAFORMAS DE PRODUÇÃO (TECNOLOGIA) - INOVAÇÃO EM C&P- COMPRA CNA-2 SONY E SOFTWARE PARA VIABILIZAÇÃO DO CONTROLE DAS CAMERAS PTZ SONY[SOLUÇÃO]";2026-08-27 00:00:00,000;2026-08-25 00:00:00,000;2026-11-24 00:00:00,000;100826,29999999999
"25976";"Inovação em C&P";"fparisi@g.globo";"Plataformas De Produção";"PLAT. DE CAPTAÇÃO E PRODUÇÃO";"SOLUÇÃO";"RCGRJ10674063";"OCGCP10727899";"DELL COMPUTADORES DO BRASIL LTDA";"CAROLINE LOPES MENDONCA";"OPEN";"Aberto";"OPEN";"APPROVED";2026-09-23 00:00:00,000;"Plataformas de Produção (Tecnologia) - Inovação em C&P - Aquisição de servidor para solução de Tracking por IA para câmeras robóticas - Dell [Solução]";2026-08-24 00:00:00,000;2026-09-18 00:00:00,000;2026-11-17 00:00:00,000;641,92
"25976";"Inovação em C&P";"fparisi@g.globo";"Plataformas De Produção";"PLAT. DE CAPTAÇÃO E PRODUÇÃO";"SOLUÇÃO";"RCGRJ10674063";"OCGCP10727899";"DELL COMPUTADORES DO BRASIL LTDA";"CAROLINE LOPES MENDONCA";"OPEN";"Aberto";"OPEN";"APPROVED";2026-09-23 00:00:00,000;"Plataformas de Produção (Tecnologia) - Inovação em C&P - Aquisição de servidor para solução de Tracking por IA para câmeras robóticas - Dell [Solução]";2026-08-24 00:00:00,000;2026-09-19 00:00:00,000;2026-11-17 00:00:00,000;109643,84
"25976";"Inovação em C&P";"fparisi@g.globo";"Plataformas De Produção";"PLAT. DE CAPTAÇÃO E PRODUÇÃO";"SOLUÇÃO";"RCGRJ10674063";"OCGCP10727903";"DELL COMPUTADORES DO BRASIL LTDA";"CAROLINE LOPES MENDONCA";"CLOSED FOR RECEIVING";"Aberto";"CLOSED FOR RECEIVING";"APPROVED";2026-09-23 00:00:00,000;"Plataformas de Produção (Tecnologia) - Inovação em C&P - Aquisição de servidor para solução de Tracking por IA para câmeras robóticas - Dell [Solução]";2026-08-24 00:00:00,000;2026-09-18 00:00:00,000;2026-11-16 00:00:00,000;3714,22
"25976";"Inovação em C&P";"fparisi@g.globo";"Plataformas De Produção";"PLAT. DE CAPTAÇÃO E PRODUÇÃO";"SOLUÇÃO";"RCGRJ10679365";"OCGCP10722231";"PAIXAO DISTRIBUICAO E COMERCIO LTDA";"THAYSA ROCHA FERREIRA";"OPEN";"Aberto";"OPEN";"APPROVED";2026-09-10 00:00:00,000;"PLATAFORMAS DE PRODUÇÃO (TECNOLOGIA) - INOVAÇÃO EM C&P- COMPRA DE KIT UP IRL - VESTILINK - TRAJE INTELIGENTE PARA ENTRADA AO VIVO [SOLUÇÃO]";2026-09-02 00:00:00,000;2026-10-05 00:00:00,000;2026-10-05 00:00:00,000;160
"25976";"Inovação em C&P";"fparisi@g.globo";"Plataformas De Produção";"PLAT. DE CAPTAÇÃO E PRODUÇÃO";"SOLUÇÃO";"RCGRJ10679365";"OCGCP10722244";"VIDEOLINEA SYSTEM SNC";"THAYSA ROCHA FERREIRA";"OPEN";"Aberto";"OPEN";"APPROVED";2026-09-10 00:00:00,000;"PLATAFORMAS DE PRODUÇÃO (TECNOLOGIA) - INOVAÇÃO EM C&P- COMPRA DE KIT UP IRL - VESTILINK - TRAJE INTELIGENTE PARA ENTRADA AO VIVO [SOLUÇÃO]";2026-09-02 00:00:00,000;2026-10-13 00:00:00,000;2026-10-13 00:00:00,000;8540,869999999999
"25976";"Inovação em C&P";"fparisi@g.globo";"Plataformas De Produção";"PLAT. DE CAPTAÇÃO E PRODUÇÃO";"SOLUÇÃO";"RCGRJ10679365";"OCGCP10722228";"BROADCAST EQUIPMENT CORPORATION";"THAYSA ROCHA FERREIRA";"OPEN";"Aberto";"OPEN";"APPROVED";2026-09-10 00:00:00,000;"PLATAFORMAS DE PRODUÇÃO (TECNOLOGIA) - INOVAÇÃO EM C&P- COMPRA DE KIT UP IRL - VESTILINK - TRAJE INTELIGENTE PARA ENTRADA AO VIVO [SOLUÇÃO]";2026-09-02 00:00:00,000;2026-10-20 00:00:00,000;2026-10-20 00:00:00,000;19881,67
"25976";"Inovação em C&P";"fparisi@g.globo";"Plataformas De Produção";"PLAT. DE CAPTAÇÃO E PRODUÇÃO";"SOLUÇÃO";"RCGRJ10679365";"OCGCP10722231";"PAIXAO DISTRIBUICAO E COMERCIO LTDA";"";"Recebido | Sem Contabilização";"Aberto";"Recebido | Sem Contabilização";"";2026-09-10 00:00:00,000;"PLATAFORMAS DE PRODUÇÃO (TECNOLOGIA) - INOVAÇÃO EM C&P- COMPRA DE KIT UP IRL - VESTILINK - TRAJE INTELIGENTE PARA ENTRADA AO VIVO [SOLUÇÃO]";2026-09-02 00:00:00,000;2026-08-11 00:00:00,000;;45
"25976";"Inovação em C&P";"fparisi@g.globo";"Plataformas De Produção";"PLAT. DE CAPTAÇÃO E PRODUÇÃO";"SOLUÇÃO";"RCGRJ10693787";"OCGCP10728285";"NASCIMENTO SERVICOS DE MULTIMIDIA LTDA";"";"SEM PAGAMENTO";"Aberto";"SEM PAGAMENTO";"APPROVED";2026-09-29 00:00:00,000;"PLATAFORMAS DE PRODUÇÃO (TECNOLOGIA) - INOVAÇÃO EM C&P - KIT UP IRL - ALUGUEL DE SISTEMA PARA O MIMO FESTIVAL EM RECIFE [SOLUÇÃO]";2026-09-23 00:00:00,000;;;29380
"25976";"Inovação em C&P";"fparisi@g.globo";"Plataformas De Produção";"PLAT. DE CAPTAÇÃO E PRODUÇÃO";"SOLUÇÃO";"RCGRJ10695139";"";"SONY PROFESSIONAL SOLUTIONS BRASIL LTDA";"BRUNO DOMINGOS SIMOES";"APPROVED";"Aberto";"APPROVED";"APPROVED";2026-09-24 00:00:00,000;"PLATAFORMAS DE PRODUÇÃO (TECNOLOGIA) - INOVAÇÃO EM C&P- COMPRA DE EQUIPAMENTOS E SOFTWARE SONY PARA VIABILIZAÇÃO DO POOL DE OPERAÇÃO DE CAMERAS PTZ NO JB [SOLUÇÃO].";2026-09-24 00:00:00,000;2026-10-24 00:00:00,000;;184513,12
"10699";"Jornada dos PAMs (Losys Recife)";"";"Plataformas De Produção";"PLAT. DE PÓS-PROD. E DESIGN";"SOLUÇÃO";"RCGMG10006142";"OCGCP10254259";"ALLIANCE TECHNOLOGIES LTDA";"VANUZA APARECIDA PIANES COELHO";"CLOSED FOR RECEIVING";"Aberto";"CLOSED FOR RECEIVING";"APPROVED";2023-08-16 00:00:00,000;"INFRAESTRUTURA E SEGURANÇA (TECNOLOGIA) – JORNADA DOS PAMs (LOSYS RECIFE) - EXTENSÃO SUPORTE EVS BH - FORNECEDOR: ALLIANCE/EVS";2023-08-07 00:00:00,000;2023-08-31 00:00:00,000;2023-08-31 00:00:00,000;1168,8
"10699";"Jornada dos PAMs (Losys Recife)";"";"Plataformas De Produção";"PLAT. DE PÓS-PROD. E DESIGN";"SOLUÇÃO";"RCGRJ10172239";"OCGCP10161922";"DIGIACOMO INSTALACOES LTDA";"MARIA HELENA PEREZ ANDRADE";"CLOSED FOR RECEIVING";"Aberto";"CLOSED FOR RECEIVING";"APPROVED";2023-01-11 00:00:00,000;"INFRAESTRUTURA E SEGURANÇA (TECNOLOGIA) - JORNADA DOS PAMS LOSYS RECIFE - SERVIÇO DE MDO - FORNECEDOR: DIGIACOMO";2023-01-11 00:00:00,000;2023-01-13 00:00:00,000;2023-01-13 00:00:00,000;1575,1999999999998
"30744";"Kit Light Jornalismo - SP";"arthurnsantos@g.globo";"Plataformas De Produção";"PLAT. DE CAPTAÇÃO E PRODUÇÃO";"MDO";"RCGRJ10639538";"OCGCP10670416";"AD DIGITAL COMERCIO DE ELETRONICOS LTDA";"MONIQUE MALTA DA SILVA FERNANDES MACHADO";"CLOSED FOR RECEIVING";"Aberto";"CLOSED FOR RECEIVING";"APPROVED";2026-05-07 00:00:00,000;"PLATAFORMAS DE PRODUÇÃO (TECNOLOGIA) - KIT LIGHT JORNALISMO - SP - OUTSOURCING - ID452026 - AD DIGITAL";2026-05-07 00:00:00,000;2026-05-20 00:00:00,000;2026-05-20 00:00:00,000;0,36
"30744";"Kit Light Jornalismo - SP";"arthurnsantos@g.globo";"Plataformas De Produção";"PLAT. DE CAPTAÇÃO E PRODUÇÃO";"SOLUÇÃO";"RCGRJ10696490";"";"SAVANA COMUNICACOES LTDA";"VICTOR TAVARES MACHADO";"PENDING APPROVAL";"Em aprovação";"PENDING APPROVAL";"PENDING APPROVAL";2026-09-28 00:00:00,000;"PLATAFORMAS DE PRODUÇÃO - (TECNOLOGIA) - KIT LIGHT JORNALISMO - PSW E AUDIO MIXER - SKAARHOJ [SOLUÇÃO]";;2026-10-26 00:00:00,000;;283792,5
"30744";"Kit Light Jornalismo - SP";"arthurnsantos@g.globo";"Plataformas De Produção";"PLAT. DE CAPTAÇÃO E PRODUÇÃO";"SOLUÇÃO";"RCGSP10070725";"OCGCP10695566";"GRUPO MULTILASER S.A.";"MARCUS VINICIUS DA SILVA GUEDES ALCOFORADO";"OPEN";"Aberto";"OPEN";"APPROVED";2026-07-03 00:00:00,000;"PLATAFORMAS DE PRODUÇÃO (TECNOLOGIA) - KIT LIGHT JORNALISMO SP - SENNHEISER - POOL DE ACESSÓRIOS DE AUDIO PARA O KIT LIGHT DE JORNALISMO DE SP.";2026-06-29 00:00:00,000;2026-07-19 00:00:00,000;2026-09-04 00:00:00,000;131432,19
"30744";"Kit Light Jornalismo - SP";"arthurnsantos@g.globo";"Plataformas De Produção";"PLAT. DE CAPTAÇÃO E PRODUÇÃO";"SOLUÇÃO";"RCGSP10070725";"OCGCP10695566";"GRUPO MULTILASER S.A.";"MARCUS VINICIUS DA SILVA GUEDES ALCOFORADO";"OPEN";"Aberto";"OPEN";"APPROVED";2026-07-03 00:00:00,000;"PLATAFORMAS DE PRODUÇÃO (TECNOLOGIA) - KIT LIGHT JORNALISMO SP - SENNHEISER - POOL DE ACESSÓRIOS DE AUDIO PARA O KIT LIGHT DE JORNALISMO DE SP.";2026-06-29 00:00:00,000;2026-07-19 00:00:00,000;2026-09-29 00:00:00,000;14447,46
"30744";"Kit Light Jornalismo - SP";"arthurnsantos@g.globo";"Plataformas De Produção";"PLAT. DE CAPTAÇÃO E PRODUÇÃO";"SOLUÇÃO";"RCGSP10070871";"OCGCP10717688";"VIDEOLINEA SYSTEM SNC";"MARCUS VINICIUS DA SILVA GUEDES ALCOFORADO";"OPEN";"Aberto";"OPEN";"APPROVED";2026-08-28 00:00:00,000;"PLATAFORMAS DE PRODUÇÃO (TECNOLOGIA) - KIT LIGHT JORNALISMO SP - GLOBAL BROADCAST SOURCE, INC. - POOL DE ACESSÓRIOS DE ILUMINAÇÃO, AUDIO E VIDEO PARA O KIT LIGHT DE JORNALISMO DE SP.";2026-08-24 00:00:00,000;2026-08-31 00:00:00,000;2026-10-09 00:00:00,000;27928,86
"30744";"Kit Light Jornalismo - SP";"arthurnsantos@g.globo";"Plataformas De Produção";"PLAT. DE CAPTAÇÃO E PRODUÇÃO";"SOLUÇÃO";"RCGSP10070871";"OCGCP10717742";"GBS Trading LLC";"MARCUS VINICIUS DA SILVA GUEDES ALCOFORADO";"OPEN";"Aberto";"OPEN";"APPROVED";2026-08-28 00:00:00,000;"PLATAFORMAS DE PRODUÇÃO (TECNOLOGIA) - KIT LIGHT JORNALISMO SP - GLOBAL BROADCAST SOURCE, INC. - POOL DE ACESSÓRIOS DE ILUMINAÇÃO, AUDIO E VIDEO PARA O KIT LIGHT DE JORNALISMO DE SP.";2026-08-24 00:00:00,000;2026-08-31 00:00:00,000;2026-09-25 00:00:00,000;40767,75
"30744";"Kit Light Jornalismo - SP";"arthurnsantos@g.globo";"Plataformas De Produção";"PLAT. DE CAPTAÇÃO E PRODUÇÃO";"SOLUÇÃO";"RCGSP10070871";"OCGCP10717611";"VIDDIUM - DIGITAL VIDEO INTELIGENTE LTDA";"MARCUS VINICIUS DA SILVA GUEDES ALCOFORADO";"OPEN";"Aberto";"OPEN";"APPROVED";2026-08-28 00:00:00,000;"PLATAFORMAS DE PRODUÇÃO (TECNOLOGIA) - KIT LIGHT JORNALISMO SP - GLOBAL BROADCAST SOURCE, INC. - POOL DE ACESSÓRIOS DE ILUMINAÇÃO, AUDIO E VIDEO PARA O KIT LIGHT DE JORNALISMO DE SP.";2026-08-24 00:00:00,000;2026-08-31 00:00:00,000;2026-10-09 00:00:00,000;46775,200000000004
"30744";"Kit Light Jornalismo - SP";"arthurnsantos@g.globo";"Plataformas De Produção";"PLAT. DE CAPTAÇÃO E PRODUÇÃO";"SOLUÇÃO";"RCGSP10070871";"OCGCP10717688";"VIDEOLINEA SYSTEM SNC";"MARCUS VINICIUS DA SILVA GUEDES ALCOFORADO";"OPEN";"Aberto";"OPEN";"APPROVED";2026-08-28 00:00:00,000;"PLATAFORMAS DE PRODUÇÃO (TECNOLOGIA) - KIT LIGHT JORNALISMO SP - GLOBAL BROADCAST SOURCE, INC. - POOL DE ACESSÓRIOS DE ILUMINAÇÃO, AUDIO E VIDEO PARA O KIT LIGHT DE JORNALISMO DE SP.";2026-08-24 00:00:00,000;2026-08-31 00:00:00,000;2026-10-16 00:00:00,000;116606,39
"30744";"Kit Light Jornalismo - SP";"arthurnsantos@g.globo";"Plataformas De Produção";"PLAT. DE CAPTAÇÃO E PRODUÇÃO";"SOLUÇÃO";"RCGSP10070871";"OCGCP10716411";"VIDEOINTEGRATORS EXPORT COMPANY";"MARCUS VINICIUS DA SILVA GUEDES ALCOFORADO";"OPEN";"Aberto";"OPEN";"APPROVED";2026-08-26 00:00:00,000;"PLATAFORMAS DE PRODUÇÃO (TECNOLOGIA) - KIT LIGHT JORNALISMO SP - GLOBAL BROADCAST SOURCE, INC. - POOL DE ACESSÓRIOS DE ILUMINAÇÃO, AUDIO E VIDEO PARA O KIT LIGHT DE JORNALISMO DE SP.";2026-08-24 00:00:00,000;2026-08-31 00:00:00,000;2026-10-28 00:00:00,000;317098,24
"30744";"Kit Light Jornalismo - SP";"arthurnsantos@g.globo";"Plataformas De Produção";"PLAT. DE CAPTAÇÃO E PRODUÇÃO";"SOLUÇÃO";"RCGSP10070871";"OCGCP10722274";"GBS Trading LLC";"MARCUS VINICIUS DA SILVA GUEDES ALCOFORADO";"OPEN";"Aberto";"OPEN";"APPROVED";2026-09-10 00:00:00,000;"PLATAFORMAS DE PRODUÇÃO (TECNOLOGIA) - KIT LIGHT JORNALISMO SP - GLOBAL BROADCAST SOURCE, INC. - POOL DE ACESSÓRIOS DE ILUMINAÇÃO, AUDIO E VIDEO PARA O KIT LIGHT DE JORNALISMO DE SP.";2026-08-24 00:00:00,000;2026-08-31 00:00:00,000;2026-10-07 00:00:00,000;50752,6
"30744";"Kit Light Jornalismo - SP";"arthurnsantos@g.globo";"Plataformas De Produção";"PLAT. DE CAPTAÇÃO E PRODUÇÃO";"SOLUÇÃO";"RCGSP10074369";"";"";"VICTOR TAVARES MACHADO";"PENDING APPROVAL";"Em aprovação";"PENDING APPROVAL";"PENDING APPROVAL";2026-09-26 00:00:00,000;"PLATAFORMAS DE PRODUÇÃO (TECNOLOGIA) - 1.1.1 - KIT LIGHT JORNALISMO - SP - AQUISIÇÃO DE PAINEL CONTROLADOR PTZ SKAARHOJ PARA TESTES COM CÂMERAS PANASONIC E SONY - SAVANA COMUNICAÇÕES [Solução]";;2026-10-26 00:00:00,000;;45955,78
"24292";"Lentes Full Frame";"arthurnsantos@g.globo";"Plataformas De Produção";"PLAT. DE CAPTAÇÃO E PRODUÇÃO";"MDO";"RCGRJ10538790";"OCGCP10555666";"AD DIGITAL COMERCIO DE ELETRONICOS LTDA";"MONIQUE MALTA DA SILVA FERNANDES MACHADO";"CLOSED FOR RECEIVING";"Aberto";"CLOSED FOR RECEIVING";"APPROVED";2025-07-24 00:00:00,000;"ISESC (TECNOLOGIA) - LENTES FULL FRAME - RESERVA MDO - RC10032 - AD DIGITAL COMERCIO DE ELETRONICOS LTDA";2025-07-24 00:00:00,000;2025-08-14 00:00:00,000;2025-08-14 00:00:00,000;4793,6
"10711";"MG1 - Fase 2";"roberta.mesquita@g.globo";"Plataformas De Produção";"PLAT. DE CAPTAÇÃO E PRODUÇÃO";"SOLUÇÃO";"RCGRJ10000701";"OCGCP10175501";"DINSMORECOMPASS CONSULTORES LTDA";"MONIQUE MALTA DA SILVA FERNANDES MACHADO";"CLOSED FOR RECEIVING";"Aberto";"CLOSED FOR RECEIVING";"APPROVED";2023-02-14 00:00:00,000;"EBS|2520755|INFRAESTRUTURA E SEGURANÇA – MG1 Fase 2 – [MO PROJETOS - COMPLEMENTAR] – [DINSMORE-COMPASS]";2022-01-12 00:00:00,000;2022-01-13 00:00:00,000;2022-01-13 00:00:00,000;7248
"30790";"Migração dos Sistemas legados do Acervo EG";"marcio.rocha@g.globo";"Plataformas De Produção";"PLAT. DE METADADOS E MÍDIAS";"MDO";"RCGRJ10639721";"OCGCP10668110";"SYS MANAGER INFORMATICA LTDA";"JUAREZ AURELIO TORRES DA SILVA";"CLOSED FOR RECEIVING";"Aberto";"CLOSED FOR RECEIVING";"APPROVED";2026-04-30 00:00:00,000;"PLATAFORMAS DE PRODUÇÃO (TECNOLOGIA) - MIGRAÇÃO DOS SISTEMAS LEGADOS DO ACERVO EG - OUTSOURCING - ID812026 - SYS MANAGER";2026-04-30 00:00:00,000;2026-04-20 00:00:00,000;2026-04-20 00:00:00,000;48003,58
"30790";"Migração dos Sistemas legados do Acervo EG";"marcio.rocha@g.globo";"Plataformas De Produção";"PLAT. DE METADADOS E MÍDIAS";"SOLUÇÃO";"RCGRJ10647397";"OCGCP10682622";"SONY LATIN AMERICA INC";"THAYSA ROCHA FERREIRA";"CLOSED";"Fechado";"CLOSED";"APPROVED";2026-06-03 00:00:00,000;"ISESC (TECNOLOGIA) - Migração dos Sistemas legados do Acervo EG 80K e Obs. Airspeed SP, JB, BH e DF 35K - PARCERIA EG - Peças para reparo em Robótica SONY ODA - [BASE]";2026-05-25 00:00:00,000;2026-08-13 00:00:00,000;2026-08-13 00:00:00,000;0,02
"30790";"Migração dos Sistemas legados do Acervo EG";"marcio.rocha@g.globo";"Plataformas De Produção";"PLAT. DE METADADOS E MÍDIAS";"SOLUÇÃO";"RCGRJ10672199";"OCGCP10715692";"ESX ENGENHARIA DE SOFTWARE LTDA";"PAULA REGIS QUEIROZ AFONSO MUNIZ";"CLOSED FOR RECEIVING";"Aberto";"CLOSED FOR RECEIVING";"APPROVED";2026-08-24 00:00:00,000;"PLATAFORMAS DE PRODUÇÃO (TECNOLOGIA) - AQUISIÇÃO DE MÃO DE OBRA DE CIENTISTA DE DADOS SENIOR MEDIA CORE - PREZENSA - AGO/26 A DEZ/26";2026-08-24 00:00:00,000;2026-09-10 00:00:00,000;2026-09-10 00:00:00,000;155000
"30790";"Migração dos Sistemas legados do Acervo EG";"marcio.rocha@g.globo";"Plataformas De Produção";"PLAT. DE METADADOS E MÍDIAS";"SOLUÇÃO";"RCGRJ10674834";"OCGCP10706479";"SONY LATIN AMERICA INC";"BRUNO DOMINGOS SIMOES";"OPEN";"Aberto";"OPEN";"APPROVED";2026-07-30 00:00:00,000;"ISESC (TECNOLOGIA) - Migração dos Sistemas legados do Acervo EG e WORKFLOW 4K de Edição - PARCERIA EG - Peças para reparo em Robótica SONY ODA - [BASE].";2026-07-29 00:00:00,000;2026-08-26 00:00:00,000;2026-10-30 00:00:00,000;160310,73
"25931";"Monitor Wall G5, Multiviewer CTL2 SP, COT CPP EG e Monitoração de Audio JB";"rodrigo.ogura@g.globo";"Plataformas De Produção";"PLAT. DE CAPTAÇÃO E PRODUÇÃO";"SOLUÇÃO";"RCGPE10011232";"OCGCP10654781";"SKAARHOJ";"RAFAEL LOPES ROSADO";"CLOSED FOR RECEIVING";"Aberto";"CLOSED FOR RECEIVING";"APPROVED";2026-03-26 00:00:00,000;"ISESC (TECNOLOGIA) - MONITOR WALL G5, MULTIVIEWER CTL2 SP, COT CPP EG E MONITORAÇÃO DE ÁUDIO JB - AQUISIÇÃO DE LICENÇA PARA USO DA STREAMDECK PARA CONTROLE ALL IN ONE RECIFE  - SAVANA  [SOLUÇÃO]";2026-03-25 00:00:00,000;2026-04-24 00:00:00,000;2026-04-03 00:00:00,000;705,29
"25931";"Monitor Wall G5, Multiviewer CTL2 SP, COT CPP EG e Monitoração de Audio JB";"rodrigo.ogura@g.globo";"Plataformas De Produção";"PLAT. DE CAPTAÇÃO E PRODUÇÃO";"MDO";"RCGRJ10576483";"OCGCP10593940";"AD DIGITAL COMERCIO DE ELETRONICOS LTDA";"MONIQUE MALTA DA SILVA FERNANDES MACHADO";"CLOSED FOR RECEIVING";"Aberto";"CLOSED FOR RECEIVING";"APPROVED";2025-10-27 00:00:00,000;"ISESC (TECNOLOGIA) - MONITOR WALL G5, MULTIVIEWER CTL2 SP, COT CPP EG E MONITORAÇÃO DE AUDIO JB - RC2048 -  AD DIGITAL COMERCIO DE ELETRONICOS LTDA";2025-10-27 00:00:00,000;2025-11-26 00:00:00,000;2025-11-26 00:00:00,000;6811,96
"25931";"Monitor Wall G5, Multiviewer CTL2 SP, COT CPP EG e Monitoração de Audio JB";"rodrigo.ogura@g.globo";"Plataformas De Produção";"PLAT. DE CAPTAÇÃO E PRODUÇÃO";"SOLUÇÃO";"RCGRJ10599135";"";"";"";"";"Aberto";"";"";2025-12-30 00:00:00,000;"ISESC (TECNOLOGIA) - MONITOR WALL G5, MULTIVIEWER CTL2 SP, COT CPP EG E MONITORAÇÃO DE ÁUDIO JB - AQUISIÇÃO DE MATERIAL DE INTEGRAÇÃO PARA CONTROLE ALL IN ONE RECIFE - ALMOXARIFADO- [SOLUÇÃO]";2025-12-30 00:00:00,000;;;33444,87
"30749";"Monitoração e Contribuição G5 - Skype BH";"victor.chagas@g.globo";"Plataformas De Produção";"PLAT. DE CAPTAÇÃO E PRODUÇÃO";"SOLUÇÃO";"RCGMG10013983";"";"";"CAROLINE MENDONCA";"APPROVED";"Aberto";"APPROVED";"APPROVED";2026-09-08 00:00:00,000;"PLATAFORMAS DE PRODUÇÃO (TECNOLOGIA) - MONITORAÇÃO E CONTRIBUIÇÃO G5 - HARDWARE  SKYPE BH - PLATAFORMA DE CONTRIBUIÇÃO REMOTA -BH HP/VIDEOLINEA   - (Squad de Controles)";2026-09-17 00:00:00,000;2026-10-08 00:00:00,000;;66984,81
"30749";"Monitoração e Contribuição G5 - Skype BH";"victor.chagas@g.globo";"Plataformas De Produção";"PLAT. DE CAPTAÇÃO E PRODUÇÃO";"SOLUÇÃO";"RCGMG10014714";"";"CCA SOLUCOES E TECNOLOGIA LTDA";"CAROLINE MENDONCA";"APPROVED";"Aberto";"APPROVED";"APPROVED";2026-09-08 00:00:00,000;"PLATAFORMAS DE PRODUÇÃO (TECNOLOGIA) - MONITORAÇÃO E CONTRIBUIÇÃO G5 - SKYPE BH - PLATAFORMA DE CONTRIBUIÇÃO REMOTA -BH  CCA TECH - (Squad de Controles)";2026-09-17 00:00:00,000;2026-10-08 00:00:00,000;;24696,96
"30750";"Monitoração e Contribuição G5 - Skype BSA";"victor.chagas@g.globo";"Plataformas De Produção";"PLAT. DE CAPTAÇÃO E PRODUÇÃO";"SOLUÇÃO";"RCGDF10012380";"";"";"CAROLINE MENDONCA";"APPROVED";"Aberto";"APPROVED";"APPROVED";2026-09-08 00:00:00,000;"PLATAFORMAS DE PRODUÇÃO (TECNOLOGIA) - MONITORAÇÃO E CONTRIBUIÇÃO G5 -HARDWARE SKYPE BSA- PLATAFORMA DE CONTRIBUIÇÃO REMOTA -BSA  HP/VIDEOLINEA - (Squad de Controles)";2026-09-16 00:00:00,000;2026-10-08 00:00:00,000;;68124,43
"30750";"Monitoração e Contribuição G5 - Skype BSA";"victor.chagas@g.globo";"Plataformas De Produção";"PLAT. DE CAPTAÇÃO E PRODUÇÃO";"SOLUÇÃO";"RCGDF10013002";"";"CCA SOLUCOES E TECNOLOGIA LTDA";"CAROLINE MENDONCA";"APPROVED";"Aberto";"APPROVED";"APPROVED";2026-09-08 00:00:00,000;"PLATAFORMAS DE PRODUÇÃO (TECNOLOGIA) - MONITORAÇÃO E CONTRIBUIÇÃO G5 - SKYPE BSA- PLATAFORMA DE CONTRIBUIÇÃO REMOTA -BSA  CCA TECH - (Squad de Controles)";2026-09-17 00:00:00,000;2026-10-08 00:00:00,000;;24696,96
"30751";"Monitoração e Contribuição G5 - Skype ION";"victor.chagas@g.globo";"Plataformas De Produção";"PLAT. DE CAPTAÇÃO E PRODUÇÃO";"MDO";"RCGRJ10639794";"OCGCP10667758";"QUARK TECNOLOGIA LTDA";"PAULA REGIS QUEIROZ AFONSO MUNIZ";"CLOSED FOR RECEIVING";"Aberto";"CLOSED FOR RECEIVING";"APPROVED";2026-04-29 00:00:00,000;"PLATAFORMAS DE PRODUÇÃO (TECNOLOGIA) -MONITORAÇÃO E CONTRIBUIÇÃO G5 - SKYPE ION - OUTSOURCING - ID1132026 - QUARK";2026-04-29 00:00:00,000;2026-05-20 00:00:00,000;2026-05-20 00:00:00,000;805
"30751";"Monitoração e Contribuição G5 - Skype ION";"victor.chagas@g.globo";"Plataformas De Produção";"PLAT. DE CAPTAÇÃO E PRODUÇÃO";"SOLUÇÃO";"RCGRJ10657317";"";"";"CAROLINE MENDONCA";"APPROVED";"Aberto";"APPROVED";"APPROVED";2026-09-08 00:00:00,000;"PLATAFORMAS DE PRODUÇÃO (TECNOLOGIA) - MONITORAÇÃO E CONTRIBUIÇÃO G5 - HARDWARE SKYPE ION - PLATAFORMA DE CONTRIBUIÇÃO REMOTA -ION - HP/VIDEOLINEA - (Squad de Controles)";2026-09-17 00:00:00,000;2026-10-08 00:00:00,000;;205109,13
"30751";"Monitoração e Contribuição G5 - Skype ION";"victor.chagas@g.globo";"Plataformas De Produção";"PLAT. DE CAPTAÇÃO E PRODUÇÃO";"SOLUÇÃO";"RCGRJ10688928";"";"CCA SOLUCOES E TECNOLOGIA LTDA";"CAROLINE MENDONCA";"APPROVED";"Aberto";"APPROVED";"APPROVED";2026-09-08 00:00:00,000;"PLATAFORMAS DE PRODUÇÃO (TECNOLOGIA) - MONITORAÇÃO E CONTRIBUIÇÃO G5 - SKYPE ION - PLATAFORMA DE CONTRIBUIÇÃO REMOTA -ION CCA TECH - (Squad de Controles)";2026-09-19 00:00:00,000;2026-10-08 00:00:00,000;;74090,88
"30752";"Monitoração e Contribuição G5 - Skype JB";"victor.chagas@g.globo";"Plataformas De Produção";"PLAT. DE CAPTAÇÃO E PRODUÇÃO";"MDO";"RCGRJ10639638";"OCGCP10667744";"QUARK TECNOLOGIA LTDA";"PAULA REGIS QUEIROZ AFONSO MUNIZ";"CLOSED FOR RECEIVING";"Aberto";"CLOSED FOR RECEIVING";"APPROVED";2026-04-29 00:00:00,000;"PLATAFORMAS DE PRODUÇÃO (TECNOLOGIA) -MONITORAÇÃO E CONTRIBUIÇÃO G5 - SKYPE JB - OUTSOURCING - ID1142026 - QUARK";2026-04-29 00:00:00,000;2026-04-20 00:00:00,000;2026-04-20 00:00:00,000;36085
"30752";"Monitoração e Contribuição G5 - Skype JB";"victor.chagas@g.globo";"Plataformas De Produção";"PLAT. DE CAPTAÇÃO E PRODUÇÃO";"SOLUÇÃO";"RCGRJ10657263";"";"";"CAROLINE MENDONCA";"APPROVED";"Aberto";"APPROVED";"APPROVED";2026-09-08 00:00:00,000;"PLATAFORMAS DE PRODUÇÃO (TECNOLOGIA) - MONITORAÇÃO E CONTRIBUIÇÃO G5 -HARDWARE SKYPE JB - PLATAFORMA DE CONTRIBUIÇÃO REMOTA -JB HP/VIDEOLINEA - (Squad de Controles)";2026-09-19 00:00:00,000;2026-10-08 00:00:00,000;;273470,2
"30752";"Monitoração e Contribuição G5 - Skype JB";"victor.chagas@g.globo";"Plataformas De Produção";"PLAT. DE CAPTAÇÃO E PRODUÇÃO";"SOLUÇÃO";"RCGRJ10688945";"";"CCA SOLUCOES E TECNOLOGIA LTDA";"CAROLINE MENDONCA";"APPROVED";"Aberto";"APPROVED";"APPROVED";2026-09-08 00:00:00,000;"PLATAFORMAS DE PRODUÇÃO (TECNOLOGIA) - MONITORAÇÃO E CONTRIBUIÇÃO G5 - SKYPE JB - PLATAFORMA DE CONTRIBUIÇÃO REMOTA -JB CCA TECH - (Squad de Controles)";2026-09-17 00:00:00,000;2026-10-08 00:00:00,000;;98787,88
"30752";"Monitoração e Contribuição G5 - Skype JB";"victor.chagas@g.globo";"Plataformas De Produção";"PLAT. DE CAPTAÇÃO E PRODUÇÃO";"SOLUÇÃO";"RCGSP10068413";"OCGCP10667193";"RTECH COMERCIO E DISTRIBUICAO DE INFORMATICA E ELETRONICOS LTDA";"RAFAEL LOPES ROSADO";"OPEN";"Aberto";"OPEN";"APPROVED";2026-04-28 00:00:00,000;"PLATAFORMAS DE PRODUÇÃO (TECNOLOGIA) -MONITORAÇÃO E CONTRIBUIÇÃO G5 - SKYPE JB - PARTES PARA MONTAGEM PC HOMOLOGAÇÃO - PAIXAO DISTRIBUIDORA [SOLUÇÃO]";2026-04-25 00:00:00,000;2026-05-25 00:00:00,000;2026-05-22 00:00:00,000;6697,08
"30753";"Monitoração e Contribuição G5 - Skype REC";"victor.chagas@g.globo";"Plataformas De Produção";"PLAT. DE CAPTAÇÃO E PRODUÇÃO";"SOLUÇÃO";"RCGPE10011696";"";"";"CAROLINE MENDONCA";"APPROVED";"Aberto";"APPROVED";"APPROVED";2026-09-08 00:00:00,000;"PLATAFORMAS DE PRODUÇÃO (TECNOLOGIA) - MONITORAÇÃO E CONTRIBUIÇÃO G5 - HARDWARE SKYPE REC - PLATAFORMA DE CONTRIBUIÇÃO REMOTA -REC  HP/VIDEOLINEA- (Squad de Controles)";2026-09-17 00:00:00,000;2026-10-08 00:00:00,000;;72791,599999999991
"30753";"Monitoração e Contribuição G5 - Skype REC";"victor.chagas@g.globo";"Plataformas De Produção";"PLAT. DE CAPTAÇÃO E PRODUÇÃO";"SOLUÇÃO";"RCGPE10012232";"";"CCA SOLUCOES E TECNOLOGIA LTDA";"CAROLINE MENDONCA";"APPROVED";"Aberto";"APPROVED";"APPROVED";2026-09-08 00:00:00,000;"PLATAFORMAS DE PRODUÇÃO (TECNOLOGIA) - MONITORAÇÃO E CONTRIBUIÇÃO G5 - SKYPE REC - PLATAFORMA DE CONTRIBUIÇÃO REMOTA -REC CCA TECH - (Squad de Controles)";2026-09-17 00:00:00,000;2026-10-08 00:00:00,000;;24696,96
"30753";"Monitoração e Contribuição G5 - Skype REC";"victor.chagas@g.globo";"Plataformas De Produção";"PLAT. DE CAPTAÇÃO E PRODUÇÃO";"MDO";"RCGRJ10639634";"OCGCP10667753";"QUARK TECNOLOGIA LTDA";"PAULA REGIS QUEIROZ AFONSO MUNIZ";"CLOSED FOR RECEIVING";"Aberto";"CLOSED FOR RECEIVING";"APPROVED";2026-04-29 00:00:00,000;"PLATAFORMAS DE PRODUÇÃO (TECNOLOGIA) -MONITORAÇÃO E CONTRIBUIÇÃO G5 - SKYPE REC - OUTSOURCING - ID1152026 - QUARK";2026-04-29 00:00:00,000;2026-04-20 00:00:00,000;2026-04-20 00:00:00,000;36085
"30754";"Monitoração e Contribuição G5 - Skype SP";"victor.chagas@g.globo";"Plataformas De Produção";"PLAT. DE CAPTAÇÃO E PRODUÇÃO";"MDO";"RCGRJ10639640";"OCGCP10670047";"QUARK TECNOLOGIA LTDA";"PAULA REGIS QUEIROZ AFONSO MUNIZ";"CLOSED FOR RECEIVING";"Aberto";"CLOSED FOR RECEIVING";"APPROVED";2026-05-06 00:00:00,000;"PLATAFORMAS DE PRODUÇÃO (TECNOLOGIA) -MONITORAÇÃO E CONTRIBUIÇÃO G5 - SKYPE SP - OUTSOURCING - ID1162026 - QUARK";2026-05-06 00:00:00,000;2026-05-06 00:00:00,000;2026-05-06 00:00:00,000;16575,51
"30754";"Monitoração e Contribuição G5 - Skype SP";"victor.chagas@g.globo";"Plataformas De Produção";"PLAT. DE CAPTAÇÃO E PRODUÇÃO";"SOLUÇÃO";"RCGSP10070163";"";"";"CAROLINE MENDONCA";"APPROVED";"Aberto";"APPROVED";"APPROVED";2026-09-08 00:00:00,000;"PLATAFORMAS DE PRODUÇÃO (TECNOLOGIA) - MONITORAÇÃO E CONTRIBUIÇÃO G5 - HARDWARE SKYPE SP - PLATAFORMA DE CONTRIBUIÇÃO REMOTA -SP HP/VIDEOLINEA  - (Squad de Controles)";2026-09-17 00:00:00,000;2026-10-08 00:00:00,000;;139702,68
"30754";"Monitoração e Contribuição G5 - Skype SP";"victor.chagas@g.globo";"Plataformas De Produção";"PLAT. DE CAPTAÇÃO E PRODUÇÃO";"SOLUÇÃO";"RCGSP10073549";"";"CCA SOLUCOES E TECNOLOGIA LTDA";"CAROLINE MENDONCA";"APPROVED";"Aberto";"APPROVED";"APPROVED";2026-09-08 00:00:00,000;"PLATAFORMAS DE PRODUÇÃO (TECNOLOGIA) - MONITORAÇÃO E CONTRIBUIÇÃO G5 - SKYPE SP - PLATAFORMA DE CONTRIBUIÇÃO REMOTA -SP CCA TECH - (Squad de Controles)";2026-09-17 00:00:00,000;2026-10-08 00:00:00,000;;49393,92
"25897";"Move AWS to GCP - Newshub e SCOUT";"leonardo.cabral@g.globo";"Plataformas De Produção";"PLATAFORMA DE PRÉ-PRODUÇÃO";"SOLUÇÃO";"RCGRJ10490486";"OCGCP10499489";"ESX ENGENHARIA DE SOFTWARE LTDA";"PAULA REGIS QUEIROZ AFONSO MUNIZ";"CLOSED FOR RECEIVING";"Aberto";"CLOSED FOR RECEIVING";"APPROVED";2025-03-23 00:00:00,000;"ISESC - SOLUÇÕES DE MIDIAS - PRÉ PRODUÇÃO DE CONTEÚDO - ALOCAÇÃO DADOS E FACTUAL - ESPEC DEVOPS - 7 MESES (JAN/JUL 2025)";2025-03-23 00:00:00,000;2025-03-26 00:00:00,000;2025-03-26 00:00:00,000;540
"25897";"Move AWS to GCP - Newshub e SCOUT";"leonardo.cabral@g.globo";"Plataformas De Produção";"PLATAFORMA DE PRÉ-PRODUÇÃO";"SOLUÇÃO";"RCGRJ10547679";"OCGCP10562098";"NOESIS CONSULTORIA E PROGRAMACAO DE SISTEMAS INFORMATICOS LTDA";"PAULA REGIS QUEIROZ AFONSO MUNIZ";"CLOSED FOR RECEIVING";"Aberto";"CLOSED FOR RECEIVING";"APPROVED";2025-08-08 00:00:00,000;"ISESC - SOLUÇÕES DE MIDIAS - PRÉ PRODUÇÃO DE CONTEÚDO - ALOCAÇÃO DADOS E FACTUAL - 1 QA - FORNECEDOR NOESIS - 3 MESES (OUT/25 a DEZ/25)";2025-08-08 00:00:00,000;2025-09-07 00:00:00,000;2025-09-07 00:00:00,000;134,7
"25898";"Move to cloud e Resgate / upload dos assets do Acervo da Produção Artística";"leonardo.cabral@g.globo";"Plataformas De Produção";"PLATAFORMA DE PRÉ-PRODUÇÃO";"SOLUÇÃO";"RCGRJ10696415";"";"ESX ENGENHARIA DE SOFTWARE LTDA";"PAULA REGIS QUEIROZ AFONSO MUNIZ";"PENDING APPROVAL";"Em aprovação";"PENDING APPROVAL";"PENDING APPROVAL";2026-09-28 00:00:00,000;"PLATAFORMAS DE PRODUÇÃO - PRÉ PRODUÇÃO DE CONTEÚDO - ALOCAÇÃO PLAT GESTAO DA PRODUCAO ARTISTICA - FORNECEDOR: PREZENSA - SERVIÇO DE DESENVOLVIMENTO SOLUÇÕES IA (OUT/NOV 2026)";;2026-10-07 00:00:00,000;;108135,27
"25932";"MVP da Orquestração do Produção Central";"rodrigo.octavio@g.globo";"Plataformas De Produção";"PLAT. DE CAPTAÇÃO E PRODUÇÃO";"SOLUÇÃO";"RCGRJ10508924";"OCGCP10520118";"HP BRASIL INDUSTRIA E COMERCIO DE EQUIPAMENTOS ELETRONICOS LTDA";"THAIS OLIVEIRA SPEZANI";"CLOSED FOR RECEIVING";"Aberto";"CLOSED FOR RECEIVING";"APPROVED";2025-05-07 00:00:00,000;"ISESC (TECNOLOGIA) - MVP ORQUESTRAÇÃO PROD CENTRAL - [HPE]- [WORKSTATIONS SISTEMA MOSART]";2025-05-06 00:00:00,000;2025-06-04 00:00:00,000;2025-06-27 00:00:00,000;0,11
"25932";"MVP da Orquestração do Produção Central";"rodrigo.octavio@g.globo";"Plataformas De Produção";"PLAT. DE CAPTAÇÃO E PRODUÇÃO";"SOLUÇÃO";"RCGRJ10517214";"OCGCP10473613";"PacketStorm Communications, Inc";"VANUZA APARECIDA PIANES COELHO";"OPEN";"Aberto";"OPEN";"APPROVED";2025-07-14 00:00:00,000;"ISESC (TECNOLOGIA) -PACKET STORM - MVP Orquestração - Valor referente ao imposto de importação por empréstimo [SOLUÇÃO]";2025-05-21 00:00:00,000;2025-06-20 00:00:00,000;2025-06-20 00:00:00,000;16012,19
"25932";"MVP da Orquestração do Produção Central";"rodrigo.octavio@g.globo";"Plataformas De Produção";"PLAT. DE CAPTAÇÃO E PRODUÇÃO";"SOLUÇÃO";"RCGRJ10533228";"OCGCP10551501";"DELL COMPUTADORES DO BRASIL LTDA";"CAROLINE LOPES MENDONCA";"CLOSED FOR RECEIVING";"Aberto";"CLOSED FOR RECEIVING";"APPROVED";2025-07-15 00:00:00,000;"ISESC (TECNOLOGIA) -  MVP PRODUÇÃO CENTRAL - ORQUESTRAÇÃO - DELL - SERVIDORES PARA HOME APP - MC²DSP LAWO - ION (SOLUÇÃO)";2025-07-15 00:00:00,000;2025-08-09 00:00:00,000;2025-09-12 00:00:00,000;0,01
"25932";"MVP da Orquestração do Produção Central";"rodrigo.octavio@g.globo";"Plataformas De Produção";"PLAT. DE CAPTAÇÃO E PRODUÇÃO";"INSTALAÇÃO";"RCGRJ10593022";"OCGCP10612367";"CENTAURO ENGENHARIA E INFORMATICA LTDA";"THAIS OLIVEIRA SPEZANI";"CLOSED FOR RECEIVING";"Aberto";"CLOSED FOR RECEIVING";"APPROVED";2025-12-10 00:00:00,000;"ISESC (TECNOLOGIA) - MVP da Orquestração do Produção Central - RESERVA INSTALAÇÃO - RJ (JB / EG) - CENTAURO";2025-12-10 00:00:00,000;2026-01-09 00:00:00,000;2026-01-09 00:00:00,000;7,43
"25932";"MVP da Orquestração do Produção Central";"rodrigo.octavio@g.globo";"Plataformas De Produção";"PLAT. DE CAPTAÇÃO E PRODUÇÃO";"SOLUÇÃO";"RCGRJ10615138";"OCGCP10646952";"ESX ENGENHARIA DE SOFTWARE LTDA";"PAULA REGIS QUEIROZ AFONSO MUNIZ";"CLOSED FOR RECEIVING";"Aberto";"CLOSED FOR RECEIVING";"APPROVED";2026-03-10 00:00:00,000;"PLATAFORMAS DE PRODUÇÃO (TECNOLOGIA) - MVP DA ORQUESTRAÇÃO DO PRODUÇÃO CENTRAL - SOLUÇÃO - DESENVOLVEDOR PARA A EQUIPE DE INOVAÇÃO - ESX ENGENHARIA DE SOFTWARE LTDA";2026-03-10 00:00:00,000;2026-03-06 00:00:00,000;2026-03-06 00:00:00,000;109812,46
"25932";"MVP da Orquestração do Produção Central";"rodrigo.octavio@g.globo";"Plataformas De Produção";"PLAT. DE CAPTAÇÃO E PRODUÇÃO";"SOLUÇÃO";"RCGRJ10658678";"OCGCP10688418";"PAIXAO DISTRIBUICAO E COMERCIO LTDA";"RAPHAEL BAPTISTA DA SILVA";"OPEN";"Aberto";"OPEN";"APPROVED";2026-06-17 00:00:00,000;"PLATAFORMAS DE PRODUÇÃO - MVP DA ORQUESTRAÇÃO DO PRODUÇÃO CENTRAL - SOLUÇÃO - AQUISIÇÃO SUPORTE ULANZI ARTICULÁVEL";2026-06-11 00:00:00,000;2026-06-11 00:00:00,000;2026-07-07 00:00:00,000;1260
"25932";"MVP da Orquestração do Produção Central";"rodrigo.octavio@g.globo";"Plataformas De Produção";"PLAT. DE CAPTAÇÃO E PRODUÇÃO";"SOLUÇÃO";"RCGRJ10663015";"OCGCP10692134";"GBS Trading LLC";"MARCUS VINICIUS DA SILVA GUEDES ALCOFORADO";"OPEN";"Aberto";"OPEN";"APPROVED";2026-06-25 00:00:00,000;"PLATAFORMAS DE PRODUÇÃO - MVP DA ORQUESTRAÇÃO DO PRODUÇÃO CENTRAL - SOLUÇÃO - AQUISIÇÃO REALSENSE™ DEPTH CAMERA";2026-06-23 00:00:00,000;2026-06-23 00:00:00,000;2026-07-31 00:00:00,000;26229,33
"25932";"MVP da Orquestração do Produção Central";"rodrigo.octavio@g.globo";"Plataformas De Produção";"PLAT. DE CAPTAÇÃO E PRODUÇÃO";"SOLUÇÃO";"RCGRJ10663015";"OCGCP10692134";"GBS Trading LLC";"MARCUS VINICIUS DA SILVA GUEDES ALCOFORADO";"OPEN";"Aberto";"OPEN";"APPROVED";2026-06-25 00:00:00,000;"PLATAFORMAS DE PRODUÇÃO - MVP DA ORQUESTRAÇÃO DO PRODUÇÃO CENTRAL - SOLUÇÃO - AQUISIÇÃO REALSENSE™ DEPTH CAMERA";2026-06-23 00:00:00,000;2026-06-23 00:00:00,000;2026-07-15 00:00:00,000;12288,54
"25932";"MVP da Orquestração do Produção Central";"rodrigo.octavio@g.globo";"Plataformas De Produção";"PLAT. DE CAPTAÇÃO E PRODUÇÃO";"SOLUÇÃO";"RCGRJ10675468";"";"";"CAROLINE MENDONCA";"APPROVED";"Aberto";"APPROVED";"APPROVED";2026-07-29 00:00:00,000;"PLATAFORMAS DE PRODUÇÃO (TECNOLOGIA) - ORQUESTRADOR CENTRAL - AQUISIÇÃO DE SERVIDOR PARA PROCESSAMENTO DO MVP ORQUESTRAÇÃO PRODUÇÃO CENTRAL - DELL [SOLUÇÃO].";2026-08-03 00:00:00,000;2026-08-28 00:00:00,000;;284329,08
"20844";"MVP Produção Virtual XR (Dramaturgia)";"julia.maia.rodrigues@g.globo";"Plataformas De Produção";"PLAT. DE PÓS-PROD. E DESIGN";"SOLUÇÃO";"RCGRJ10410045";"OCGCP10411886";"HP BRASIL INDUSTRIA E COMERCIO DE EQUIPAMENTOS ELETRONICOS LTDA";"CAROLINE LOPES MENDONCA";"CLOSED FOR RECEIVING";"Aberto";"CLOSED FOR RECEIVING";"APPROVED";2024-08-28 00:00:00,000;"REEMISSÃO - ISESC - [MVP PRODUÇÃO VIRTUAL XR] - WKS DE HOMOLOGAÇÃO - FORNECEDOR: HP";2024-08-23 00:00:00,000;2024-09-22 00:00:00,000;2024-09-13 00:00:00,000;0,04
"20844";"MVP Produção Virtual XR (Dramaturgia)";"julia.maia.rodrigues@g.globo";"Plataformas De Produção";"PLAT. DE PÓS-PROD. E DESIGN";"MDO";"RCGRJ10414979";"OCGCP10416035";"ESX ENGENHARIA DE SOFTWARE LTDA";"PAULA REGIS QUEIROZ AFONSO MUNIZ";"CLOSED FOR RECEIVING";"Aberto";"CLOSED FOR RECEIVING";"APPROVED";2024-09-05 00:00:00,000;"ISESC (TECNOLOGIA) - OBSOLESCÊNCIA - PLAYOUT AIRSPEED/ PAM DO FUTURO - INEWS/ MVP PRODUÇÃO VIRTUALl XR (Dramaturgia) - MDO - SETEMBRO/24 A FEVEREIRO/25 - RC2-19 - ESX";2024-09-05 00:00:00,000;2024-10-04 00:00:00,000;2024-10-04 00:00:00,000;7118,13
"20844";"MVP Produção Virtual XR (Dramaturgia)";"julia.maia.rodrigues@g.globo";"Plataformas De Produção";"PLAT. DE PÓS-PROD. E DESIGN";"SOLUÇÃO";"RCGRJ10461498";"OCGCP10529607";"CROSSPOINT ELETRONICA LTDA";"MONIQUE MALTA DA SILVA FERNANDES MACHADO";"CLOSED FOR RECEIVING";"Aberto";"CLOSED FOR RECEIVING";"APPROVED";2025-05-27 00:00:00,000;"[Reemissão] ISESC (TECNOLOGIA) - PRODUÇÃO VIRTUAL EG (FASE-2) - AQUISIÇÃO DE SISTEMA REDUNDANTE - DISGUISE";2025-01-29 00:00:00,000;2025-02-13 00:00:00,000;2025-02-13 00:00:00,000;237,76
"29981";"Novo Cenário BDBR";"fparisi@g.globo";"Plataformas De Produção";"PLAT. DE CAPTAÇÃO E PRODUÇÃO";"SOLUÇÃO";"RCGRJ10624606";"OCGCP10648504";"BMONT ENGENHARIA LTDA";"RUBENS RODRIGO MARQUES DE OLIVEIRA";"CLOSED FOR RECEIVING";"Aberto";"CLOSED FOR RECEIVING";"APPROVED";2026-03-13 00:00:00,000;"ISESC (TECNOLOGIA) - NOVO CENÁRIO BDBR - MÃO DE OBRA RACK DE CONTROLADORA";2026-03-11 00:00:00,000;2026-03-20 00:00:00,000;2026-03-20 00:00:00,000;2100
"29981";"Novo Cenário BDBR";"fparisi@g.globo";"Plataformas De Produção";"PLAT. DE CAPTAÇÃO E PRODUÇÃO";"MDO";"RCGRJ10639801";"OCGCP10665592";"INSI DIGITAL EVOLUTION S.A";"RAFAEL RANGEL CASIMIRO";"CLOSED FOR RECEIVING";"Aberto";"CLOSED FOR RECEIVING";"APPROVED";2026-04-23 00:00:00,000;"PLATAFORMAS DE PRODUÇÃO (TECNOLOGIA) - NOVO CENÁRIO BDBR - OUTSOURCING - ID842026 - META";2026-04-23 00:00:00,000;2026-05-20 00:00:00,000;2026-05-20 00:00:00,000;24399,49
"20830";"Novo Cenário JG";"julia.maia.rodrigues@g.globo";"Plataformas De Produção";"PLAT. DE PÓS-PROD. E DESIGN";"SOLUÇÃO";"RCGRJ10344896";"OCGCP10340463";"NTCONSULT TECNOLOGIA E CONSULTORIA LTDA";"PAULA REGIS QUEIROZ AFONSO MUNIZ";"CLOSED FOR RECEIVING";"Aberto";"CLOSED FOR RECEIVING";"APPROVED";2024-03-06 00:00:00,000;"ISESC (TECNOLOGIA) - Novo Cenário JG - Obsolescência - Composição Flame -  MDO 2024 - março a agosto - RC1-70 - NT CONSUNTING";2024-03-06 00:00:00,000;2024-04-04 00:00:00,000;2024-04-04 00:00:00,000;3771,85
"20830";"Novo Cenário JG";"julia.maia.rodrigues@g.globo";"Plataformas De Produção";"PLAT. DE PÓS-PROD. E DESIGN";"MDO";"RCGRJ10415614";"OCGCP10415735";"BLACK ICE SECURITY LTDA";"PAULA REGIS QUEIROZ AFONSO MUNIZ";"CLOSED FOR RECEIVING";"Aberto";"CLOSED FOR RECEIVING";"APPROVED";2024-09-05 00:00:00,000;"ISESC (TECNOLOGIA) - NOVO CENÁRIO JG - MDO - SETEMBRO/24 A FEVEREIRO/25 - RC2-78 - BLACK ICE";2024-09-05 00:00:00,000;2024-10-04 00:00:00,000;2024-10-04 00:00:00,000;1646,4
"20830";"Novo Cenário JG";"julia.maia.rodrigues@g.globo";"Plataformas De Produção";"PLAT. DE PÓS-PROD. E DESIGN";"SOLUÇÃO";"RCGSP10036021";"OCGCP10332726";"HP BRASIL INDUSTRIA E COMERCIO DE EQUIPAMENTOS ELETRONICOS LTDA";"THAIS OLIVEIRA SPEZANI";"CLOSED FOR RECEIVING";"Aberto";"CLOSED FOR RECEIVING";"APPROVED";2024-02-16 00:00:00,000;"INFRAESTRUTURA, SEGURANÇA E SOLUÇÕES DE CONTEÚDO - [NOVO CENÁRIO JG] - HDW TALENT TRACK - FORNECEDOR: HP - [SOLUÇÃO]";2024-02-15 00:00:00,000;2024-03-15 00:00:00,000;2024-03-15 00:00:00,000;431,3
"30755";"Obs Comunicação Operacional - BH";"roberta.mesquita@g.globo";"Plataformas De Produção";"PLAT. DE CAPTAÇÃO E PRODUÇÃO";"SOLUÇÃO";"RCGMG10013944";"OCGCP10688363";"CLEARCOM LLC";"PAULA CRISTINA CORREIA FRANCISCO MELO";"CLOSED FOR RECEIVING";"Aberto";"CLOSED FOR RECEIVING";"APPROVED";2026-06-17 00:00:00,000;"PLATAFORMAS DE PRODUÇÃO (TECNOLOGIA) - OBS. COMUNICAÇÃO OPERACIONAL - BH - KIT FREESPEAK - CLEARCOM";2026-06-09 00:00:00,000;2026-07-02 00:00:00,000;2026-07-02 00:00:00,000;39150,66
"30755";"Obs Comunicação Operacional - BH";"roberta.mesquita@g.globo";"Plataformas De Produção";"PLAT. DE CAPTAÇÃO E PRODUÇÃO";"SOLUÇÃO";"RCGRJ10639759";"OCGCP10668119";"SYS MANAGER INFORMATICA LTDA";"JUAREZ AURELIO TORRES DA SILVA";"CLOSED FOR RECEIVING";"Aberto";"CLOSED FOR RECEIVING";"APPROVED";2026-04-30 00:00:00,000;"PLATAFORMAS DE PRODUÇÃO (TECNOLOGIA) - OBS COMUNICAÇÃO OPERACIONAL - BH - OUTSOURCING - ID772026 - SYS MANAGER.";2026-04-30 00:00:00,000;2026-05-20 00:00:00,000;2026-05-20 00:00:00,000;121029
"30755";"Obs Comunicação Operacional - BH";"roberta.mesquita@g.globo";"Plataformas De Produção";"PLAT. DE CAPTAÇÃO E PRODUÇÃO";"SOLUÇÃO";"RCGRJ10696169";"";"AD DIGITAL COMERCIO DE ELETRONICOS LTDA";"MONIQUE MALTA DA SILVA FERNANDES MACHADO";"PENDING APPROVAL";"Em aprovação";"PENDING APPROVAL";"PENDING APPROVAL";2026-09-28 00:00:00,000;"PLATAFORMAS DE PRODUÇÃO (TECNOLOGIA) - OBS COMUNICAÇÃO OPERACIONAL - BH - MDO - AD";;2026-10-06 00:00:00,000;;113621,96
"30755";"Obs Comunicação Operacional - BH";"roberta.mesquita@g.globo";"Plataformas De Produção";"PLAT. DE CAPTAÇÃO E PRODUÇÃO";"SOLUÇÃO";"RCGRJ10696708";"";"";"";"";"Aberto";"";"";2026-09-29 00:00:00,000;"PLATAFORMAS DE PRODUÇÃO (TECNOLOGIA) - PLATAFORMAS DE CONTROLES BH - MATERIAIS DE INTEGRAÇÃO - ITENS DE ALMOXARIFADO - ENTREGA: RJ - VON MARTIUS, 22 - Emissora - SL Vamos juntos - Eduardo Braga - (21) 98355-1938";2026-09-29 00:00:00,000;;;61692,31
"30756";"Obs Comunicação Operacional - JB";"roberta.mesquita@g.globo";"Plataformas De Produção";"PLAT. DE CAPTAÇÃO E PRODUÇÃO";"MDO";"RCGRJ10639618";"OCGCP10667600";"INSI DIGITAL EVOLUTION S.A";"RAFAEL RANGEL CASIMIRO";"CLOSED FOR RECEIVING";"Aberto";"CLOSED FOR RECEIVING";"APPROVED";2026-04-29 00:00:00,000;"PLATAFORMAS DE PRODUÇÃO (TECNOLOGIA) - OBS COMUNICAÇÃO OPERACIONAL - JB - OUTSOURCING - ID882026 - META";2026-04-29 00:00:00,000;2026-05-20 00:00:00,000;2026-05-20 00:00:00,000;1734,78
"30756";"Obs Comunicação Operacional - JB";"roberta.mesquita@g.globo";"Plataformas De Produção";"PLAT. DE CAPTAÇÃO E PRODUÇÃO";"SOLUÇÃO";"RCGSP10074211";"";"AD DIGITAL INTERNATIONAL CORP";"THIAGO REIS COSTA";"PENDING APPROVAL";"Em aprovação";"PENDING APPROVAL";"PENDING APPROVAL";2026-09-23 00:00:00,000;"PLATAFORMAS DE PRODUÇÃO (TECNOLOGIA) - OBS COMUNICAÇÃO OPERACIONAL - JB - CONVERSORES DE NORMA PARA PRODUÇÃO CENTRAL - ADDIGITAL [SOLUÇÃO]";;2026-10-23 00:00:00,000;;11152,32
"30756";"Obs Comunicação Operacional - JB";"roberta.mesquita@g.globo";"Plataformas De Produção";"PLAT. DE CAPTAÇÃO E PRODUÇÃO";"SOLUÇÃO";"RCGSP10074211";"";"AD DIGITAL INTERNATIONAL CORP";"VICTOR TAVARES MACHADO";"PENDING APPROVAL";"Em aprovação";"PENDING APPROVAL";"PENDING APPROVAL";2026-09-23 00:00:00,000;"PLATAFORMAS DE PRODUÇÃO (TECNOLOGIA) - OBS COMUNICAÇÃO OPERACIONAL - JB - CONVERSORES DE NORMA PARA PRODUÇÃO CENTRAL - ADDIGITAL [SOLUÇÃO]";;2026-10-23 00:00:00,000;;64239,36
"30756";"Obs Comunicação Operacional - JB";"roberta.mesquita@g.globo";"Plataformas De Produção";"PLAT. DE CAPTAÇÃO E PRODUÇÃO";"SOLUÇÃO";"RCGSP10074211";"";"AD DIGITAL INTERNATIONAL CORP";"SNEJANA MOISEI VIEIRA LIMA";"PENDING APPROVAL";"Em aprovação";"PENDING APPROVAL";"PENDING APPROVAL";2026-09-23 00:00:00,000;"PLATAFORMAS DE PRODUÇÃO (TECNOLOGIA) - OBS COMUNICAÇÃO OPERACIONAL - JB - CONVERSORES DE NORMA PARA PRODUÇÃO CENTRAL - ADDIGITAL [SOLUÇÃO]";;2026-10-23 00:00:00,000;;71049,42
"30757";"Obs Comunicação Operacional - SP";"roberta.mesquita@g.globo";"Plataformas De Produção";"PLAT. DE CAPTAÇÃO E PRODUÇÃO";"SOLUÇÃO";"RCGSP10073366";"OCGCP10727037";"CLEARCOM LLC";"RAFAEL GOUVEIA DE SOUZA";"INCOMPLETE";"Aberto";"OC em aprovação";"APPROVED";2026-09-21 00:00:00,000;"PLATAFORMAS DE PRODUÇÃO (TECNOLOGIA) - OBS. COMUNICAÇÃO OPERACIONAL - SP - SISTEMA DE COMUNICAÇÃO SEM FIO - ESTÚDIO 3 - CLEARCOM";2026-09-18 00:00:00,000;2026-10-16 00:00:00,000;2026-10-16 00:00:00,000;168877,18
"30757";"Obs Comunicação Operacional - SP";"roberta.mesquita@g.globo";"Plataformas De Produção";"PLAT. DE CAPTAÇÃO E PRODUÇÃO";"SOLUÇÃO";"RCGSP10073366";"OCGCP10727037";"CLEARCOM LLC";"RAFAEL GOUVEIA DE SOUZA";"INCOMPLETE";"Aberto";"OC em aprovação";"APPROVED";2026-09-21 00:00:00,000;"PLATAFORMAS DE PRODUÇÃO (TECNOLOGIA) - OBS. COMUNICAÇÃO OPERACIONAL - SP - SISTEMA DE COMUNICAÇÃO SEM FIO - ESTÚDIO 3 - CLEARCOM";2026-09-18 00:00:00,000;2026-10-01 00:00:00,000;2026-10-01 00:00:00,000;995397,5
"30761";"Obs. Crítica Câmeras de Externa BH -  Fase 2";"arthurnsantos@g.globo";"Plataformas De Produção";"PLAT. DE CAPTAÇÃO E PRODUÇÃO";"SOLUÇÃO";"RCGMG10013756";"OCGCP10714187";"SONY PROFESSIONAL SOLUTIONS BRASIL LTDA";"BRUNO DOMINGOS SIMOES";"CLOSED FOR RECEIVING";"Aberto";"CLOSED FOR RECEIVING";"APPROVED";2026-08-19 00:00:00,000;"PLATAFORMAS DE PRODUÇÃO (TECNOLOGIA) - Aquisição Câmeras de Externa BH -  Fase 2 - Aquisição de 1 KIT BH [SOLUÇÃO]";2026-06-17 00:00:00,000;2026-06-30 00:00:00,000;2026-11-15 00:00:00,000;10340,45
"30761";"Obs. Crítica Câmeras de Externa BH -  Fase 2";"arthurnsantos@g.globo";"Plataformas De Produção";"PLAT. DE CAPTAÇÃO E PRODUÇÃO";"SOLUÇÃO";"RCGMG10013756";"OCGCP10692047";"SONY LATIN AMERICA INC";"BRUNO DOMINGOS SIMOES";"OPEN";"Aberto";"OPEN";"APPROVED";2026-06-24 00:00:00,000;"PLATAFORMAS DE PRODUÇÃO (TECNOLOGIA) - Aquisição Câmeras de Externa BH -  Fase 2 - Aquisição de 1 KIT BH [SOLUÇÃO]";2026-06-17 00:00:00,000;2026-06-30 00:00:00,000;2026-10-30 00:00:00,000;7269,13
"30761";"Obs. Crítica Câmeras de Externa BH -  Fase 2";"arthurnsantos@g.globo";"Plataformas De Produção";"PLAT. DE CAPTAÇÃO E PRODUÇÃO";"SOLUÇÃO";"RCGMG10013783";"OCGCP10687366";"GRUPO MULTILASER S.A.";"MATHEUS OLIVEIRA DE JESUS SILVA";"OPEN";"Aberto";"OPEN";"APPROVED";2026-06-15 00:00:00,000;"PLATAFORMAS DE PRODUÇÃO (TECNOLOGIA) - Aquisição Câmeras de Externa BH - Fase 2 - Aquisição de 1 KIT BH [SOLUÇÃO]";2026-06-08 00:00:00,000;2026-06-10 00:00:00,000;2026-07-31 00:00:00,000;4065,77
"30761";"Obs. Crítica Câmeras de Externa BH -  Fase 2";"arthurnsantos@g.globo";"Plataformas De Produção";"PLAT. DE CAPTAÇÃO E PRODUÇÃO";"SOLUÇÃO";"RCGMG10013783";"OCGCP10687366";"GRUPO MULTILASER S.A.";"MATHEUS OLIVEIRA DE JESUS SILVA";"OPEN";"Aberto";"OPEN";"APPROVED";2026-06-15 00:00:00,000;"PLATAFORMAS DE PRODUÇÃO (TECNOLOGIA) - Aquisição Câmeras de Externa BH - Fase 2 - Aquisição de 1 KIT BH [SOLUÇÃO]";2026-06-08 00:00:00,000;2026-06-10 00:00:00,000;2026-06-30 00:00:00,000;1317,45
"30761";"Obs. Crítica Câmeras de Externa BH -  Fase 2";"arthurnsantos@g.globo";"Plataformas De Produção";"PLAT. DE CAPTAÇÃO E PRODUÇÃO";"SOLUÇÃO";"RCGMG10014046";"";"";"VICTOR TAVARES MACHADO";"PENDING APPROVAL";"Em aprovação";"PENDING APPROVAL";"PENDING APPROVAL";2026-06-19 00:00:00,000;"PLATAFORMAS DE PRODUÇÃO (TECNOLOGIA) - Aquisição Câmeras de Externa BH - Fase 2 - Aquisição de 1 KIT BH [SOLUÇÃO]";2026-06-16 00:00:00,000;2026-06-19 00:00:00,000;;6900
"30761";"Obs. Crítica Câmeras de Externa BH -  Fase 2";"arthurnsantos@g.globo";"Plataformas De Produção";"PLAT. DE CAPTAÇÃO E PRODUÇÃO";"SOLUÇÃO";"RCGMG10014046";"";"";"VICTOR TAVARES MACHADO";"PENDING APPROVAL";"Em aprovação";"PENDING APPROVAL";"PENDING APPROVAL";2026-06-16 00:00:00,000;"PLATAFORMAS DE PRODUÇÃO (TECNOLOGIA) - Aquisição Câmeras de Externa BH - Fase 2 - Aquisição de 1 KIT BH [SOLUÇÃO]";2026-06-16 00:00:00,000;2026-06-19 00:00:00,000;;1450
"30761";"Obs. Crítica Câmeras de Externa BH -  Fase 2";"arthurnsantos@g.globo";"Plataformas De Produção";"PLAT. DE CAPTAÇÃO E PRODUÇÃO";"SOLUÇÃO";"RCGMG10014475";"OCGCP10713065";"VIDEOLINEA SYSTEM SNC";"RAFAEL LOPES ROSADO";"OPEN";"Aberto";"OPEN";"APPROVED";2026-08-17 00:00:00,000;"PLATAFORMAS DE PRODUÇÃO (TECNOLOGIA) - Aquisição Câmeras de Externa BH - Fase 2 - Aquisição de 1 KIT BH [SOLUÇÃO]";2026-08-14 00:00:00,000;2026-09-13 00:00:00,000;2026-09-14 00:00:00,000;5492,99
"30761";"Obs. Crítica Câmeras de Externa BH -  Fase 2";"arthurnsantos@g.globo";"Plataformas De Produção";"PLAT. DE CAPTAÇÃO E PRODUÇÃO";"SOLUÇÃO";"RCGRJ10666511";"";"";"MATHEUS OLIVEIRA DE JESUS SILVA";"APPROVED";"Aberto";"APPROVED";"APPROVED";2026-07-13 00:00:00,000;"PLATAFORMAS DE PRODUÇÃO (TECNOLOGIA) – OBS. CRÍTICA CANHÕES SEGUIDORES MG2(2026) - MATERIAL DE TRIPÉ E USINAGEM, PARA CANHÕES SEGUIDORES MG2 -  MM ALDO USINAGEM [SOLUÇÃO]";2026-08-06 00:00:00,000;2026-08-12 00:00:00,000;;100000
"30761";"Obs. Crítica Câmeras de Externa BH -  Fase 2";"arthurnsantos@g.globo";"Plataformas De Produção";"PLAT. DE CAPTAÇÃO E PRODUÇÃO";"SOLUÇÃO";"RCGRJ10695401";"OCGCP10729127";"QUARK TECNOLOGIA LTDA";"PAULA REGIS QUEIROZ AFONSO MUNIZ";"CLOSED FOR RECEIVING";"Aberto";"CLOSED FOR RECEIVING";"APPROVED";2026-09-25 00:00:00,000;"PLATAFORMAS DE PRODUÇÃO (TECNOLOGIA) - OBS. CRÍTICA CÂMERAS EXTERNAS BH - FASE 2 - BH | MDO - QUARK";2026-09-25 00:00:00,000;2026-10-24 00:00:00,000;2026-10-24 00:00:00,000;45075
"30761";"Obs. Crítica Câmeras de Externa BH -  Fase 2";"arthurnsantos@g.globo";"Plataformas De Produção";"PLAT. DE CAPTAÇÃO E PRODUÇÃO";"SOLUÇÃO";"RCGRJ10695814";"";"";"MONIQUE MALTA DA SILVA FERNANDES MACHADO";"APPROVED";"Aberto";"APPROVED";"APPROVED";2026-09-25 00:00:00,000;"PLATAFORMAS DE PRODUÇÃO (TECNOLOGIA) - OBS. CRÍTICA CÂMERAS EXTERNAS BH- FASE 2 | MDO - CONVERGENT";2026-09-25 00:00:00,000;2026-10-06 00:00:00,000;;1468,7
"30762";"Obs. Crítica Câmeras de Externa BSA - Fase 2";"arthurnsantos@g.globo";"Plataformas De Produção";"PLAT. DE CAPTAÇÃO E PRODUÇÃO";"SOLUÇÃO";"RCGDF10012213";"OCGCP10696866";"VIDEOLINEA SYSTEM SNC";"THAYSA ROCHA FERREIRA";"OPEN";"Aberto";"OPEN";"APPROVED";2026-07-07 00:00:00,000;"PLATAFORMAS DE PRODUÇÃO (TECNOLOGIA) - Aquisição Câmeras de Externa BSA - Fase 2 - Aquisição de 1 KIT BSA [SOLUÇÃO]";2026-06-08 00:00:00,000;2026-08-24 00:00:00,000;2026-08-24 00:00:00,000;15509,74
"30762";"Obs. Crítica Câmeras de Externa BSA - Fase 2";"arthurnsantos@g.globo";"Plataformas De Produção";"PLAT. DE CAPTAÇÃO E PRODUÇÃO";"SOLUÇÃO";"RCGDF10012213";"OCGCP10729520";"D.M.S. COMERCIO E SERVICOS LTDA";"THAYSA ROCHA FERREIRA";"OPEN";"Aberto";"OPEN";"APPROVED";2026-09-28 00:00:00,000;"PLATAFORMAS DE PRODUÇÃO (TECNOLOGIA) - Aquisição Câmeras de Externa BSA - Fase 2 - Aquisição de 1 KIT BSA [SOLUÇÃO]";2026-06-08 00:00:00,000;2026-10-30 00:00:00,000;2026-10-30 00:00:00,000;2366,66
"30762";"Obs. Crítica Câmeras de Externa BSA - Fase 2";"arthurnsantos@g.globo";"Plataformas De Produção";"PLAT. DE CAPTAÇÃO E PRODUÇÃO";"SOLUÇÃO";"RCGDF10012213";"OCGCP10717123";"VIDEOLINEA SYSTEM SNC";"THAYSA ROCHA FERREIRA";"OPEN";"Aberto";"OPEN";"APPROVED";2026-08-27 00:00:00,000;"PLATAFORMAS DE PRODUÇÃO (TECNOLOGIA) - Aquisição Câmeras de Externa BSA - Fase 2 - Aquisição de 1 KIT BSA [SOLUÇÃO]";2026-06-08 00:00:00,000;2026-10-13 00:00:00,000;2026-10-13 00:00:00,000;25501,18
"30762";"Obs. Crítica Câmeras de Externa BSA - Fase 2";"arthurnsantos@g.globo";"Plataformas De Produção";"PLAT. DE CAPTAÇÃO E PRODUÇÃO";"SOLUÇÃO";"RCGDF10012213";"OCGCP10719966";"GBS Trading LLC";"THAYSA ROCHA FERREIRA";"OPEN";"Aberto";"OPEN";"APPROVED";2026-09-04 00:00:00,000;"PLATAFORMAS DE PRODUÇÃO (TECNOLOGIA) - Aquisição Câmeras de Externa BSA - Fase 2 - Aquisição de 1 KIT BSA [SOLUÇÃO]";2026-06-08 00:00:00,000;2026-10-12 00:00:00,000;2026-10-12 00:00:00,000;5576,33
"30762";"Obs. Crítica Câmeras de Externa BSA - Fase 2";"arthurnsantos@g.globo";"Plataformas De Produção";"PLAT. DE CAPTAÇÃO E PRODUÇÃO";"SOLUÇÃO";"RCGRJ10695764";"";"CONVERGINT COMERCIO E SERVICOS DE TECNOLOGIA LTDA";"DIEGO DE CASTILHO GIOVANNI";"APPROVED";"Aberto";"APPROVED";"APPROVED";2026-09-25 00:00:00,000;"PLATAFORMAS DE PRODUÇÃO (TECNOLOGIA) - OBS. CRÍTICA CÂMERAS EXTERNAS BSA - FASE 2 | MDO - CONVERGENT";2026-09-25 00:00:00,000;2026-10-25 00:00:00,000;;95004
"30759";"Obs. Crítica Câmeras PTZs";"fparisi@g.globo";"Plataformas De Produção";"PLAT. DE CAPTAÇÃO E PRODUÇÃO";"MDO";"RCGRJ10639661";"OCGCP10672114";"CROSSPOINT ELETRONICA LTDA";"MONIQUE MALTA DA SILVA FERNANDES MACHADO";"CLOSED FOR RECEIVING";"Aberto";"CLOSED FOR RECEIVING";"APPROVED";2026-05-11 00:00:00,000;"PLATAFORMAS DE PRODUÇÃO (TECNOLOGIA) - OBS. CRÍTICA CÂMERAS PTZS - OUTSOURCING - ID552026 - CROSSPOINT";2026-05-11 00:00:00,000;2026-05-07 00:00:00,000;2026-05-07 00:00:00,000;246238,05
"30759";"Obs. Crítica Câmeras PTZs";"fparisi@g.globo";"Plataformas De Produção";"PLAT. DE CAPTAÇÃO E PRODUÇÃO";"MDO";"RCGRJ10680632";"OCGCP10713077";"AD DIGITAL COMERCIO DE ELETRONICOS LTDA";"MONIQUE MALTA DA SILVA FERNANDES MACHADO";"CLOSED FOR RECEIVING";"Aberto";"CLOSED FOR RECEIVING";"APPROVED";2026-08-17 00:00:00,000;"PLATAFORMAS DE PRODUÇÃO(TECNOLOGIA) - PROJETO OBS CRÍTICA CÂMERAS PTZS - SERVIÇO DE MÃO DE OBRA - AD DIGITAL";2026-08-17 00:00:00,000;2026-09-13 00:00:00,000;2026-09-13 00:00:00,000;41081,34
"30759";"Obs. Crítica Câmeras PTZs";"fparisi@g.globo";"Plataformas De Produção";"PLAT. DE CAPTAÇÃO E PRODUÇÃO";"MDO";"RCGRJ10680635";"OCGCP10712329";"CROSSPOINT ELETRONICA LTDA";"MONIQUE MALTA DA SILVA FERNANDES MACHADO";"CLOSED FOR RECEIVING";"Aberto";"CLOSED FOR RECEIVING";"APPROVED";2026-08-14 00:00:00,000;"PLATAFORMAS DE PRODUÇÃO (TECNOLOGIA) - MÃO DE OBRA - - CROSSPOINT - AGOSTO";2026-08-14 00:00:00,000;2026-09-13 00:00:00,000;2026-09-13 00:00:00,000;1540,55
"30759";"Obs. Crítica Câmeras PTZs";"fparisi@g.globo";"Plataformas De Produção";"PLAT. DE CAPTAÇÃO E PRODUÇÃO";"MDO";"RCGRJ10683724";"OCGCP10716874";"NTCONSULT TECNOLOGIA E CONSULTORIA LTDA";"PAULA REGIS QUEIROZ AFONSO MUNIZ";"CLOSED FOR RECEIVING";"Aberto";"CLOSED FOR RECEIVING";"APPROVED";2026-08-27 00:00:00,000;"PLATAFORMAS DE PRODUÇÃO (TECNOLOGIA) - PROJETO OBS. CRÍTICA CÂMERA PTZS - NTCONSULT - COMP.: AGOSTO";2026-08-27 00:00:00,000;2026-08-24 00:00:00,000;2026-08-24 00:00:00,000;1419,44
"30759";"Obs. Crítica Câmeras PTZs";"fparisi@g.globo";"Plataformas De Produção";"PLAT. DE CAPTAÇÃO E PRODUÇÃO";"SOLUÇÃO";"RCGRJ10686041";"OCGCP10729115";"SONY LATIN AMERICA INC";"BRUNO DOMINGOS SIMOES";"PENDING APPROVAL";"Em aprovação";"PENDING APPROVAL";"APPROVED";2026-09-25 00:00:00,000;"PLATAFORMAS DE PRODUÇÃO (TECNOLOGIA) - OBS. CRÍTICA CÂMERAS PTZS - AQUISIÇÃO DE 8 CÂMERAS SONY AM7, 6 REMOTES RMIP500 E ACESSÓRIOS DE ACORDO COM O ROADMAP DESENHADO PARA 2026- SONY [SOLUÇÃO]";2026-09-23 00:00:00,000;2026-09-25 00:00:00,000;2026-12-10 00:00:00,000;957038,48
"30759";"Obs. Crítica Câmeras PTZs";"fparisi@g.globo";"Plataformas De Produção";"PLAT. DE CAPTAÇÃO E PRODUÇÃO";"SOLUÇÃO";"RCGRJ10694253";"OCGCP10729761";"SONY LATIN AMERICA INC";"BRUNO DOMINGOS SIMOES";"INCOMPLETE";"Aberto";"OC em aprovação";"APPROVED";2026-09-28 00:00:00,000;"PLATAFORMAS DE PRODUÇÃO (TECNOLOGIA) - OBS. CRÍTICA CÂMERAS PTZS - AQUISIÇÃO DE 2 CÂMERAS SONY AM7, 2 REMOTES RMIP500 E ACESSÓRIOS SPARE PARA AS PARCERIAS - SONY [SOLUÇÃO]";2026-09-24 00:00:00,000;2026-10-02 00:00:00,000;2026-10-02 00:00:00,000;220868,7
"30759";"Obs. Crítica Câmeras PTZs";"fparisi@g.globo";"Plataformas De Produção";"PLAT. DE CAPTAÇÃO E PRODUÇÃO";"SOLUÇÃO";"RCGRJ10696153";"";"ESX ENGENHARIA DE SOFTWARE LTDA";"PAULA REGIS QUEIROZ AFONSO MUNIZ";"PENDING APPROVAL";"Em aprovação";"PENDING APPROVAL";"PENDING APPROVAL";2026-09-28 00:00:00,000;"PLATAFORMAS DE PRODUÇÃO (TECNOLOGIA)- OBS. CRÍTICA CÂMERAS PTZS - MDO - ESX";;2026-10-28 00:00:00,000;;144601,13
"30760";"Obs. Crítica Câmeras Super Slow";"arthurnsantos@g.globo";"Plataformas De Produção";"PLAT. DE CAPTAÇÃO E PRODUÇÃO";"MDO";"RCGRJ10639699";"OCGCP10670421";"ESX ENGENHARIA DE SOFTWARE LTDA";"PAULA REGIS QUEIROZ AFONSO MUNIZ";"CLOSED FOR RECEIVING";"Aberto";"CLOSED FOR RECEIVING";"APPROVED";2026-05-07 00:00:00,000;"PLATAFORMAS DE PRODUÇÃO (TECNOLOGIA) - OBS. CRÍTICA CÂMERAS SUPER SLOW - OUTSOURCING - ID662026 - ESX";2026-05-07 00:00:00,000;2026-04-20 00:00:00,000;2026-04-20 00:00:00,000;34820,03
"30758";"Obs. Crítica Canhões Seguidores MG2 (2026)";"arthurnsantos@g.globo";"Plataformas De Produção";"PLAT. DE CAPTAÇÃO E PRODUÇÃO";"MDO";"RCGRJ10651776";"OCGCP10692478";"CONVERGINT COMERCIO E SERVICOS DE TECNOLOGIA LTDA";"MONIQUE MALTA DA SILVA FERNANDES MACHADO";"CLOSED FOR RECEIVING";"Aberto";"CLOSED FOR RECEIVING";"APPROVED";2026-06-25 00:00:00,000;"PLATAFORMAS DE PRODUÇÃO (TECNOLOGIA) - OBS. CRÍTICA CANHÕES SEGUIDORES MG2 (2026) - OUTSOURCING - ID932026 - CONVERGINT";2026-05-29 00:00:00,000;2026-06-24 00:00:00,000;2026-06-24 00:00:00,000;7235,38
"30763";"Obs. Crítica Dramaturgia EG - Mattebox";"fparisi@g.globo";"Plataformas De Produção";"PLAT. DE CAPTAÇÃO E PRODUÇÃO";"MDO";"RCGRJ10639944";"OCGCP10666328";"INSI DIGITAL EVOLUTION S.A";"RAFAEL RANGEL CASIMIRO";"CLOSED FOR RECEIVING";"Aberto";"CLOSED FOR RECEIVING";"APPROVED";2026-04-27 00:00:00,000;"PLATAFORMAS DE PRODUÇÃO (TECNOLOGIA) - OBS. CRÍTICA DRAMATURGIA EG - MATTEBOX - OUTSOURCING - ID862026 - META";2026-04-27 00:00:00,000;2026-04-20 00:00:00,000;2026-04-20 00:00:00,000;24360,43
"30764";"Obs. Crítica Dramaturgia EG - Monitores UPP (TV Logic)";"fparisi@g.globo";"Plataformas De Produção";"PLAT. DE CAPTAÇÃO E PRODUÇÃO";"MDO";"RCGRJ10639733";"OCGCP10664465";"INSI DIGITAL EVOLUTION S.A";"RAFAEL RANGEL CASIMIRO";"CLOSED FOR RECEIVING";"Aberto";"CLOSED FOR RECEIVING";"APPROVED";2026-04-20 00:00:00,000;"PLATAFORMAS DE PRODUÇÃO (TECNOLOGIA) - OBS. CRÍTICA DRAMATURGIA EG - MONITORES UPP (TV LOGIC) - OUTSOURCING - ID872026 - META";2026-04-20 00:00:00,000;2026-05-20 00:00:00,000;2026-05-20 00:00:00,000;99702
"30764";"Obs. Crítica Dramaturgia EG - Monitores UPP (TV Logic)";"fparisi@g.globo";"Plataformas De Produção";"PLAT. DE CAPTAÇÃO E PRODUÇÃO";"SOLUÇÃO";"RCGRJ10676081";"OCGCP10706849";"EXBIZ INTERMEDIACAO DE NEGOCIOS TECNOLOGICOS LTDA";"RAPHAEL BAPTISTA DA SILVA";"CLOSED FOR RECEIVING";"Aberto";"CLOSED FOR RECEIVING";"APPROVED";2026-07-31 00:00:00,000;"PLATAFORMAS DE PRODUÇÃO (TECNOLOGIA) - OBS. CRÍTICA DRAMATURGIA EG - MONITORES UPP (TV LOGIC) - MDO PARA ADEQUAÇÃO DE TALLY DO CTLE-B DO ION [SOLUÇÃO]";2026-07-30 00:00:00,000;2026-07-30 00:00:00,000;2026-07-30 00:00:00,000;1581,39
"30765";"Obs. Crítica Dramaturgia EG - Sistema de Mobilidade (Teradek)";"fparisi@g.globo";"Plataformas De Produção";"PLAT. DE CAPTAÇÃO E PRODUÇÃO";"MDO";"RCGRJ10639728";"OCGCP10665594";"CROSSPOINT ELETRONICA LTDA";"MONIQUE MALTA DA SILVA FERNANDES MACHADO";"CLOSED FOR RECEIVING";"Aberto";"CLOSED FOR RECEIVING";"APPROVED";2026-04-23 00:00:00,000;"PLATAFORMAS DE PRODUÇÃO (TECNOLOGIA) - OBS. CRÍTICA DRAMATURGIA EG - SISTEMA DE MOBILIDADE (TERADEK) - OUTSOURCING - ID602026 - CROSSPOINT";2026-04-23 00:00:00,000;2026-04-20 00:00:00,000;2026-04-20 00:00:00,000;82458,02
"30765";"Obs. Crítica Dramaturgia EG - Sistema de Mobilidade (Teradek)";"fparisi@g.globo";"Plataformas De Produção";"PLAT. DE CAPTAÇÃO E PRODUÇÃO";"SOLUÇÃO";"RCGRJ10686564";"OCGCP10729646";"VIDDIUM - DIGITAL VIDEO INTELIGENTE LTDA";"MARCUS VINICIUS DA SILVA GUEDES ALCOFORADO";"INCOMPLETE";"Aberto";"OC em aprovação";"APPROVED";2026-09-28 00:00:00,000;"PLATAFORMAS DE PRODUÇÃO (TECNOLOGIA) - Obs. Crítica Dramaturgia EG - Sistema de Mobilidade - COMPRA DE SISTEMAS DE TRANSMISSÃO/RECEPÇÃO DE VIDEO SEM FIO PARA MG1 E MG4 [SOLUÇÃO]";2026-09-28 00:00:00,000;2026-10-06 00:00:00,000;2026-10-06 00:00:00,000;859250
"30765";"Obs. Crítica Dramaturgia EG - Sistema de Mobilidade (Teradek)";"fparisi@g.globo";"Plataformas De Produção";"PLAT. DE CAPTAÇÃO E PRODUÇÃO";"SOLUÇÃO";"RCGRJ10690146";"OCGCP10727507";"VIDDIUM - DIGITAL VIDEO INTELIGENTE LTDA";"THAYSA ROCHA FERREIRA";"OPEN";"Aberto";"OPEN";"APPROVED";2026-09-22 00:00:00,000;"PLATAFORMAS DE PRODUÇÃO (TECNOLOGIA) - Obs. Crítica Dramaturgia EG - Sistema de Mobilidade - COMPRA 2 MONITORES HD/4K DE 10"" PARA USO DA EXTERNA [SOLUÇÃO]";2026-09-16 00:00:00,000;2026-10-22 00:00:00,000;2026-10-22 00:00:00,000;70340
"30765";"Obs. Crítica Dramaturgia EG - Sistema de Mobilidade (Teradek)";"fparisi@g.globo";"Plataformas De Produção";"PLAT. DE CAPTAÇÃO E PRODUÇÃO";"SOLUÇÃO";"RCGRJ10691497";"OCGCP10727018";"DS PRO AUDIO LTDA";"THAYSA ROCHA FERREIRA";"OPEN";"Aberto";"OPEN";"APPROVED";2026-09-21 00:00:00,000;"PLATAFORMAS DE PRODUÇÃO (TECNOLOGIA) - Obs. Crítica Dramaturgia EG - Sistema de Mobilidade - Emissão de placa controladora e suporte do fornecedor para recuperação do Audio Storage que encontra-se com problema no CPR. [SOLUÇÃO]";2026-09-17 00:00:00,000;2026-09-30 00:00:00,000;2026-09-30 00:00:00,000;45759,72
"30766";"Obs. Crítica Estúdios JB - Retrofit Grua Est-D";"fparisi@g.globo";"Plataformas De Produção";"PLAT. DE CAPTAÇÃO E PRODUÇÃO";"MDO";"RCGRJ10639802";"OCGCP10664603";"SAVANA COMUNICACOES LTDA";"MONIQUE MALTA DA SILVA FERNANDES MACHADO";"CLOSED FOR RECEIVING";"Aberto";"CLOSED FOR RECEIVING";"APPROVED";2026-04-20 00:00:00,000;"PLATAFORMAS DE PRODUÇÃO (TECNOLOGIA) - OBS. CRÍTICA ESTÚDIOS JB - RETROFIT GRUA EST-D - OUTSOURCING - ID952026 - SAVANA";2026-04-20 00:00:00,000;2026-05-20 00:00:00,000;2026-05-20 00:00:00,000;87429,44
"30766";"Obs. Crítica Estúdios JB - Retrofit Grua Est-D";"fparisi@g.globo";"Plataformas De Produção";"PLAT. DE CAPTAÇÃO E PRODUÇÃO";"SOLUÇÃO";"RCGRJ10690841";"";"";"PAULA CRISTINA CORREIA FRANCISCO MELO";"APPROVED";"Aberto";"APPROVED";"APPROVED";2026-09-14 00:00:00,000;"Plataformas de Produção (Tecnologia) - Obs. Crítica Estúdios JB - Retrofit Grua Est-D - Aquisições de 02 Stream Deck Elgato XL, e 02 Lenovo ThinkCentre M70q Gen 5 Tiny, para atuar no Resolume na Gnews Estúdio A JB [Solução]";2026-09-14 00:00:00,000;2026-09-23 00:00:00,000;;14879,96
"30767";"Obs. Crítica Refletores (MG1/MG4) Fase 2 (2026)";"fparisi@g.globo";"Plataformas De Produção";"PLAT. DE CAPTAÇÃO E PRODUÇÃO";"SOLUÇÃO";"RCGRJ10655595";"OCGCP10716599";"Guangdong Nanguang PHOTO&VIDEO SYSTEMS Co., Ltd.";"MATHEUS OLIVEIRA DE JESUS SILVA";"OPEN";"Aberto";"OPEN";"APPROVED";2026-08-26 00:00:00,000;"PLATAFORMAS DE PRODUÇÃO (TECNOLOGIA) - OBS. CRÍTICA REFLETORES (MG1/MG4) FASE 2 - AQUISIÇÃO DE 6 REFLETORES E LENTES FRESNEL PARA O MG4 [SOLUÇÃO]";2026-06-08 00:00:00,000;2026-06-04 00:00:00,000;2026-10-30 00:00:00,000;165346,96000000002
"30768";"Obs. Crítica Robôs ION";"fparisi@g.globo";"Plataformas De Produção";"PLAT. DE CAPTAÇÃO E PRODUÇÃO";"MDO";"RCGRJ10639777";"OCGCP10665593";"ESX ENGENHARIA DE SOFTWARE LTDA";"PAULA REGIS QUEIROZ AFONSO MUNIZ";"CLOSED FOR RECEIVING";"Aberto";"CLOSED FOR RECEIVING";"APPROVED";2026-04-23 00:00:00,000;"PLATAFORMAS DE PRODUÇÃO (TECNOLOGIA) - OBS. CRÍTICA ROBÔS ION - OUTSOURCING - ID672026 - ESX";2026-04-23 00:00:00,000;2026-05-20 00:00:00,000;2026-05-20 00:00:00,000;2263,92
"30772";"Obs. Crítica Tripes EG";"fparisi@g.globo";"Plataformas De Produção";"PLAT. DE CAPTAÇÃO E PRODUÇÃO";"MDO";"RCGRJ10639778";"OCGCP10672669";"NTT DATA BRASIL CONSULTORIA DE NEGOCIOS E TECNOLOGIA DA INFORMACAO LTDA";"LUIZ FERNANDO CONCEICAO VARGAS";"CLOSED FOR RECEIVING";"Aberto";"CLOSED FOR RECEIVING";"APPROVED";2026-05-12 00:00:00,000;"SERV END USER, ANALISTA PRODUTOS JUNIOR, N/A, N/APLATAFORMAS DE PRODUÇÃO (TECNOLOGIA) - OBS. CRÍTICA TRIPES EG - OUTSOURCING - ID742026 - NTT";2026-05-12 00:00:00,000;2026-06-07 00:00:00,000;2026-06-07 00:00:00,000;133580
"30772";"Obs. Crítica Tripes EG";"fparisi@g.globo";"Plataformas De Produção";"PLAT. DE CAPTAÇÃO E PRODUÇÃO";"SOLUÇÃO";"RCGRJ10665925";"OCGCP10706425";"VIDEOINTEGRATORS EXPORT COMPANY";"MARCUS VINICIUS DA SILVA GUEDES ALCOFORADO";"OPEN";"Aberto";"OPEN";"APPROVED";2026-07-30 00:00:00,000;"PLATAFORMAS DE PRODUÇÃO (TECNOLOGIA) - OBS. CRITICA TRIPÉS EG - AQUISIÇÃO DE TRIPÉS E CABEÇOTES PARA DRAMATURGIA EG [SOLUÇÃO]";2026-07-10 00:00:00,000;2026-07-07 00:00:00,000;2026-09-15 00:00:00,000;1331082,8599999999
"30772";"Obs. Crítica Tripes EG";"fparisi@g.globo";"Plataformas De Produção";"PLAT. DE CAPTAÇÃO E PRODUÇÃO";"SOLUÇÃO";"RCGRJ10688616";"OCGCP10728322";"PAIXAO DISTRIBUICAO E COMERCIO LTDA";"PAULA CRISTINA CORREIA FRANCISCO MELO";"OPEN";"Aberto";"OPEN";"APPROVED";2026-09-24 00:00:00,000;"PLATAFORMAS DE PRODUÇÃO (TECNOLOGIA) - OBS. CRITICA TRIPÉS EG - AQUISIÇÃO DE CONVERSORES ELETRO-OPTICOS PARA USOS NOS REALITIES E DEMAIS PROJETOS DA TORRE DE CAPTAÇÃO [SOLUÇÃO]";2026-09-08 00:00:00,000;2026-09-17 00:00:00,000;2026-10-19 00:00:00,000;10560
"30772";"Obs. Crítica Tripes EG";"fparisi@g.globo";"Plataformas De Produção";"PLAT. DE CAPTAÇÃO E PRODUÇÃO";"SOLUÇÃO";"RCGRJ10688968";"OCGCP10724218";"COBALT DIGITAL INC";"THAYSA ROCHA FERREIRA";"OPEN";"Aberto";"OPEN";"APPROVED";2026-09-16 00:00:00,000;"PLATAFORMAS DE PRODUÇÃO (TECNOLOGIA) - OBS. CRITICA TRIPÉS EG - AQUISIÇÃO DE MONITOR DE AUDIO PARA O TIME DE EVENTOS [SOLUÇÃO]";2026-09-13 00:00:00,000;2026-11-11 00:00:00,000;2026-11-11 00:00:00,000;48133,95
"30772";"Obs. Crítica Tripes EG";"fparisi@g.globo";"Plataformas De Produção";"PLAT. DE CAPTAÇÃO E PRODUÇÃO";"SOLUÇÃO";"RCGRJ10691649";"";"";"PAULA CRISTINA CORREIA FRANCISCO MELO";"APPROVED";"Aberto";"APPROVED";"APPROVED";2026-09-15 00:00:00,000;"PLATAFORMAS DE PRODUÇÃO (TECNOLOGIA) - OBS. CRITICA TRIPÉS EG - Aquisição de fibras táticas para as produções da tecnologia [solução]";2026-09-15 00:00:00,000;2026-09-25 00:00:00,000;;13950
"30772";"Obs. Crítica Tripes EG";"fparisi@g.globo";"Plataformas De Produção";"PLAT. DE CAPTAÇÃO E PRODUÇÃO";"SOLUÇÃO";"RCGRJ10691993";"OCGCP10728617";"PAIXAO DISTRIBUICAO E COMERCIO LTDA";"RAPHAEL BAPTISTA DA SILVA";"OPEN";"Aberto";"OPEN";"APPROVED";2026-09-24 00:00:00,000;"PLATAFORMAS DE PRODUÇÃO (TECNOLOGIA) - OBS. CRITICA TRIPÉS EG - AQUISIÇÃO DE CONVERSORES FONTES PoE PARA USOS NOS REALITIES E DEMAIS PROJETOS DA TORRE DE CAPTAÇÃO [SOLUÇÃO]";2026-09-16 00:00:00,000;2026-09-30 00:00:00,000;2026-10-05 00:00:00,000;12240
"30772";"Obs. Crítica Tripes EG";"fparisi@g.globo";"Plataformas De Produção";"PLAT. DE CAPTAÇÃO E PRODUÇÃO";"SOLUÇÃO";"RCGRJ10695096";"OCGCP10730020";"MAIS VIDEO PARTICIPACOES LTDA";"MARIANA GYBSON DE CARVALHO FONSECA";"INCOMPLETE";"Aberto";"OC em aprovação";"APPROVED";2026-09-28 00:00:00,000;"PLATAFORMAS DE PRODUÇÃO (TECNOLOGIA) - OBS. CRITICA TRIPÉS EG - AQUISIÇÃO DE 6 MONITORES SMALLHD E ACESSÓRIOS PARA UTILIZAÇÃO NA UPP DRAMA (EXTERNAS EG) [SOLUÇÃO]";2026-09-24 00:00:00,000;2026-10-01 00:00:00,000;2026-11-06 00:00:00,000;193620
"30772";"Obs. Crítica Tripes EG";"fparisi@g.globo";"Plataformas De Produção";"PLAT. DE CAPTAÇÃO E PRODUÇÃO";"SOLUÇÃO";"RCGRJ10695096";"OCGCP10730020";"MAIS VIDEO PARTICIPACOES LTDA";"MARIANA GYBSON DE CARVALHO FONSECA";"INCOMPLETE";"Aberto";"OC em aprovação";"APPROVED";2026-09-28 00:00:00,000;"PLATAFORMAS DE PRODUÇÃO (TECNOLOGIA) - OBS. CRITICA TRIPÉS EG - AQUISIÇÃO DE 6 MONITORES SMALLHD E ACESSÓRIOS PARA UTILIZAÇÃO NA UPP DRAMA (EXTERNAS EG) [SOLUÇÃO]";2026-09-24 00:00:00,000;2026-10-02 00:00:00,000;2026-11-06 00:00:00,000;17400
"30772";"Obs. Crítica Tripes EG";"fparisi@g.globo";"Plataformas De Produção";"PLAT. DE CAPTAÇÃO E PRODUÇÃO";"SOLUÇÃO";"RCGRJ10695870";"OCGCP10729557";"CCA SOLUCOES E TECNOLOGIA LTDA";"MONIQUE MALTA DA SILVA FERNANDES MACHADO";"CLOSED FOR RECEIVING";"Aberto";"CLOSED FOR RECEIVING";"APPROVED";2026-09-28 00:00:00,000;"PLATAFORMAS DE PRODUÇÃO (TECNOLOGIA) - OBS. CRÍTICA TRIPÉS EG - MDO - CCA";2026-09-28 00:00:00,000;2026-10-25 00:00:00,000;2026-10-25 00:00:00,000;30406
"30772";"Obs. Crítica Tripes EG";"fparisi@g.globo";"Plataformas De Produção";"PLAT. DE CAPTAÇÃO E PRODUÇÃO";"SOLUÇÃO";"RCGRJ10695879";"OCGCP10729551";"ESX ENGENHARIA DE SOFTWARE LTDA";"PAULA REGIS QUEIROZ AFONSO MUNIZ";"CLOSED FOR RECEIVING";"Aberto";"CLOSED FOR RECEIVING";"APPROVED";2026-09-28 00:00:00,000;"PLATAFORMAS DE PRODUÇÃO (TECNOLOGIA) - OBS. CRÍTICA TRIPÉS EG - MDO - ESX";2026-09-28 00:00:00,000;2026-10-25 00:00:00,000;2026-10-25 00:00:00,000;58906,71
"25949";"Obs. Ingest Live Ion - Fase 2";"rodrigo.freitas@g.globo";"Plataformas De Produção";"PLAT. DE PÓS-PROD. E DESIGN";"MDO";"RCGRJ10538815";"OCGCP10553571";"HITSS DO BRASIL SERVICOS TECNOLOGICOS LTDA";"JUAREZ AURELIO TORRES DA SILVA";"CLOSED FOR RECEIVING";"Aberto";"CLOSED FOR RECEIVING";"APPROVED";2025-07-18 00:00:00,000;"ISESC (TECNOLOGIA) - OBS. MEDIA PRODUCER EG & OBS. SISTEMA DE INGEST LIVE SP - RESERVA MDO - RC10076 - HITSS DO BRASIL SERVICOS TECNOLOGICOS LTDA";2025-07-18 00:00:00,000;2025-08-14 00:00:00,000;2025-08-14 00:00:00,000;3560,6
"25949";"Obs. Ingest Live Ion - Fase 2";"rodrigo.freitas@g.globo";"Plataformas De Produção";"PLAT. DE PÓS-PROD. E DESIGN";"MDO";"RCGRJ10680899";"OCGCP10714643";"NTT DATA BRASIL CONSULTORIA DE NEGOCIOS E TECNOLOGIA DA INFORMACAO LTDA";"LUIZ FERNANDO CONCEICAO VARGAS";"CLOSED FOR RECEIVING";"Aberto";"CLOSED FOR RECEIVING";"APPROVED";2026-08-20 00:00:00,000;"PLATAFORMAS DE PRODUÇÃO (TECNOLOGIA) - PROJETO Obs. Media Producer EG & Obs - SERVIÇÃO DE MÃO DE OBRA - AGOSTO - NTT";2026-08-20 00:00:00,000;2026-09-13 00:00:00,000;2026-09-13 00:00:00,000;28057,18
"25857";"Obs. Servidores ACTORs DIVA + Upgrade LTO ION";"marcio.rocha@g.globo";"Plataformas De Produção";"PLAT. DE METADADOS E MÍDIAS";"MDO";"RCGRJ10538821";"OCGCP10556648";"AD DIGITAL COMERCIO DE ELETRONICOS LTDA";"MONIQUE MALTA DA SILVA FERNANDES MACHADO";"CLOSED FOR RECEIVING";"Aberto";"CLOSED FOR RECEIVING";"APPROVED";2025-07-26 00:00:00,000;"ISESC (TECNOLOGIA) - OBS. SERVIDORES ACTORS DIVA + UPGRADE LTO ION - RESERVA MDO - RC10036 - AD DIGITAL COMERCIO DE ELETRONICOS LTDA";2025-07-26 00:00:00,000;2025-08-14 00:00:00,000;2025-08-14 00:00:00,000;10413,84
"25857";"Obs. Servidores ACTORs DIVA + Upgrade LTO ION";"marcio.rocha@g.globo";"Plataformas De Produção";"PLAT. DE METADADOS E MÍDIAS";"SOLUÇÃO";"RCGRJ10566728";"OCGCP10584360";"LENOVO TECNOLOGIA (BRASIL) LIMITADA";"LUIZ FERNANDO CONCEICAO VARGAS";"CLOSED FOR RECEIVING";"Aberto";"CLOSED FOR RECEIVING";"APPROVED";2025-10-03 00:00:00,000;"ISESC (TECNOLOGIA) - SOLUÇÕES DE MÍDIA - OBSOLESCÊNCIA SERVIDORES ACTOR DIVA - ION";2025-10-01 00:00:00,000;2025-09-29 00:00:00,000;2025-12-03 00:00:00,000;1468,63
"25857";"Obs. Servidores ACTORs DIVA + Upgrade LTO ION";"marcio.rocha@g.globo";"Plataformas De Produção";"PLAT. DE METADADOS E MÍDIAS";"SOLUÇÃO";"RCGRJ10678256";"OCGCP10710712";"INSI DIGITAL EVOLUTION S.A";"RAFAEL RANGEL CASIMIRO";"CLOSED FOR RECEIVING";"Aberto";"CLOSED FOR RECEIVING";"APPROVED";2026-08-11 00:00:00,000;"Plataforma de Mídias e Metadados – Upgrade LTO ION – Atuação de desenvolvedor para upgrade LTO ION por 6 meses (Marcelo Santos) – META.";2026-08-11 00:00:00,000;2026-09-05 00:00:00,000;2026-09-05 00:00:00,000;29289,12
"25857";"Obs. Servidores ACTORs DIVA + Upgrade LTO ION";"marcio.rocha@g.globo";"Plataformas De Produção";"PLAT. DE METADADOS E MÍDIAS";"SOLUÇÃO";"RCGRJ10696571";"";"BLACK ICE SECURITY LTDA";"PAULA REGIS QUEIROZ AFONSO MUNIZ";"PENDING APPROVAL";"Em aprovação";"PENDING APPROVAL";"PENDING APPROVAL";2026-09-28 00:00:00,000;"TECNOLOGIA - PLAT CORE E SI - PLAT PRODUÇÃO - ALL HANDS - STORM";;2026-10-16 00:00:00,000;;7878,01
"25956";"Obs. VDI (1 cluster de 3 - 12 ilhas)";"renan.reis@g.globo";"Plataformas De Produção";"PLAT. DE PÓS-PROD. E DESIGN";"MDO";"RCGRJ10573837";"OCGCP10591746";"INSI DIGITAL EVOLUTION S.A";"RAFAEL RANGEL CASIMIRO";"CLOSED FOR RECEIVING";"Aberto";"CLOSED FOR RECEIVING";"APPROVED";2025-10-21 00:00:00,000;"ISESC (TECNOLOGIA) - OBS. VDI (1 CLUSTER DE 3 - 12 ILHAS - RESERVA MDO - RC2010 - META SERVICOS EM INFORMATICA SA";2025-10-21 00:00:00,000;2025-11-19 00:00:00,000;2025-11-19 00:00:00,000;8,56
"25956";"Obs. VDI (1 cluster de 3 - 12 ilhas)";"renan.reis@g.globo";"Plataformas De Produção";"PLAT. DE PÓS-PROD. E DESIGN";"SOLUÇÃO";"RCGRJ10669727";"OCGCP10713253";"GLOBAL DISTRIBUICAO DE BENS DE CONSUMO LTDA";"CAROLINE LOPES MENDONCA";"OPEN";"Aberto";"OPEN";"APPROVED";2026-08-17 00:00:00,000;"PLAT. PROD (TECNOLOGIA) - OBS. VDI - AQUISIÇÃO DE MAC MINIS PARA OBSOLESCÊNCIA NO VDI - [SOLUÇÃO]";2026-08-03 00:00:00,000;2026-08-26 00:00:00,000;2026-11-23 00:00:00,000;997835,2
"25956";"Obs. VDI (1 cluster de 3 - 12 ilhas)";"renan.reis@g.globo";"Plataformas De Produção";"PLAT. DE PÓS-PROD. E DESIGN";"SOLUÇÃO";"RCGRJ10679005";"";"";"PAULA CRISTINA CORREIA FRANCISCO MELO";"APPROVED";"Aberto";"APPROVED";"APPROVED";2026-08-12 00:00:00,000;"PLAT. PROD (TECNOLOGIA) - OBS. VDI - COMPRA DE RECEPTORES HDMI E SUPORTES PARA MAC MINI - [SOLUÇÃO]";2026-09-21 00:00:00,000;2026-09-11 00:00:00,000;;6174,65
"25956";"Obs. VDI (1 cluster de 3 - 12 ilhas)";"renan.reis@g.globo";"Plataformas De Produção";"PLAT. DE PÓS-PROD. E DESIGN";"SOLUÇÃO";"RCGRJ10679005";"";"";"PAULA CRISTINA CORREIA FRANCISCO MELO";"APPROVED";"Aberto";"APPROVED";"APPROVED";2026-08-10 00:00:00,000;"PLAT. PROD (TECNOLOGIA) - OBS. VDI - COMPRA DE RECEPTORES HDMI E SUPORTES PARA MAC MINI - [SOLUÇÃO]";2026-09-21 00:00:00,000;2026-09-11 00:00:00,000;;15436,63
"20510";"Obsolescência - BBB Página em Branco - Fase 3";"rodrigo.freitas@g.globo";"Plataformas De Produção";"PLAT. DE PÓS-PROD. E DESIGN";"SOLUÇÃO";"RCGRJ10349923";"OCGCP10350868";"SYS MANAGER INFORMATICA LTDA";"JUAREZ AURELIO TORRES DA SILVA";"CLOSED FOR RECEIVING";"Aberto";"CLOSED FOR RECEIVING";"APPROVED";2024-04-01 00:00:00,000;"ISESC (TECNOLOGIA) - OBSOLESCÊNCIA - BBB PÁGINA EM BRANCO - FASE 3 -  MDO 2024 - MARÇO A AGOSTO - RC1-106 - SYSMANAGER";2024-04-01 00:00:00,000;2024-04-17 00:00:00,000;2024-04-17 00:00:00,000;2
"20510";"Obsolescência - BBB Página em Branco - Fase 3";"rodrigo.freitas@g.globo";"Plataformas De Produção";"PLAT. DE PÓS-PROD. E DESIGN";"SOLUÇÃO";"RCGRJ10370196";"OCGCP10370364";"BLACK ICE SECURITY LTDA";"PAULA REGIS QUEIROZ AFONSO MUNIZ";"CLOSED FOR RECEIVING";"Aberto";"CLOSED FOR RECEIVING";"APPROVED";2024-05-20 00:00:00,000;"ISESC (TECNOLOGIA) - Obsolescência - BBB Página em Branco - Fase 3 -  MDO 2024 - abril a agosto - RC2-24 - BLACK ICE";2024-05-20 00:00:00,000;2024-06-14 00:00:00,000;2024-06-14 00:00:00,000;9092
"20510";"Obsolescência - BBB Página em Branco - Fase 3";"rodrigo.freitas@g.globo";"Plataformas De Produção";"PLAT. DE PÓS-PROD. E DESIGN";"SOLUÇÃO";"RCGRJ10389420";"OCGCP10391283";"INSI DIGITAL EVOLUTION S.A";"BRUNO DUTRA GOMES";"CLOSED FOR RECEIVING";"Aberto";"CLOSED FOR RECEIVING";"APPROVED";2024-07-10 00:00:00,000;"ISESC (TECNOLOGIA) - OBSOLESCÊNCIA  - BBB PÁGINA EM BRANCO  - FASE 3  - MDO DESENVOLVIMENTO LOGGER BBB E UPLOADER  - META";2024-07-10 00:00:00,000;2024-08-08 00:00:00,000;2024-08-08 00:00:00,000;5943,36
"20510";"Obsolescência - BBB Página em Branco - Fase 3";"rodrigo.freitas@g.globo";"Plataformas De Produção";"PLAT. DE PÓS-PROD. E DESIGN";"SOLUÇÃO";"RCGRJ10448740";"OCGCP10458624";"CROSSPOINT ELETRONICA LTDA";"VANUZA APARECIDA PIANES COELHO";"CLOSED FOR RECEIVING";"Aberto";"CLOSED FOR RECEIVING";"APPROVED";2024-12-12 00:00:00,000;"ISESC (TECNOLOGIA) - OBSOLESCÊNCIA - BBB PÁGINA EM BRANCO - FASE 3 - AQUISIÇÃO DE LICENÇA MEDIA CONNECTOR - CIS GROUP";2024-12-04 00:00:00,000;2025-01-03 00:00:00,000;2025-01-03 00:00:00,000;0,01
"20510";"Obsolescência - BBB Página em Branco - Fase 3";"rodrigo.freitas@g.globo";"Plataformas De Produção";"PLAT. DE PÓS-PROD. E DESIGN";"MDO";"RCGRJ10503717";"OCGCP10515824";"QUARK TECNOLOGIA LTDA";"PAULA REGIS QUEIROZ AFONSO MUNIZ";"CLOSED FOR RECEIVING";"Aberto";"CLOSED FOR RECEIVING";"APPROVED";2025-04-28 00:00:00,000;"ISESC (TECNOLOGIA) - BBB PÁGINA EM BRANCO FASE 3 - MDO - MAIO/25 A DEZ/25 - QUARK";2025-04-28 00:00:00,000;2025-05-17 00:00:00,000;2025-05-17 00:00:00,000;12360
"20510";"Obsolescência - BBB Página em Branco - Fase 3";"rodrigo.freitas@g.globo";"Plataformas De Produção";"PLAT. DE PÓS-PROD. E DESIGN";"SOLUÇÃO";"RCGRJ10522401";"OCGCP10533065";"VATTIMO MANUTENCOES LTDA ME";"RAPHAEL BAPTISTA DA SILVA";"CLOSED FOR RECEIVING";"Aberto";"CLOSED FOR RECEIVING";"APPROVED";2025-06-04 00:00:00,000;"ISESC (TECNOLOGIA) - BBB-25 - Serviços Inspeções Termográficas - MG4 EST-L - Preventiva - Análise térmicas conexões de alimentação - VATTIMO";2025-06-03 00:00:00,000;2025-07-03 00:00:00,000;2025-07-03 00:00:00,000;1799
"20510";"Obsolescência - BBB Página em Branco - Fase 3";"rodrigo.freitas@g.globo";"Plataformas De Produção";"PLAT. DE PÓS-PROD. E DESIGN";"SOLUÇÃO";"RCGRJ10523037";"OCGCP10533836";"DIGIACOMO INSTALACOES LTDA";"LEONARDO VIEIRA DE CAMPOS";"CLOSED FOR RECEIVING";"Aberto";"CLOSED FOR RECEIVING";"APPROVED";2025-06-05 00:00:00,000;"ISESC (TECNOLOGIA - BBB PAGINA EM BRANCO FASE 3 - INSTALAÇÃO ACCESS POINT SALA 592 PREDIO DO CCR";2025-06-05 00:00:00,000;2025-07-04 00:00:00,000;2025-07-04 00:00:00,000;0,01
"20846";"Obsolescência - Composição Flame";"geonis.teixeira@g.globo";"Plataformas De Produção";"PLAT. DE PÓS-PROD. E DESIGN";"SOLUÇÃO";"RCGMG10014702";"";"";"RAFAEL ROSADO";"APPROVED";"Aberto";"APPROVED";"APPROVED";2026-09-04 00:00:00,000;"CORE&SI (TECNOLOGIA) - OBSOLESCÊNCIA_COMPOSIÇÃO FLAME - CABO USB-C PARA DISPLAYPORT (DP) BIDIRECIONAL MG - [SOLUÇÃO]";2026-09-29 00:00:00,000;2026-10-04 00:00:00,000;;4050
"20846";"Obsolescência - Composição Flame";"geonis.teixeira@g.globo";"Plataformas De Produção";"PLAT. DE PÓS-PROD. E DESIGN";"SOLUÇÃO";"RCGRJ10436122";"";"DIGIACOMO INSTALACOES LTDA";"LEONARDO VIEIRA DE CAMPOS";"PENDING APPROVAL";"Em aprovação";"PENDING APPROVAL";"PENDING APPROVAL";2024-12-05 00:00:00,000;"CPP CTEC4_MISSÃO CRÍTICA_MÃO DE OBRA";2024-10-30 00:00:00,000;2024-12-05 00:00:00,000;;3513,11
"20846";"Obsolescência - Composição Flame";"geonis.teixeira@g.globo";"Plataformas De Produção";"PLAT. DE PÓS-PROD. E DESIGN";"SOLUÇÃO";"RCGRJ10467381";"OCGCP10497512";"HP BRASIL INDUSTRIA E COMERCIO DE EQUIPAMENTOS ELETRONICOS LTDA";"MARCELLE LIZ FRANZI VICHI DA SILVA";"CLOSED FOR RECEIVING";"Aberto";"CLOSED FOR RECEIVING";"APPROVED";2025-03-26 00:00:00,000;"ISESC (TECNOLOGIA) - OBSOLESCÊNCIA COMPOSIÇÃO FLAME – LICENÇAS DE FERRAMENTA DE ACESSO REMOTO HP PARA O PARQUE DE COMPOSIÇÃO FLAME EG [FORNECEDOR HP]";2025-03-25 00:00:00,000;2025-04-18 00:00:00,000;2025-04-18 00:00:00,000;60,23
"20846";"Obsolescência - Composição Flame";"geonis.teixeira@g.globo";"Plataformas De Produção";"PLAT. DE PÓS-PROD. E DESIGN";"SOLUÇÃO";"RCGRJ10477614";"OCGCP10497658";"VIRTUALTV PRODUCOES E TECNOLOGIA LTDA";"CAROLINE LOPES MENDONCA";"OPEN";"Aberto";"OPEN";"APPROVED";2025-03-19 00:00:00,000;" ISESC (TECNOLOGIA) - OBSOLESCÊNCIA COMPOSIÇÃO FLAME – PERIFÉRICOS OPERACIONAIS [SOLUÇÃO]";2025-03-18 00:00:00,000;2025-03-22 00:00:00,000;2025-04-25 00:00:00,000;4499
"20846";"Obsolescência - Composição Flame";"geonis.teixeira@g.globo";"Plataformas De Produção";"PLAT. DE PÓS-PROD. E DESIGN";"SOLUÇÃO";"RCGRJ10495376";"OCGCP10508292";"LENOVO TECNOLOGIA (BRASIL) LIMITADA";"THAIS OLIVEIRA SPEZANI";"CLOSED FOR RECEIVING";"Aberto";"CLOSED FOR RECEIVING";"APPROVED";2025-04-09 00:00:00,000;"ISESC (TECNOLOGIA) - OBOSOLESCÊNCIA COMPOSIÇÃO FLAME - LAPTOP HOMOLOGAÇÃO [SOLUÇÃO]";2025-04-08 00:00:00,000;2025-05-01 00:00:00,000;2025-05-16 00:00:00,000;151,56
"20846";"Obsolescência - Composição Flame";"geonis.teixeira@g.globo";"Plataformas De Produção";"PLAT. DE PÓS-PROD. E DESIGN";"SOLUÇÃO";"RCGRJ10569274";"OCGCP10586784";"LENOVO TECNOLOGIA (BRASIL) LIMITADA";"THAIS OLIVEIRA SPEZANI";"CLOSED FOR RECEIVING";"Aberto";"CLOSED FOR RECEIVING";"APPROVED";2025-10-08 00:00:00,000;"ISESC (TECNOLOGIA) - OBSOLESCÊNCIA COMPOSIÇÃO FLAME – SERVIDOR DE PROJETO PARA FLAME AUTODESK [SOLUÇÃO]";2025-10-07 00:00:00,000;2025-11-05 00:00:00,000;2025-12-09 00:00:00,000;0,02
"20846";"Obsolescência - Composição Flame";"geonis.teixeira@g.globo";"Plataformas De Produção";"PLAT. DE PÓS-PROD. E DESIGN";"SOLUÇÃO";"RCGRJ10583345";"OCGCP10602652";"STEFANINI CONSULTORIA E ASSESSORIA EM INFORMATICA S.A.";"LUIZ FERNANDO CONCEICAO VARGAS";"CLOSED FOR RECEIVING";"Aberto";"CLOSED FOR RECEIVING";"APPROVED";2025-11-17 00:00:00,000;"Execução de Projetos - JB - VM22 PRJ TE - INVERSÃO SALAS TECNOLOGIA - Solicitação de Compra - Stefanini";2025-11-17 00:00:00,000;2025-11-17 00:00:00,000;2025-11-17 00:00:00,000;1002,34
"20846";"Obsolescência - Composição Flame";"geonis.teixeira@g.globo";"Plataformas De Produção";"PLAT. DE PÓS-PROD. E DESIGN";"SOLUÇÃO";"RCGRJ10585668";"OCGCP10628155";"KML MERITIENSE INDUSTRIA E COMERCIO DE MOVEIS LTDA";"VIVIANE OLIVEIRA CORREA";"OPEN";"Aberto";"OPEN";"APPROVED";2026-01-22 00:00:00,000;"Execução de Projetos - JB - VM22 PRJ TE - INVERSÃO SALAS TECNOLOGIA - Solicitação de Compra - Marcenaria - KML";2026-01-09 00:00:00,000;2026-02-27 00:00:00,000;2026-02-27 00:00:00,000;3570
"20846";"Obsolescência - Composição Flame";"geonis.teixeira@g.globo";"Plataformas De Produção";"PLAT. DE PÓS-PROD. E DESIGN";"SOLUÇÃO";"RCGRJ10688314";"OCGCP10724748";"A M PROJETOS E SERVICOSS LTDA";"NEWTON FRANCISCO PINHEIRO ROSA";"CLOSED FOR RECEIVING";"Aberto";"CLOSED FOR RECEIVING";"APPROVED";2026-09-16 00:00:00,000;"CORE&SI (TECNOLOGIA) - OBSOLESCÊNCIA_COMPOSIÇÃO FLAME - MÃO DE OBRA INSTALAÇÃO RACKS CTEC1 CPP EG - [SOLUÇÃO]";2026-09-11 00:00:00,000;2026-09-16 00:00:00,000;2026-09-16 00:00:00,000;8810
"20846";"Obsolescência - Composição Flame";"geonis.teixeira@g.globo";"Plataformas De Produção";"PLAT. DE PÓS-PROD. E DESIGN";"SOLUÇÃO";"RCGSP10052647";"OCGCP10508296";"LENOVO TECNOLOGIA (BRASIL) LIMITADA";"THAIS OLIVEIRA SPEZANI";"CLOSED FOR RECEIVING";"Aberto";"CLOSED FOR RECEIVING";"APPROVED";2025-04-09 00:00:00,000;"ISESC (TECNOLOGIA) - OBOSOLESCÊNCIA COMPOSIÇÃO FLAME - LAPTOP HOMOLOGAÇÃO SP [SOLUÇÃO]";2025-04-08 00:00:00,000;2025-05-03 00:00:00,000;2025-05-16 00:00:00,000;160,65
"20883";"Obsolescência - Edição 2024";"renan.reis@g.globo";"Plataformas De Produção";"PLAT. DE PÓS-PROD. E DESIGN";"SOLUÇÃO";"RCGMG10010256";"OCGCP10483038";"HP BRASIL INDUSTRIA E COMERCIO DE EQUIPAMENTOS ELETRONICOS LTDA";"THAIS OLIVEIRA SPEZANI";"CLOSED FOR RECEIVING";"Aberto";"CLOSED FOR RECEIVING";"APPROVED";2025-02-14 00:00:00,000;"ISESC (TECNOLOGIA) - OBSOLESCÊNCIA - EDIÇÃO 2024 - ESTAÇÕES DE POSTRENDER (MG) [HARDWARE AGNÓSTICO] - [SOLUÇÃO]";2025-02-14 00:00:00,000;2025-02-14 00:00:00,000;2025-02-14 00:00:00,000;1388,35
"20883";"Obsolescência - Edição 2024";"renan.reis@g.globo";"Plataformas De Produção";"PLAT. DE PÓS-PROD. E DESIGN";"SOLUÇÃO";"RCGPE10008550";"OCGCP10484673";"HP BRASIL INDUSTRIA E COMERCIO DE EQUIPAMENTOS ELETRONICOS LTDA";"THAIS OLIVEIRA SPEZANI";"CLOSED FOR RECEIVING";"Aberto";"CLOSED FOR RECEIVING";"APPROVED";2025-02-19 00:00:00,000;"ISESC (TECNOLOGIA) - OBSOLESCÊNCIA - EDIÇÃO 2024 - ESTAÇÕES DE POSTRENDER (PE) [HARDWARE AGNÓSTICO] - [SOLUÇÃO]";2025-02-19 00:00:00,000;2025-02-14 00:00:00,000;2025-02-14 00:00:00,000;1388,35
"20883";"Obsolescência - Edição 2024";"renan.reis@g.globo";"Plataformas De Produção";"PLAT. DE PÓS-PROD. E DESIGN";"MDO";"RCGRJ10345565";"OCGCP10344141";"NTT BRASIL COMERCIO E SERVICOS DE TECNOLOGIA LTDA";"CONRADO PERDIGAO FERRANTE";"CLOSED FOR RECEIVING";"Aberto";"CLOSED FOR RECEIVING";"APPROVED";2024-03-14 00:00:00,000;"ISESC (TECNOLOGIA) - OBSOLESCÊNCIA - EDIÇÃO 2024 -  MDO 2024 - MARÇO A AGOSTO - RC1-102 - NTT BRASIL COMERCIO E SERVICOS DE TECNOLOGIA LTDA";2024-03-14 00:00:00,000;2024-04-06 00:00:00,000;2024-04-06 00:00:00,000;4587,91
"20883";"Obsolescência - Edição 2024";"renan.reis@g.globo";"Plataformas De Produção";"PLAT. DE PÓS-PROD. E DESIGN";"MDO";"RCGRJ10416076";"OCGCP10417318";"SYS MANAGER INFORMATICA LTDA";"PAULA REGIS QUEIROZ AFONSO MUNIZ";"CLOSED FOR RECEIVING";"Aberto";"CLOSED FOR RECEIVING";"APPROVED";2024-09-09 00:00:00,000;"ISESC (TECNOLOGIA) - OBSOLESCÊNCIA - EDIÇÃO 2024 - OBSOLESCÊNCIA - BBB PÁGINA EM BRANCO - FASE 3 - MDO - SETEMBRO/24 A FEVEREIRO/25 - RC2-104 - SYSMANAGER";2024-09-09 00:00:00,000;2024-10-05 00:00:00,000;2024-10-05 00:00:00,000;68,37
"20883";"Obsolescência - Edição 2024";"renan.reis@g.globo";"Plataformas De Produção";"PLAT. DE PÓS-PROD. E DESIGN";"MDO";"RCGRJ10416117";"OCGCP10417326";"SYS MANAGER INFORMATICA LTDA";"PAULA REGIS QUEIROZ AFONSO MUNIZ";"CLOSED FOR RECEIVING";"Aberto";"CLOSED FOR RECEIVING";"APPROVED";2024-09-09 00:00:00,000;"ISESC (TECNOLOGIA) - OBSOLESCÊNCIA - EDIÇÃO 2024 - MDO - SETEMBRO/24 A FEVEREIRO/25 - RC2-106 - SYSMANAGER";2024-09-09 00:00:00,000;2024-10-05 00:00:00,000;2024-10-05 00:00:00,000;0,02
"20883";"Obsolescência - Edição 2024";"renan.reis@g.globo";"Plataformas De Produção";"PLAT. DE PÓS-PROD. E DESIGN";"SOLUÇÃO";"RCGRJ10433019";"OCGCP10437567";"DIGIACOMO INSTALACOES LTDA";"LEONARDO VIEIRA DE CAMPOS";"CLOSED FOR RECEIVING";"Aberto";"CLOSED FOR RECEIVING";"APPROVED";2024-10-24 00:00:00,000;"CTEC9 CPP_MISSÃO CRÍTICA_MÃO DE OBRA";2024-10-21 00:00:00,000;2024-10-18 00:00:00,000;2024-10-18 00:00:00,000;3513,11
"20883";"Obsolescência - Edição 2024";"renan.reis@g.globo";"Plataformas De Produção";"PLAT. DE PÓS-PROD. E DESIGN";"SOLUÇÃO";"RCGRJ10451495";"OCGCP10483064";"HP BRASIL INDUSTRIA E COMERCIO DE EQUIPAMENTOS ELETRONICOS LTDA";"THAIS OLIVEIRA SPEZANI";"CLOSED FOR RECEIVING";"Aberto";"CLOSED FOR RECEIVING";"APPROVED";2025-02-14 00:00:00,000;"ISESC (TECNOLOGIA) - OBSOLESCÊNCIA - EDIÇÃO 2024 - ESTAÇÕES DE POSTRENDER RJ (JB & ION) [HARDWARE AGNÓSTICO] - [SOLUÇÃO]";2025-02-14 00:00:00,000;2025-02-14 00:00:00,000;2025-02-14 00:00:00,000;2776,7
"20883";"Obsolescência - Edição 2024";"renan.reis@g.globo";"Plataformas De Produção";"PLAT. DE PÓS-PROD. E DESIGN";"SOLUÇÃO";"RCGRJ10695917";"";"QUARK TECNOLOGIA LTDA";"PAULA REGIS QUEIROZ AFONSO MUNIZ";"PENDING APPROVAL";"Em aprovação";"PENDING APPROVAL";"PENDING APPROVAL";2026-09-25 00:00:00,000;"PLATAFORMAS DE PRODUÇÃO (TECNOLOGIA) - OBSOLESCÊNCIA - EDIÇÃO 2024 | MDO - QUARK";;2026-10-25 00:00:00,000;;11042,91
"20883";"Obsolescência - Edição 2024";"renan.reis@g.globo";"Plataformas De Produção";"PLAT. DE PÓS-PROD. E DESIGN";"SOLUÇÃO";"RCGSP10048529";"OCGCP10483081";"HP BRASIL INDUSTRIA E COMERCIO DE EQUIPAMENTOS ELETRONICOS LTDA";"THAIS OLIVEIRA SPEZANI";"CLOSED FOR RECEIVING";"Aberto";"CLOSED FOR RECEIVING";"APPROVED";2025-02-14 00:00:00,000;"ISESC (TECNOLOGIA) - OBSOLESCÊNCIA - EDIÇÃO 2024 - ESTAÇÕES DE POSTRENDER (SP) [HARDWARE AGNÓSTICO] - [SOLUÇÃO]";2025-02-14 00:00:00,000;2025-02-14 00:00:00,000;2025-02-14 00:00:00,000;1388,35
"20273";"Obsolescência - Grafismo e Produção Virtual";"julia.maia.rodrigues@g.globo";"Plataformas De Produção";"PLAT. DE PÓS-PROD. E DESIGN";"SOLUÇÃO";"RCGDF10010818";"OCGCP10581537";"LENOVO TECNOLOGIA (BRASIL) LIMITADA";"LUIZ FERNANDO CONCEICAO VARGAS";"CLOSED FOR RECEIVING";"Aberto";"CLOSED FOR RECEIVING";"APPROVED";2025-09-25 00:00:00,000;"ISESC - [OBSOL. GRAFISMO E PRODUÇÃO VIRTUAL] – WORKSTATIONS TELA INTERATIVA - FORNECEDOR: LENOVO - [SOLUÇÃO]";2025-09-16 00:00:00,000;2025-10-10 00:00:00,000;2025-12-05 00:00:00,000;0,62
"20273";"Obsolescência - Grafismo e Produção Virtual";"julia.maia.rodrigues@g.globo";"Plataformas De Produção";"PLAT. DE PÓS-PROD. E DESIGN";"SOLUÇÃO";"RCGMG10012132";"OCGCP10581534";"LENOVO TECNOLOGIA (BRASIL) LIMITADA";"LUIZ FERNANDO CONCEICAO VARGAS";"CLOSED FOR RECEIVING";"Aberto";"CLOSED FOR RECEIVING";"APPROVED";2025-09-25 00:00:00,000;"ISESC - [OBSOL. GRAFISMO E PRODUÇÃO VIRTUAL] – WORKSTATIONS TELA INTERATIVA - FORNECEDOR: LENOVO - [SOLUÇÃO]";2025-09-16 00:00:00,000;2025-10-10 00:00:00,000;2025-12-05 00:00:00,000;0,45
"20273";"Obsolescência - Grafismo e Produção Virtual";"julia.maia.rodrigues@g.globo";"Plataformas De Produção";"PLAT. DE PÓS-PROD. E DESIGN";"SOLUÇÃO";"RCGRJ10489575";"OCGCP10497691";"AD DIGITAL COMERCIO DE ELETRONICOS LTDA";"MONIQUE MALTA DA SILVA FERNANDES MACHADO";"CLOSED FOR RECEIVING";"Aberto";"CLOSED FOR RECEIVING";"APPROVED";2025-03-19 00:00:00,000;"ISESC (TECNOLOGIA) - Obsolescência - Grafismo e Produção Virtual - Reserva FF - DESPESAS EXTRAS COLABORADOR - AD DIGITAL";2025-03-19 00:00:00,000;2025-04-18 00:00:00,000;2025-04-18 00:00:00,000;0,19
"20273";"Obsolescência - Grafismo e Produção Virtual";"julia.maia.rodrigues@g.globo";"Plataformas De Produção";"PLAT. DE PÓS-PROD. E DESIGN";"SOLUÇÃO";"RCGRJ10588008";"";"CEABS SERVICOS S.A.";"DILMA CORDEIRO";"PENDING APPROVAL";"Em aprovação";"PENDING APPROVAL";"PENDING APPROVAL";2025-11-27 00:00:00,000;"FJ&I – SSL - EG - GESTÃO DA FROTA - SERVIÇO DE RASTREAMENTO NOV/2025 - CEABS";;2025-12-27 00:00:00,000;;53,22
"20843";"Obsolescência - IBMS - Hardware e Software";"mauricio.mascarenhas@g.globo";"Plataformas De Produção";"PLAT. DE METADADOS E MÍDIAS";"MDO";"RCGRJ10415125";"OCGCP10417043";"AD DIGITAL COMERCIO DE ELETRONICOS LTDA";"MONIQUE MALTA DA SILVA FERNANDES MACHADO";"CLOSED FOR RECEIVING";"Aberto";"CLOSED FOR RECEIVING";"APPROVED";2024-09-09 00:00:00,000;"ISESC (TECNOLOGIA) - OBSOLESCÊNCIA - IBMS - HARDWARE E SOFTWARE/ GLOBO MIDIA - MDO - SETEMBRO/24 A OUTUBRO/24 - RC2-26 - AD DIGITAL COMERCIO DE ELETRONICOS LTDA";2024-09-09 00:00:00,000;2024-10-04 00:00:00,000;2024-10-04 00:00:00,000;9,22
"20843";"Obsolescência - IBMS - Hardware e Software";"mauricio.mascarenhas@g.globo";"Plataformas De Produção";"PLAT. DE METADADOS E MÍDIAS";"SOLUÇÃO";"RCGRJ10415257";"OCGCP10417053";"AD DIGITAL COMERCIO DE ELETRONICOS LTDA";"MONIQUE MALTA DA SILVA FERNANDES MACHADO";"CLOSED FOR RECEIVING";"Aberto";"CLOSED FOR RECEIVING";"APPROVED";2024-09-09 00:00:00,000;"ISESC (TECNOLOGIA) - OBSOLESCÊNCIA - IBMS - HARDWARE E SOFTWARE - MDO - SETEMBRO/24 A OUTUBRO/24 - RC2-34 - AD DIGITAL COMERCIO DE ELETRONICOS LTDA";2024-09-09 00:00:00,000;2024-10-04 00:00:00,000;2024-10-04 00:00:00,000;1560
"20843";"Obsolescência - IBMS - Hardware e Software";"mauricio.mascarenhas@g.globo";"Plataformas De Produção";"PLAT. DE METADADOS E MÍDIAS";"MDO";"RCGRJ10415300";"OCGCP10417141";"AD DIGITAL COMERCIO DE ELETRONICOS LTDA";"MONIQUE MALTA DA SILVA FERNANDES MACHADO";"CLOSED FOR RECEIVING";"Aberto";"CLOSED FOR RECEIVING";"APPROVED";2024-09-09 00:00:00,000;"ISESC (TECNOLOGIA) - OBSOLESCÊNCIA - IBMS - HARDWARE E SOFTWARE - MDO - SETEMBRO/24 A OUTUBRO/24 - RC2-60 - AD DIGITAL COMERCIO DE ELETRONICOS LTDA";2024-09-09 00:00:00,000;2024-10-04 00:00:00,000;2024-10-04 00:00:00,000;399,42
"20843";"Obsolescência - IBMS - Hardware e Software";"mauricio.mascarenhas@g.globo";"Plataformas De Produção";"PLAT. DE METADADOS E MÍDIAS";"SOLUÇÃO";"RCGRJ10475192";"OCGCP10484036";"AD DIGITAL COMERCIO DE ELETRONICOS LTDA";"MONIQUE MALTA DA SILVA FERNANDES MACHADO";"CLOSED FOR RECEIVING";"Aberto";"CLOSED FOR RECEIVING";"APPROVED";2025-02-17 00:00:00,000;"ISESC (TECNOLOGIA) - AQUISIÇÃO DE MÃO DE OBRA DE ANALISTA PLENO PARA WORKFLOW DO ACERVO - FEV/25 a JUN/25 [MONIQUE HORA]";2025-02-17 00:00:00,000;2025-03-19 00:00:00,000;2025-03-19 00:00:00,000;19299,2
"20843";"Obsolescência - IBMS - Hardware e Software";"mauricio.mascarenhas@g.globo";"Plataformas De Produção";"PLAT. DE METADADOS E MÍDIAS";"SOLUÇÃO";"RCGRJ10529388";"OCGCP10540830";"AD DIGITAL COMERCIO DE ELETRONICOS LTDA";"MONIQUE MALTA DA SILVA FERNANDES MACHADO";"CLOSED FOR RECEIVING";"Aberto";"CLOSED FOR RECEIVING";"APPROVED";2025-06-23 00:00:00,000;"ISESC (TECNOLOGIA) - AQUISIÇÃO DE MÃO DE OBRA DE ANALISTA PLENO PARA WORKFLOW DO ACERVO - JUL/25 a JAN/26 [MONIQUE HORA]";2025-06-23 00:00:00,000;2025-07-20 00:00:00,000;2025-07-20 00:00:00,000;19297,6
"20870";"Obsolescência - Ingest Íon";"renan.reis@g.globo";"Plataformas De Produção";"PLAT. DE PÓS-PROD. E DESIGN";"SOLUÇÃO";"RCGRJ10405635";"OCGCP10410501";"AD DIGITAL COMERCIO DE ELETRONICOS LTDA";"THAIS OLIVEIRA SPEZANI";"CLOSED FOR RECEIVING";"Aberto";"CLOSED FOR RECEIVING";"APPROVED";2024-08-23 00:00:00,000;"ISESC (TECNOLOGIA) - BBB PÁGINA EM BRANCO FASE 3 - OBSOLESCÊNCIA INGEST ION - OBSOLESCÊNCIA MAM VIZRT 2023 - AQUISIÇÃO DE INGESTS - AD DIGITAL";2024-08-21 00:00:00,000;2024-09-15 00:00:00,000;2024-09-15 00:00:00,000;0,17
"20884";"Obsolescência - Microfone Sem fio e Paineis de Comunicação";"roberta.mesquita@g.globo";"Plataformas De Produção";"PLAT. DE CAPTAÇÃO E PRODUÇÃO";"SOLUÇÃO";"RCGMG10014670";"OCGCP10724661";"SAVANA COMUNICACOES LTDA";"PAULA CRISTINA CORREIA FRANCISCO MELO";"INCOMPLETE";"Aberto";"OC em aprovação";"APPROVED";2026-09-16 00:00:00,000;"PLATAFORMAS DE PRODUÇÃO (TECNOLOGIA) - OBSOL. MICROFONE SEM FIO E PAINEIS DE COMUNICAÇÃO - PLACAS E LICENÇAS PARA MATRIZ IP/ST2110  - CLEARCOM";2026-09-04 00:00:00,000;2026-10-02 00:00:00,000;2026-11-03 00:00:00,000;355658,57999999996
"20884";"Obsolescência - Microfone Sem fio e Paineis de Comunicação";"roberta.mesquita@g.globo";"Plataformas De Produção";"PLAT. DE CAPTAÇÃO E PRODUÇÃO";"SOLUÇÃO";"RCGPE10011934";"OCGCP10708890";"CLEARCOM LLC";"MARIANA GYBSON DE CARVALHO FONSECA";"OPEN";"Aberto";"OPEN";"APPROVED";2026-08-06 00:00:00,000;"PLATAFORMAS DE PRODUÇÃO (TECNOLOGIA) - OBSOLESCÊNCIA MICROFONE SEM FIO E PAINEIS DE COMUNICAÇÃO - PLACA E-DANTE - SAVANA";2026-08-05 00:00:00,000;2026-08-19 00:00:00,000;2026-09-17 00:00:00,000;79341,64
"20884";"Obsolescência - Microfone Sem fio e Paineis de Comunicação";"roberta.mesquita@g.globo";"Plataformas De Produção";"PLAT. DE CAPTAÇÃO E PRODUÇÃO";"MDO";"RCGRJ10381608";"OCGCP10384333";"AD DIGITAL COMERCIO DE ELETRONICOS LTDA";"MONIQUE MALTA DA SILVA FERNANDES MACHADO";"CLOSED FOR RECEIVING";"Aberto";"CLOSED FOR RECEIVING";"APPROVED";2024-06-24 00:00:00,000;"ISESC (TECNOLOGIA) - Solução Tier 3 JB - Obsolescência - Microfone Sem fio e Paineis de Comunicação -  MDO 2024 - março a agosto - RC1-57 - AD DIGITAL COMERCIO DE ELETRONICOS LTDA";2024-06-24 00:00:00,000;2024-07-18 00:00:00,000;2024-07-18 00:00:00,000;3506,51
"20884";"Obsolescência - Microfone Sem fio e Paineis de Comunicação";"roberta.mesquita@g.globo";"Plataformas De Produção";"PLAT. DE CAPTAÇÃO E PRODUÇÃO";"SOLUÇÃO";"RCGRJ10585144";"OCGCP10604008";"DELL COMPUTADORES DO BRASIL LTDA";"CAROLINE LOPES MENDONCA";"CLOSED FOR RECEIVING";"Aberto";"CLOSED FOR RECEIVING";"APPROVED";2025-11-19 00:00:00,000;"ISESC (TECNOLOGIA) - OBS. MICROFONES SEM FIO E PAINEIS DE COMUNICAÇÃO - SUPORTE TECNICO - DELL - [SOLUÇÃO]";2025-11-18 00:00:00,000;2025-12-18 00:00:00,000;2025-12-19 00:00:00,000;0,03
"20884";"Obsolescência - Microfone Sem fio e Paineis de Comunicação";"roberta.mesquita@g.globo";"Plataformas De Produção";"PLAT. DE CAPTAÇÃO E PRODUÇÃO";"SOLUÇÃO";"RCGRJ10621454";"OCGCP10646909";"NTT BRASIL COMERCIO E SERVICOS DE TECNOLOGIA LTDA";"LUIZ FERNANDO CONCEICAO VARGAS";"CLOSED FOR RECEIVING";"Aberto";"CLOSED FOR RECEIVING";"APPROVED";2026-03-10 00:00:00,000;"ISESC (TECNOLOGIA) -OBS MICROFONE SEM FIO E PAINEIS DE COMUNICAÇÃO - AQUISIÇÃO DE SWITCH PARA CTRL 1 SP - GLOBAL NTT [SOLUÇÃO]";2026-03-10 00:00:00,000;2026-04-02 00:00:00,000;2026-04-02 00:00:00,000;21661
"20884";"Obsolescência - Microfone Sem fio e Paineis de Comunicação";"roberta.mesquita@g.globo";"Plataformas De Produção";"PLAT. DE CAPTAÇÃO E PRODUÇÃO";"SOLUÇÃO";"RCGRJ10654425";"OCGCP10704145";"GRUPO MULTILASER S.A.";"MATHEUS OLIVEIRA DE JESUS SILVA";"OPEN";"Aberto";"OPEN";"APPROVED";2026-07-23 00:00:00,000;"PLATAFORMAS DE PRODUÇÃO (TECNOLOGIA) OBSOLESCÊNCIA MICROFONE SEM FIO E PAINEIS DE COMUNICAÇÃO - MULTILASER - MICROFONES E SISTEMA SEM FIO PARA O É DE CASA";2026-07-23 00:00:00,000;2026-07-01 00:00:00,000;2026-09-15 00:00:00,000;628623,34000000008
"20884";"Obsolescência - Microfone Sem fio e Paineis de Comunicação";"roberta.mesquita@g.globo";"Plataformas De Produção";"PLAT. DE CAPTAÇÃO E PRODUÇÃO";"SOLUÇÃO";"RCGRJ10657829";"OCGCP10699962";"GP CABLING DISTRIBUIDORA E COMERCIO LTDA";"PAULA CRISTINA CORREIA FRANCISCO MELO";"OPEN";"Aberto";"OPEN";"APPROVED";2026-07-14 00:00:00,000;"PLATAFORMAS DE PRODUÇÃO (TECNOLOGIA) OBSOLESCÊNCIA MICROFONE SEM FIO E PAINEIS DE COMUNICAÇÃO - FIBRAS LC/LC GP CABLING - PARA REDE RAVENNA DO ÍON.";2026-06-15 00:00:00,000;2026-06-11 00:00:00,000;2026-10-13 00:00:00,000;29536,370000000003
"20884";"Obsolescência - Microfone Sem fio e Paineis de Comunicação";"roberta.mesquita@g.globo";"Plataformas De Produção";"PLAT. DE CAPTAÇÃO E PRODUÇÃO";"SOLUÇÃO";"RCGRJ10666778";"OCGCP10699584";"LANTELE COMERCIAL ELETRICA LTDA";"CAROLINE LOPES MENDONCA";"OPEN";"Aberto";"OPEN";"APPROVED";2026-07-13 00:00:00,000;"PLATAFORMAS DE PRODUÇÃO (TECNOLOGIA) OBSOLESCÊNCIA - MICROFONE SEM FIO E PAINEIS DE COMUNICAÇÃO - ROBUSTECIMENTO INFRA PARA MIC-8 - LANTELE";2026-07-13 00:00:00,000;2026-07-08 00:00:00,000;2026-07-08 00:00:00,000;25,47
"20884";"Obsolescência - Microfone Sem fio e Paineis de Comunicação";"roberta.mesquita@g.globo";"Plataformas De Produção";"PLAT. DE CAPTAÇÃO E PRODUÇÃO";"SOLUÇÃO";"RCGRJ10667035";"OCGCP10701660";"PS NETWORK EXPERTS SERVICOS LTDA.";"RAFAEL GOUVEIA DE SOUZA";"OPEN";"Aberto";"OPEN";"APPROVED";2026-07-17 00:00:00,000;"PLATAFORMAS DE PRODUÇÃO (TECNOLOGIA) OBSOLESCÊNCIA - MICROFONE SEM FIO E PAINEIS DE COMUNICAÇÃO- FONTES DE SWITCHS ARISTA PARA DISTRIBUIÇÃO DE ÁUDIO - PS NETWORK";2026-07-08 00:00:00,000;2026-07-03 00:00:00,000;2026-11-13 00:00:00,000;62850,56
"20884";"Obsolescência - Microfone Sem fio e Paineis de Comunicação";"roberta.mesquita@g.globo";"Plataformas De Produção";"PLAT. DE CAPTAÇÃO E PRODUÇÃO";"SOLUÇÃO";"RCGRJ10667881";"OCGCP10696644";"LAWO AG";"MARIANA GYBSON DE CARVALHO FONSECA";"OPEN";"Aberto";"OPEN";"APPROVED";2026-07-07 00:00:00,000;"PLATAFORMAS DE PRODUÇÃO (TECNOLOGIA) - OBSOLESCÊNCIA MICROFONE SEM FIO E PAINEIS DE COMUNICAÇÃO - LAWO - REPARO DO A_MIC8 PARA ESTÚDIO A";2026-07-07 00:00:00,000;2026-08-06 00:00:00,000;2026-08-06 00:00:00,000;1067,55
"20884";"Obsolescência - Microfone Sem fio e Paineis de Comunicação";"roberta.mesquita@g.globo";"Plataformas De Produção";"PLAT. DE CAPTAÇÃO E PRODUÇÃO";"SOLUÇÃO";"RCGRJ10675606";"OCGCP10708864";"GRUPO MULTILASER S.A.";"MARIANA GYBSON DE CARVALHO FONSECA";"OPEN";"Aberto";"OPEN";"APPROVED";2026-08-06 00:00:00,000;"PLATAFORMAS DE PRODUÇÃO (TECNOLOGIA) -OBSOLESCÊNCIA MICROFONE SEM FIO E PAINEIS DE COMUNICAÇÃO - BELTS PARA SISTEMA DO BOM DIA BRASIL - MULTILASER";2026-08-05 00:00:00,000;2026-08-03 00:00:00,000;2026-10-02 00:00:00,000;83763,28
"20884";"Obsolescência - Microfone Sem fio e Paineis de Comunicação";"roberta.mesquita@g.globo";"Plataformas De Produção";"PLAT. DE CAPTAÇÃO E PRODUÇÃO";"SOLUÇÃO";"RCGRJ10683052";"OCGCP10725819";"NTT BRASIL COMERCIO E SERVICOS DE TECNOLOGIA LTDA";"RAFAEL GOUVEIA DE SOUZA";"CLOSED FOR RECEIVING";"Aberto";"CLOSED FOR RECEIVING";"APPROVED";2026-09-18 00:00:00,000;"PLATAFORMAS DE PRODUÇÃO (TECNOLOGIA) -ROADMAP CONTROLES OBSOLESCÊNCIA AUDIO MIXER BH - SWITCHERS CISCO PARA DISTRIBUIÇÃO DE ÁUDIO - NTT";2026-09-18 00:00:00,000;2026-09-20 00:00:00,000;2026-09-20 00:00:00,000;19155
"20884";"Obsolescência - Microfone Sem fio e Paineis de Comunicação";"roberta.mesquita@g.globo";"Plataformas De Produção";"PLAT. DE CAPTAÇÃO E PRODUÇÃO";"SOLUÇÃO";"RCGRJ10683052";"OCGCP10725819";"NTT BRASIL COMERCIO E SERVICOS DE TECNOLOGIA LTDA";"RAFAEL GOUVEIA DE SOUZA";"CLOSED FOR RECEIVING";"Aberto";"CLOSED FOR RECEIVING";"APPROVED";2026-09-18 00:00:00,000;"PLATAFORMAS DE PRODUÇÃO (TECNOLOGIA) -ROADMAP CONTROLES OBSOLESCÊNCIA AUDIO MIXER BH - SWITCHERS CISCO PARA DISTRIBUIÇÃO DE ÁUDIO - NTT";2026-09-18 00:00:00,000;2026-10-14 00:00:00,000;2026-10-14 00:00:00,000;81282
"20884";"Obsolescência - Microfone Sem fio e Paineis de Comunicação";"roberta.mesquita@g.globo";"Plataformas De Produção";"PLAT. DE CAPTAÇÃO E PRODUÇÃO";"SOLUÇÃO";"RCGSP10050597";"OCGCP10492856";"L.B.O. LIGHTING LTDA";"HENRIQUE JASMIM RODRIGUES";"OPEN";"Aberto";"OPEN";"APPROVED";2025-03-11 00:00:00,000;"INFRAESTRUTURA E SEGURANÇA (TECNOLOGIA)- ESTÚDIOS EG OBSOLESCÊNCIA - OBSOLESCÊNCIA MICROFONES / FIO E PAINEIS - HOT MACHINE";2025-02-24 00:00:00,000;2025-03-25 00:00:00,000;2025-04-30 00:00:00,000;6800
"20884";"Obsolescência - Microfone Sem fio e Paineis de Comunicação";"roberta.mesquita@g.globo";"Plataformas De Produção";"PLAT. DE CAPTAÇÃO E PRODUÇÃO";"SOLUÇÃO";"RCGSP10073591";"OCGCP10725850";"AUDIO SYSTEMS COMERCIO E REPRESENTACAO LTDA EPP";"THAYSA ROCHA FERREIRA";"OPEN";"Aberto";"OPEN";"APPROVED";2026-09-18 00:00:00,000;"PLATAFORMAS DE PRODUÇÃO (TECNOLOGIA) - OBS. MICROFONES SEM FIO E PAINEIS DE COMUNICAÇÃO - PAINEL MULTICORE DE AUDIO - SYSTEM";2026-09-16 00:00:00,000;2026-10-30 00:00:00,000;2026-10-30 00:00:00,000;82500
"30773";"Obsolescencia - Mixer Fantastico";"roberta.mesquita@g.globo";"Plataformas De Produção";"PLAT. DE CAPTAÇÃO E PRODUÇÃO";"MDO";"RCGRJ10639755";"OCGCP10668122";"ESX ENGENHARIA DE SOFTWARE LTDA";"PAULA REGIS QUEIROZ AFONSO MUNIZ";"CLOSED FOR RECEIVING";"Aberto";"CLOSED FOR RECEIVING";"APPROVED";2026-04-30 00:00:00,000;"PLATAFORMAS DE PRODUÇÃO (TECNOLOGIA) - OBSOLESCENCIA - MIXER FANTASTICO - OUTSOURCING - ID632026 - ESX";2026-04-30 00:00:00,000;2026-05-20 00:00:00,000;2026-05-20 00:00:00,000;121400,14
"20881";"Obsolescência - Playout Airspeed";"lai@g.globo";"Plataformas De Produção";"PLAT. DE PÓS-PROD. E DESIGN";"MDO";"RCGRJ10414979";"OCGCP10416035";"ESX ENGENHARIA DE SOFTWARE LTDA";"PAULA REGIS QUEIROZ AFONSO MUNIZ";"CLOSED FOR RECEIVING";"Aberto";"CLOSED FOR RECEIVING";"APPROVED";2024-09-05 00:00:00,000;"ISESC (TECNOLOGIA) - OBSOLESCÊNCIA - PLAYOUT AIRSPEED/ PAM DO FUTURO - INEWS/ MVP PRODUÇÃO VIRTUALl XR (Dramaturgia) - MDO - SETEMBRO/24 A FEVEREIRO/25 - RC2-19 - ESX";2024-09-05 00:00:00,000;2024-10-04 00:00:00,000;2024-10-04 00:00:00,000;1807,15
"20881";"Obsolescência - Playout Airspeed";"lai@g.globo";"Plataformas De Produção";"PLAT. DE PÓS-PROD. E DESIGN";"SOLUÇÃO";"RCGRJ10526018";"OCGCP10546541";"CROSSPOINT ELETRONICA LTDA";"THAIS OLIVEIRA SPEZANI";"CLOSED FOR RECEIVING";"Aberto";"CLOSED FOR RECEIVING";"APPROVED";2025-07-03 00:00:00,000;"ISESC (TECNOLOGIA) - OBSOLESCÊNCIA - PLAYOUT AIRSPEED - AVID STREAM IO - CIS/CROSSPOINT";2025-06-27 00:00:00,000;2025-07-11 00:00:00,000;2025-07-11 00:00:00,000;777,05
"19618";"Obsolescência - Roadmap de Câmeras 2024";"arthurnsantos@g.globo";"Plataformas De Produção";"PLAT. DE CAPTAÇÃO E PRODUÇÃO";"SOLUÇÃO";"RCGRJ10361476";"OCGCP10360966";"AD DIGITAL COMERCIO DE ELETRONICOS LTDA";"MONIQUE MALTA DA SILVA FERNANDES MACHADO";"CLOSED FOR RECEIVING";"Aberto";"CLOSED FOR RECEIVING";"APPROVED";2024-04-24 00:00:00,000;"ISESC - Projeto Obsolescência - Roadmap de Câmeras 2024 - Ad Digital - Iniciativa de homologação das Câmeras Broadcast";2024-04-24 00:00:00,000;2024-05-17 00:00:00,000;2024-05-17 00:00:00,000;234,04
"19618";"Obsolescência - Roadmap de Câmeras 2024";"arthurnsantos@g.globo";"Plataformas De Produção";"PLAT. DE CAPTAÇÃO E PRODUÇÃO";"SOLUÇÃO";"RCGRJ10485700";"OCGCP10493774";"AD DIGITAL COMERCIO DE ELETRONICOS LTDA";"MONIQUE MALTA DA SILVA FERNANDES MACHADO";"CLOSED FOR RECEIVING";"Aberto";"CLOSED FOR RECEIVING";"APPROVED";2025-03-12 00:00:00,000;"ISESC (TECNOLOGIA) - Roadmap de Câmeras - Obsolescência - DESPESAS EXTRAS COLABORADOR - AD DIGITAL";2025-03-12 00:00:00,000;2025-04-11 00:00:00,000;2025-04-11 00:00:00,000;6,73
"19618";"Obsolescência - Roadmap de Câmeras 2024";"arthurnsantos@g.globo";"Plataformas De Produção";"PLAT. DE CAPTAÇÃO E PRODUÇÃO";"SOLUÇÃO";"RCGRJ10492030";"OCGCP10500413";"AD DIGITAL COMERCIO DE ELETRONICOS LTDA";"MONIQUE MALTA DA SILVA FERNANDES MACHADO";"CLOSED FOR RECEIVING";"Aberto";"CLOSED FOR RECEIVING";"APPROVED";2025-03-25 00:00:00,000;"ISESC (TECNOLOGIA) - Roadmap de Câmeras - Obsolescência - DESPESAS EXTRAS COLABORADOR - AD DIGITAL";2025-03-25 00:00:00,000;2025-04-24 00:00:00,000;2025-04-24 00:00:00,000;26,66
"19618";"Obsolescência - Roadmap de Câmeras 2024";"arthurnsantos@g.globo";"Plataformas De Produção";"PLAT. DE CAPTAÇÃO E PRODUÇÃO";"SOLUÇÃO";"RCGRJ10587185";"OCGCP10607832";"D.M.S. COMERCIO E SERVICOS LTDA";"MARIANA GYBSON DE CARVALHO FONSECA";"OPEN";"Aberto";"OPEN";"APPROVED";2025-12-01 00:00:00,000;"ISESC (TECNOLOGIA) - ROADMAP CAMERAS OBSOLESCÊNCIA - BATERIA E CARREGADOR PARA STEDICAM [SOLUÇÃO]";2025-11-26 00:00:00,000;2025-12-23 00:00:00,000;2025-12-23 00:00:00,000;22222
"20869";"Obsolescência - Sistema de Análise Tática";"julia.maia.rodrigues@g.globo";"Plataformas De Produção";"PLAT. DE PÓS-PROD. E DESIGN";"SOLUÇÃO";"RCGRJ10449811";"OCGCP10476265";"DELL COMPUTADORES DO BRASIL LTDA";"CAROLINE LOPES MENDONCA";"CLOSED";"Fechado";"CLOSED";"APPROVED";2025-01-29 00:00:00,000;"ISESC (TECNOLOGIA) - AQUISIÇÃO TIME DE INOVAÇÃO EM CONTEÚDO GLOBO - WORKSTATION";2025-01-16 00:00:00,000;2025-01-15 00:00:00,000;2025-03-07 00:00:00,000;0,02
"20869";"Obsolescência - Sistema de Análise Tática";"julia.maia.rodrigues@g.globo";"Plataformas De Produção";"PLAT. DE PÓS-PROD. E DESIGN";"SOLUÇÃO";"RCGRJ10652863";"OCGCP10705447";"ALL GLOBAL";"PAULA CRISTINA CORREIA FRANCISCO MELO";"OPEN";"Aberto";"OPEN";"APPROVED";2026-07-28 00:00:00,000;"ISESC (TECNOLOGIA) - OBS. SISTEMA DE ANALISE TATICA - PLACA DE VIDEO CORVID 88 [SOLUÇÃO]";2026-06-16 00:00:00,000;2026-05-28 00:00:00,000;2026-09-04 00:00:00,000;85609,04
"20869";"Obsolescência - Sistema de Análise Tática";"julia.maia.rodrigues@g.globo";"Plataformas De Produção";"PLAT. DE PÓS-PROD. E DESIGN";"SOLUÇÃO";"RCGRJ10685096";"OCGCP10721266";"UNIT IMPORT EXPORT LLC";"CAROLINE LOPES MENDONCA";"OPEN";"Aberto";"OPEN";"APPROVED";2026-09-09 00:00:00,000;"PLAT. PROD (TECNOLOGIA) - [OBS. SISTEMA DE ANALISE TATICA] - PIERO HARDWARE ION - [SOLUÇÃO]";2026-08-31 00:00:00,000;2026-09-26 00:00:00,000;2026-11-16 00:00:00,000;188580,81
"20869";"Obsolescência - Sistema de Análise Tática";"julia.maia.rodrigues@g.globo";"Plataformas De Produção";"PLAT. DE PÓS-PROD. E DESIGN";"SOLUÇÃO";"RCGSP10074041";"OCGCP10729978";"PAIXAO DISTRIBUICAO E COMERCIO LTDA";"RAFAEL LOPES ROSADO";"OPEN";"Aberto";"OPEN";"APPROVED";2026-09-28 00:00:00,000;"PLAT. PROD (TECNOLOGIA) - [OBS. - Sistema de Análise Tática] - Cabos HDMI";2026-09-22 00:00:00,000;2026-09-29 00:00:00,000;2026-10-20 00:00:00,000;2544
"20888";"Obsolescência - Sonorização 2024";"renan.reis@g.globo";"Plataformas De Produção";"PLAT. DE PÓS-PROD. E DESIGN";"MDO";"RCGRJ10415623";"OCGCP10438062";"AD DIGITAL COMERCIO DE ELETRONICOS LTDA";"MONIQUE MALTA DA SILVA FERNANDES MACHADO";"CLOSED FOR RECEIVING";"Aberto";"CLOSED FOR RECEIVING";"APPROVED";2024-10-25 00:00:00,000;"ISESC (TECNOLOGIA) - NOVO CENÁRIO JG, PAM DO FUTURO – INGEST E OBSOLESCÊNCIA - SONORIZAÇÃO 2024  - MDO - NOVEMBRO/24 A FEVEREIRO/25 - RC3-83 - AD DIGITAL COMERCIO DE ELETRONICOS LTDA";2024-10-25 00:00:00,000;2024-10-16 00:00:00,000;2024-10-16 00:00:00,000;729,52
"20888";"Obsolescência - Sonorização 2024";"renan.reis@g.globo";"Plataformas De Produção";"PLAT. DE PÓS-PROD. E DESIGN";"MDO";"RCGRJ10431926";"OCGCP10436839";"QUARK TECNOLOGIA LTDA";"PAULA REGIS QUEIROZ AFONSO MUNIZ";"CLOSED FOR RECEIVING";"Aberto";"CLOSED FOR RECEIVING";"APPROVED";2024-10-23 00:00:00,000;"ISESC (TECNOLOGIA) - OBSOLESCÊNCIA - SONORIZAÇÃO 2024 - MDO - SETEMBRO/24 A FEVEREIRO/25 - RC2-25 - QUARK";2024-10-23 00:00:00,000;2024-11-15 00:00:00,000;2024-11-15 00:00:00,000;24900
"20888";"Obsolescência - Sonorização 2024";"renan.reis@g.globo";"Plataformas De Produção";"PLAT. DE PÓS-PROD. E DESIGN";"SOLUÇÃO";"RCGRJ10538822";"OCGCP10552611";"PAIXAO DISTRIBUICAO E COMERCIO LTDA";"RAPHAEL BAPTISTA DA SILVA";"OPEN";"Aberto";"OPEN";"APPROVED";2025-07-17 00:00:00,000;"ISESC (TECNOLOGIA) - Obs. Sonorização 2024 - Equipamentos Periféricos, HDMI";2025-07-16 00:00:00,000;2025-07-15 00:00:00,000;2025-07-29 00:00:00,000;3450
"20888";"Obsolescência - Sonorização 2024";"renan.reis@g.globo";"Plataformas De Produção";"PLAT. DE PÓS-PROD. E DESIGN";"SOLUÇÃO";"RCGRJ10656321";"OCGCP10705474";"B2TI SOLUCOES CORPORATIVAS EM TECNOLOGIA DA INFORMACAO LTDA";"PAULA CRISTINA CORREIA FRANCISCO MELO";"OPEN";"Aberto";"OPEN";"APPROVED";2026-07-28 00:00:00,000;"PLAT. PROD (TECNOLOGIA) - OBS. SONORIZACAO 2024 (CAPEX) - ITENS NACIONAIS SONORIZACAO CTEC9 - [SOLUÇÃO]";2026-06-11 00:00:00,000;2026-07-05 00:00:00,000;2026-08-17 00:00:00,000;2736
"20888";"Obsolescência - Sonorização 2024";"renan.reis@g.globo";"Plataformas De Produção";"PLAT. DE PÓS-PROD. E DESIGN";"SOLUÇÃO";"RCGRJ10685054";"OCGCP10720731";"PAIXAO DISTRIBUICAO E COMERCIO LTDA";"RAFAEL LOPES ROSADO";"OPEN";"Aberto";"OPEN";"APPROVED";2026-09-08 00:00:00,000;"PLAT. PROD (TECNOLOGIA) - OBS. SONORIZACAO 2024 (CAPEX) - AQUISIÇÃO DE ITENS NACIONAIS COM VALOR DE MERCADO - [SOLUÇÃO]";2026-09-06 00:00:00,000;2026-09-08 00:00:00,000;2026-09-29 00:00:00,000;2980
"20888";"Obsolescência - Sonorização 2024";"renan.reis@g.globo";"Plataformas De Produção";"PLAT. DE PÓS-PROD. E DESIGN";"SOLUÇÃO";"RCGRJ10690275";"OCGCP10727422";"PAIXAO DISTRIBUICAO E COMERCIO LTDA";"";"Recebido | Sem Contabilização";"Aberto";"Recebido | Sem Contabilização";"";2026-09-22 00:00:00,000;"PLAT. PROD (TECNOLOGIA) - OBS. SONORIZACAO 2024 (CAPEX) - COMPRA DOS ADAPTADORES E PAINEIS DE ISOLAMENTO CTEC9 - [SOLUÇÃO]";2026-09-18 00:00:00,000;2026-09-11 00:00:00,000;;220
"20888";"Obsolescência - Sonorização 2024";"renan.reis@g.globo";"Plataformas De Produção";"PLAT. DE PÓS-PROD. E DESIGN";"SOLUÇÃO";"RCGRJ10693153";"";"";"THAISSA CHAGAS BRAGA";"PENDING APPROVAL";"Em aprovação";"PENDING APPROVAL";"PENDING APPROVAL";2026-09-18 00:00:00,000;"PLAT. PROD (TECNOLOGIA) - OBS. SONORIZACAO 2024 (CAPEX) - COMPRA DE CABOS AC PARA SONO CTEC9 - [SOLUÇÃO]";;2026-09-29 00:00:00,000;;3800
"20888";"Obsolescência - Sonorização 2024";"renan.reis@g.globo";"Plataformas De Produção";"PLAT. DE PÓS-PROD. E DESIGN";"SOLUÇÃO";"RCGRJ10694678";"";"PRATICAVEL EVENTOS LTDA.";"ALINE MARIA PEREIRA";"PENDING APPROVAL";"Em aprovação";"PENDING APPROVAL";"PENDING APPROVAL";2026-09-23 00:00:00,000;"PLAT. PROD (TECNOLOGIA) - OBS. SONORIZACAO 2024 (CAPEX) - RENOVAÇÃO DE LOCAÇÃO DE ESTRUTURA BOXTRUSS PARA SALAS DE ÁUDIO IMERSIVO MPEG-H - [SOLUÇÃO]";;2026-10-23 00:00:00,000;;98200
"20878";"Obsolescência - Transcoding Vantage";"renan.reis@g.globo";"Plataformas De Produção";"PLAT. DE PÓS-PROD. E DESIGN";"SOLUÇÃO";"RCGRJ10449811";"OCGCP10476265";"DELL COMPUTADORES DO BRASIL LTDA";"CAROLINE LOPES MENDONCA";"CLOSED";"Fechado";"CLOSED";"APPROVED";2025-01-29 00:00:00,000;"ISESC (TECNOLOGIA) - AQUISIÇÃO TIME DE INOVAÇÃO EM CONTEÚDO GLOBO - WORKSTATION";2025-01-16 00:00:00,000;2025-01-15 00:00:00,000;2025-03-07 00:00:00,000;0,14
"20879";"Obsolescência - Video Wall - Central de Ingest CPP";"";"Plataformas De Produção";"PLAT. DE PÓS-PROD. E DESIGN";"MDO";"RCGRJ10415846";"OCGCP10420635";"QUARK TECNOLOGIA LTDA";"PAULA REGIS QUEIROZ AFONSO MUNIZ";"CLOSED FOR RECEIVING";"Aberto";"CLOSED FOR RECEIVING";"APPROVED";2024-09-17 00:00:00,000;"ISESC (TECNOLOGIA) - OBSOLESCÊNCIA - VIDEO WALL - CENTRAL DE INGEST CPP -  ROADMAP DE GCS MDO - SETEMBRO/24 A FEVEREIRO/25 - RC2-91 - QUARK";2024-09-17 00:00:00,000;2024-10-05 00:00:00,000;2024-10-05 00:00:00,000;2520,92
"20879";"Obsolescência - Video Wall - Central de Ingest CPP";"";"Plataformas De Produção";"PLAT. DE PÓS-PROD. E DESIGN";"SOLUÇÃO";"RCGRJ10418203";"OCGCP10417989";"DIGIACOMO INSTALACOES LTDA";"LEONARDO VIEIRA DE CAMPOS";"CLOSED FOR RECEIVING";"Aberto";"CLOSED FOR RECEIVING";"APPROVED";2024-09-10 00:00:00,000;"ISESC (TECNOLOGIA) - OBSOLESCÊNCIA VIDEO WALL CENTRAL DE INGEST CPP -MÃO DE OBRA (MISSAO CRITICA)";2024-09-10 00:00:00,000;2024-09-10 00:00:00,000;2024-09-10 00:00:00,000;878,28
"16059";"Obsolescência Avaliação Técnica & Finalização";"renan.reis@g.globo";"Plataformas De Produção";"PLAT. DE PÓS-PROD. E DESIGN";"SOLUÇÃO";"RCGRJ10192254";"OCGCP10187443";"AD DIGITAL COMERCIO DE ELETRONICOS LTDA";"MONIQUE MALTA DA SILVA FERNANDES MACHADO";"CLOSED FOR RECEIVING";"Aberto";"CLOSED FOR RECEIVING";"APPROVED";2023-03-16 00:00:00,000;"INFRAESTRUTURA E SEGURANÇA (TECNOLOGIA) - MDO 23 - Pós Produção - parte 1 - Analista de Sol. Midias Sr. PJ";2023-03-16 00:00:00,000;2023-03-27 00:00:00,000;2023-03-27 00:00:00,000;1543,99
"16059";"Obsolescência Avaliação Técnica & Finalização";"renan.reis@g.globo";"Plataformas De Produção";"PLAT. DE PÓS-PROD. E DESIGN";"SOLUÇÃO";"RCGRJ10192263";"OCGCP10188818";"AD DIGITAL COMERCIO DE ELETRONICOS LTDA";"MONIQUE MALTA DA SILVA FERNANDES MACHADO";"CLOSED FOR RECEIVING";"Aberto";"CLOSED FOR RECEIVING";"APPROVED";2023-03-17 00:00:00,000;"INFRAESTRUTURA E SEGURANÇA (TECNOLOGIA) - MDO 23 - Pós Produção - parte 1 - ASM2 SR PJ";2023-03-17 00:00:00,000;2023-03-27 00:00:00,000;2023-03-27 00:00:00,000;1274,38
"16059";"Obsolescência Avaliação Técnica & Finalização";"renan.reis@g.globo";"Plataformas De Produção";"PLAT. DE PÓS-PROD. E DESIGN";"SOLUÇÃO";"RCGRJ10226138";"OCGCP10222802";"AD DIGITAL COMERCIO DE ELETRONICOS LTDA";"MONIQUE MALTA DA SILVA FERNANDES MACHADO";"CLOSED FOR RECEIVING";"Aberto";"CLOSED FOR RECEIVING";"APPROVED";2023-06-05 00:00:00,000;"INFRAESTRUTURA E SEGURANÇA (TECNOLOGIA) - Obsolescência Render Grafismo BSB + Obsolescência Avaliação Técnica & Finalização -  MDO 23 - Suporte - AD";2023-06-05 00:00:00,000;2023-06-17 00:00:00,000;2023-06-17 00:00:00,000;133,9
"16059";"Obsolescência Avaliação Técnica & Finalização";"renan.reis@g.globo";"Plataformas De Produção";"PLAT. DE PÓS-PROD. E DESIGN";"SOLUÇÃO";"RCGRJ10226159";"OCGCP10222806";"AD DIGITAL COMERCIO DE ELETRONICOS LTDA";"MONIQUE MALTA DA SILVA FERNANDES MACHADO";"CLOSED FOR RECEIVING";"Aberto";"CLOSED FOR RECEIVING";"APPROVED";2023-06-05 00:00:00,000;"INFRAESTRUTURA E SEGURANÇA (TECNOLOGIA) - Obsolescência MAM Vizrt 2023 + Obsolescência Avaliação Técnica & Finalização - MDO 23 - Suporte - AD";2023-06-05 00:00:00,000;2023-06-17 00:00:00,000;2023-06-17 00:00:00,000;0,07
"16059";"Obsolescência Avaliação Técnica & Finalização";"renan.reis@g.globo";"Plataformas De Produção";"PLAT. DE PÓS-PROD. E DESIGN";"SOLUÇÃO";"RCGRJ10357117";"";"";"";"";"Aberto";"";"";2024-04-05 00:00:00,000;"ISESC - OBSOLESCÊNCIA AVALIAÇÃO TÉCNICA & FINALIZAÇÃO - ETIQUETA DE IDENTIFICAÇÃO BRADY - ALMOXARIFADO";2024-04-05 00:00:00,000;;;4266
"16059";"Obsolescência Avaliação Técnica & Finalização";"renan.reis@g.globo";"Plataformas De Produção";"PLAT. DE PÓS-PROD. E DESIGN";"SOLUÇÃO";"RCGRJ10361424";"OCGCP10358279";"HBA ENGENHARIA PROJETOS E CONSTRUCOES LTDA";"LEONARDO VIEIRA DE CAMPOS";"CLOSED FOR RECEIVING";"Aberto";"CLOSED FOR RECEIVING";"APPROVED";2024-04-17 00:00:00,000;"RC - HBA - CPP Avaliação Técnica - Extras Infra Missão Crítica - ACGC10000930 - R$ 1.416,60";2024-04-17 00:00:00,000;2024-04-22 00:00:00,000;2024-04-22 00:00:00,000;6
"16059";"Obsolescência Avaliação Técnica & Finalização";"renan.reis@g.globo";"Plataformas De Produção";"PLAT. DE PÓS-PROD. E DESIGN";"SOLUÇÃO";"RCGRJ10362174";"OCGCP10359294";"DIGIACOMO INSTALACOES LTDA";"LEONARDO VIEIRA DE CAMPOS";"CLOSED FOR RECEIVING";"Aberto";"CLOSED FOR RECEIVING";"APPROVED";2024-04-18 00:00:00,000;"[URGENTE] ISESC - OBSOLESCÊNCIA AVAL. TÉCNICA E FINALIZAÇÃO - MDO MISSÃO CRÍTICA - DIGIACOMO";2024-04-18 00:00:00,000;2024-04-19 00:00:00,000;2024-04-19 00:00:00,000;1756,56
"16059";"Obsolescência Avaliação Técnica & Finalização";"renan.reis@g.globo";"Plataformas De Produção";"PLAT. DE PÓS-PROD. E DESIGN";"SOLUÇÃO";"RCGRJ10521971";"OCGCP10531931";"DIGIACOMO INSTALACOES LTDA";"LEONARDO VIEIRA DE CAMPOS";"CLOSED FOR RECEIVING";"Aberto";"CLOSED FOR RECEIVING";"APPROVED";2025-06-02 00:00:00,000;"MC – PROJETO DOLBY ATMOS - M.O PARA INSTALAÇÃO";2025-06-02 00:00:00,000;2025-06-02 00:00:00,000;2025-06-02 00:00:00,000;6859,04
"16059";"Obsolescência Avaliação Técnica & Finalização";"renan.reis@g.globo";"Plataformas De Produção";"PLAT. DE PÓS-PROD. E DESIGN";"SOLUÇÃO";"RCGRJ10530212";"OCGCP10557353";"PRATICAVEL EVENTOS LTDA.";"ANNA LUISA VASCONCELOS BOAVENTURA";"CLOSED FOR RECEIVING";"Aberto";"CLOSED FOR RECEIVING";"APPROVED";2025-07-29 00:00:00,000;"ISESC (TECNOLOGIA) - OBS. AVAL. TÉCNICA - RENOVAÇÃO INFRAESTRUTURA BOXTRUSS - JUN/25 ATÉ SET/25";2025-06-23 00:00:00,000;2025-07-23 00:00:00,000;2025-07-23 00:00:00,000;5600
"30820";"Obsolescência Central de Foley";"renan.reis@g.globo";"Plataformas De Produção";"PLAT. DE PÓS-PROD. E DESIGN";"SOLUÇÃO";"RCGRJ10643153";"OCGCP10670299";"STEFANINI CONSULTORIA E ASSESSORIA EM INFORMATICA S.A.";"LUIZ FERNANDO CONCEICAO VARGAS";"CLOSED FOR RECEIVING";"Aberto";"CLOSED FOR RECEIVING";"APPROVED";2026-05-06 00:00:00,000;"PLAT. PROD (TECNOLOGIA) - OBS. CENTRAL DE FOLEY - [MARÇO A JUNHO] 2x MOT's Montagem de Máquinas (MACs) - [SOLUÇÃO] - FORNECEDOR STEFANINI";2026-05-06 00:00:00,000;2026-04-30 00:00:00,000;2026-04-30 00:00:00,000;8305,36
"30820";"Obsolescência Central de Foley";"renan.reis@g.globo";"Plataformas De Produção";"PLAT. DE PÓS-PROD. E DESIGN";"SOLUÇÃO";"RCGRJ10678374";"OCGCP10710971";"STEFANINI CONSULTORIA E ASSESSORIA EM INFORMATICA S.A.";"LUIZ FERNANDO CONCEICAO VARGAS";"CLOSED FOR RECEIVING";"Aberto";"CLOSED FOR RECEIVING";"APPROVED";2026-08-11 00:00:00,000;"PLAT. PROD (TECNOLOGIA) - OBS. CENTRAL DE FOLEY - (Parcela Final) MOT's Montagem de Máquinas (MACs) - [SOLUÇÃO]";2026-08-11 00:00:00,000;2026-09-06 00:00:00,000;2026-09-06 00:00:00,000;76,34
"30820";"Obsolescência Central de Foley";"renan.reis@g.globo";"Plataformas De Produção";"PLAT. DE PÓS-PROD. E DESIGN";"SOLUÇÃO";"RCGRJ10684797";"OCGCP10717290";"STEFANINI CONSULTORIA E ASSESSORIA EM INFORMATICA S.A.";"LUIZ FERNANDO CONCEICAO VARGAS";"CLOSED FOR RECEIVING";"Aberto";"CLOSED FOR RECEIVING";"APPROVED";2026-08-28 00:00:00,000;"PLAT. PROD (TECNOLOGIA) - OBS. CENTRAL DE FOLEY - EXTENSÃO DE CONTRATO MDO MAC - [SOLUÇÃO] - FORNECEDOR STEFANINI";2026-08-28 00:00:00,000;2026-09-25 00:00:00,000;2026-09-25 00:00:00,000;57076,34
"30820";"Obsolescência Central de Foley";"renan.reis@g.globo";"Plataformas De Produção";"PLAT. DE PÓS-PROD. E DESIGN";"MDO";"RCGRJ10686158";"OCGCP10719499";"AD DIGITAL COMERCIO DE ELETRONICOS LTDA";"MONIQUE MALTA DA SILVA FERNANDES MACHADO";"CLOSED FOR RECEIVING";"Aberto";"CLOSED FOR RECEIVING";"APPROVED";2026-09-03 00:00:00,000;"PLATAFORMAS DE PRODUÇÃO (TECNOLOGIA) - OBSOLESCÊNCIA CENTRAL DE FOLEY - OUTSOURCING - ID532026 - AD DIGITAL";2026-09-03 00:00:00,000;2026-09-30 00:00:00,000;2026-09-30 00:00:00,000;250000
"30821";"Obsolescência Cliplayer (4) - JB";"julia.maia.rodrigues@g.globo";"Plataformas De Produção";"PLAT. DE PÓS-PROD. E DESIGN";"MDO";"RCGRJ10639757";"OCGCP10666516";"CROSSPOINT ELETRONICA LTDA";"MONIQUE MALTA DA SILVA FERNANDES MACHADO";"CLOSED FOR RECEIVING";"Aberto";"CLOSED FOR RECEIVING";"APPROVED";2026-04-27 00:00:00,000;"PLATAFORMAS DE PRODUÇÃO (TECNOLOGIA) - OBSOLESCÊNCIA CLIPLAYER (4) - JB - OUTSOURCING - ID612026 - CROSSPOINT";2026-04-27 00:00:00,000;2026-05-20 00:00:00,000;2026-05-20 00:00:00,000;0,2
"30821";"Obsolescência Cliplayer (4) - JB";"julia.maia.rodrigues@g.globo";"Plataformas De Produção";"PLAT. DE PÓS-PROD. E DESIGN";"SOLUÇÃO";"RCGRJ10666709";"OCGCP10695267";"SAVANA COMUNICACOES LTDA";"MONIQUE MALTA DA SILVA FERNANDES MACHADO";"CLOSED FOR RECEIVING";"Aberto";"CLOSED FOR RECEIVING";"APPROVED";2026-07-03 00:00:00,000;"PLATAFORMAS DE PRODUÇÃO (TECNOLOGIA) - OBSOLESCENCIA CLIP PLAYER JB - EXTRAS - MDO ID 219";2026-07-03 00:00:00,000;2026-07-03 00:00:00,000;2026-07-03 00:00:00,000;0,4
"30821";"Obsolescência Cliplayer (4) - JB";"julia.maia.rodrigues@g.globo";"Plataformas De Produção";"PLAT. DE PÓS-PROD. E DESIGN";"SOLUÇÃO";"RCGRJ10676797";"OCGCP10717232";"VIRTUALTV PRODUCOES E TECNOLOGIA LTDA";"CAROLINE LOPES MENDONCA";"OPEN";"Aberto";"OPEN";"APPROVED";2026-08-27 00:00:00,000;"ISESC (TECNOLOGIA) - CLIPLAYER JB - PLACA DE VIDEO CLIPLAYER JB (4) [SOLUÇÃO].";2026-08-13 00:00:00,000;2026-09-02 00:00:00,000;2026-10-13 00:00:00,000;37892
"30821";"Obsolescência Cliplayer (4) - JB";"julia.maia.rodrigues@g.globo";"Plataformas De Produção";"PLAT. DE PÓS-PROD. E DESIGN";"SOLUÇÃO";"RCGRJ10680355";"OCGCP10716673";"AD DIGITAL INTERNATIONAL CORP";"RAFAEL LOPES ROSADO";"OPEN";"Aberto";"OPEN";"APPROVED";2026-08-26 00:00:00,000;"ISESC - OBS. CLIPLAYER JB – SFP IP2110 [SOLUÇÃO]";2026-08-26 00:00:00,000;2026-08-20 00:00:00,000;2026-09-11 00:00:00,000;8941,53
"30821";"Obsolescência Cliplayer (4) - JB";"julia.maia.rodrigues@g.globo";"Plataformas De Produção";"PLAT. DE PÓS-PROD. E DESIGN";"SOLUÇÃO";"RCGRJ10695022";"";"";"";"";"Aberto";"";"";2026-09-24 00:00:00,000;"PLAT. PROD (TECNOLOGIA) - Obsolescência Cliplayer (4) - JB - ITEM - DIG JB";2026-09-24 00:00:00,000;;;18,59
"30821";"Obsolescência Cliplayer (4) - JB";"julia.maia.rodrigues@g.globo";"Plataformas De Produção";"PLAT. DE PÓS-PROD. E DESIGN";"SOLUÇÃO";"RCGRJ10695412";"";"LANTELE COMERCIAL ELETRICA LTDA";"CAROLINE MENDONCA";"APPROVED";"Aberto";"APPROVED";"APPROVED";2026-09-24 00:00:00,000;"Descrição PLAT. PROD (TECNOLOGIA) - OBSOLESCÊNCIA CLIPLAYER JB - CABO CFOA-SM-DDR-S 24F G-652D TS (PFV) LSZH (ABNT CL) 17718057- DIG JB";2026-09-29 00:00:00,000;2026-10-26 00:00:00,000;;6944,18
"30821";"Obsolescência Cliplayer (4) - JB";"julia.maia.rodrigues@g.globo";"Plataformas De Produção";"PLAT. DE PÓS-PROD. E DESIGN";"SOLUÇÃO";"RCGSP10073430";"";"";"PAULA CRISTINA CORREIA FRANCISCO MELO";"APPROVED";"Aberto";"APPROVED";"APPROVED";2026-09-03 00:00:00,000;"PLAT. PROD (TECNOLOGIA) - [OBS. CLIPLAYER JB] - Monitores operação- [SOLUÇÃO]";2026-09-08 00:00:00,000;2026-10-03 00:00:00,000;;13840
"30821";"Obsolescência Cliplayer (4) - JB";"julia.maia.rodrigues@g.globo";"Plataformas De Produção";"PLAT. DE PÓS-PROD. E DESIGN";"SOLUÇÃO";"RCGSP10074033";"";"";"PAULA CRISTINA CORREIA FRANCISCO MELO";"APPROVED";"Aberto";"APPROVED";"APPROVED";2026-09-17 00:00:00,000;"PLAT. PROD (TECNOLOGIA) - [OBS. CLIPLAYER JB] - MATRIZ HDMI RESOLUME SP - [SOLUÇÃO]";2026-09-22 00:00:00,000;2026-09-29 00:00:00,000;;65217,82
"30822";"Obsolescência Cliplayer (4) - SP";"julia.maia.rodrigues@g.globo";"Plataformas De Produção";"PLAT. DE PÓS-PROD. E DESIGN";"MDO";"RCGRJ10639761";"OCGCP10666518";"CROSSPOINT ELETRONICA LTDA";"MONIQUE MALTA DA SILVA FERNANDES MACHADO";"CLOSED FOR RECEIVING";"Aberto";"CLOSED FOR RECEIVING";"APPROVED";2026-04-27 00:00:00,000;"PLATAFORMAS DE PRODUÇÃO (TECNOLOGIA) - OBSOLESCÊNCIA CLIPLAYER (4) – SP - OUTSOURCING - ID622026 - CROSSPOINT";2026-04-27 00:00:00,000;2026-05-20 00:00:00,000;2026-05-20 00:00:00,000;44676,21
"30824";"Obsolescência Colorgrading (x3) - EG";"renan.reis@g.globo";"Plataformas De Produção";"PLAT. DE PÓS-PROD. E DESIGN";"MDO";"RCGRJ10639590";"OCGCP10721941";"AD DIGITAL COMERCIO DE ELETRONICOS LTDA";"MONIQUE MALTA DA SILVA FERNANDES MACHADO";"CLOSED FOR RECEIVING";"Aberto";"CLOSED FOR RECEIVING";"APPROVED";2026-09-10 00:00:00,000;"PLATAFORMAS DE PRODUÇÃO (TECNOLOGIA) - OBSOLESCÊNCIA COLORGRADING (X3) - EG - OUTSOURCING - ID502026 - AD DIGITAL";2026-09-10 00:00:00,000;2026-08-31 00:00:00,000;2026-08-31 00:00:00,000;250000
"30824";"Obsolescência Colorgrading (x3) - EG";"renan.reis@g.globo";"Plataformas De Produção";"PLAT. DE PÓS-PROD. E DESIGN";"MDO";"RCGRJ10639730";"OCGCP10715767";"SYS MANAGER INFORMATICA LTDA";"JUAREZ AURELIO TORRES DA SILVA";"INCOMPLETE";"Aberto";"OC em aprovação";"APPROVED";2026-08-24 00:00:00,000;"PLATAFORMAS DE PRODUÇÃO (TECNOLOGIA) -OBSOLESCÊNCIA COLORGRADING (X3) - EG - OUTSOURCING - ID832026 - SYS MANAGER";2026-08-24 00:00:00,000;2026-05-20 00:00:00,000;2026-05-20 00:00:00,000;9901
"30824";"Obsolescência Colorgrading (x3) - EG";"renan.reis@g.globo";"Plataformas De Produção";"PLAT. DE PÓS-PROD. E DESIGN";"SOLUÇÃO";"RCGRJ10665663";"OCGCP10706009";"FILMLIGHT DIGITAL TECHNOLOGY INC";"MARCUS VINICIUS DA SILVA GUEDES ALCOFORADO";"OPEN";"Aberto";"OPEN";"APPROVED";2026-07-29 00:00:00,000;"ISESC (TECNOLOGIA) - COLOR GRADING - OBSOLESCÊNCIA BASELIGHT X.";2026-07-28 00:00:00,000;2026-07-30 00:00:00,000;2026-10-14 00:00:00,000;696295,10000000009
"30824";"Obsolescência Colorgrading (x3) - EG";"renan.reis@g.globo";"Plataformas De Produção";"PLAT. DE PÓS-PROD. E DESIGN";"SOLUÇÃO";"RCGRJ10665663";"OCGCP10706009";"FILMLIGHT DIGITAL TECHNOLOGY INC";"MARCUS VINICIUS DA SILVA GUEDES ALCOFORADO";"OPEN";"Aberto";"OPEN";"APPROVED";2026-07-29 00:00:00,000;"ISESC (TECNOLOGIA) - COLOR GRADING - OBSOLESCÊNCIA BASELIGHT X.";2026-07-28 00:00:00,000;2026-07-30 00:00:00,000;2026-07-30 00:00:00,000;10370,11
"30824";"Obsolescência Colorgrading (x3) - EG";"renan.reis@g.globo";"Plataformas De Produção";"PLAT. DE PÓS-PROD. E DESIGN";"SOLUÇÃO";"RCGRJ10695394";"";"NTCONSULT TECNOLOGIA E CONSULTORIA LTDA";"PAULA REGIS QUEIROZ AFONSO MUNIZ";"PENDING APPROVAL";"Em aprovação";"PENDING APPROVAL";"PENDING APPROVAL";2026-09-24 00:00:00,000;"PLATAFORMAS DE PRODUÇÃO (TECNOLOGIA) - PROJETO OBSOLESCÊNCIA COLORGRADING (X3) - EG- MDO - NTCONSULT";;2026-10-24 00:00:00,000;;78054,6
"30824";"Obsolescência Colorgrading (x3) - EG";"renan.reis@g.globo";"Plataformas De Produção";"PLAT. DE PÓS-PROD. E DESIGN";"SOLUÇÃO";"RCGRJ10695548";"";"QUARK TECNOLOGIA LTDA";"PAULA REGIS QUEIROZ AFONSO MUNIZ";"PENDING APPROVAL";"Em aprovação";"PENDING APPROVAL";"PENDING APPROVAL";2026-09-25 00:00:00,000;"PLATAFORMAS DE PRODUÇÃO (TECNOLOGIA) - OBSOLESCÊNCIA COLORGRADING (X3) - EG | MDO - QUARK";;2026-10-06 00:00:00,000;;16507,4
"16084";"Obsolescência Composição (2023)";"geonis.teixeira@g.globo";"Plataformas De Produção";"PLAT. DE PÓS-PROD. E DESIGN";"SOLUÇÃO";"RCGRJ10192254";"OCGCP10187443";"AD DIGITAL COMERCIO DE ELETRONICOS LTDA";"MONIQUE MALTA DA SILVA FERNANDES MACHADO";"CLOSED FOR RECEIVING";"Aberto";"CLOSED FOR RECEIVING";"APPROVED";2023-03-16 00:00:00,000;"INFRAESTRUTURA E SEGURANÇA (TECNOLOGIA) - MDO 23 - Pós Produção - parte 1 - Analista de Sol. Midias Sr. PJ";2023-03-16 00:00:00,000;2023-03-27 00:00:00,000;2023-03-27 00:00:00,000;4070,49
"16084";"Obsolescência Composição (2023)";"geonis.teixeira@g.globo";"Plataformas De Produção";"PLAT. DE PÓS-PROD. E DESIGN";"SOLUÇÃO";"RCGRJ10192263";"OCGCP10188818";"AD DIGITAL COMERCIO DE ELETRONICOS LTDA";"MONIQUE MALTA DA SILVA FERNANDES MACHADO";"CLOSED FOR RECEIVING";"Aberto";"CLOSED FOR RECEIVING";"APPROVED";2023-03-17 00:00:00,000;"INFRAESTRUTURA E SEGURANÇA (TECNOLOGIA) - MDO 23 - Pós Produção - parte 1 - ASM2 SR PJ";2023-03-17 00:00:00,000;2023-03-27 00:00:00,000;2023-03-27 00:00:00,000;3359,7
"16084";"Obsolescência Composição (2023)";"geonis.teixeira@g.globo";"Plataformas De Produção";"PLAT. DE PÓS-PROD. E DESIGN";"SOLUÇÃO";"RCGRJ10367441";"OCGCP10368195";"DELL COMPUTADORES DO BRASIL LTDA";"THAIS OLIVEIRA SPEZANI";"CLOSED FOR RECEIVING";"Aberto";"CLOSED FOR RECEIVING";"APPROVED";2024-05-14 00:00:00,000;"ISESC (TECNOLOGIA) - OBSOLESCÊNCIA COMPOSIÇÃO (2023) - DELL - STORAGE PARA COMPOSIÇÃO FLAME";2024-05-14 00:00:00,000;2024-06-06 00:00:00,000;2024-06-06 00:00:00,000;4,27
"16084";"Obsolescência Composição (2023)";"geonis.teixeira@g.globo";"Plataformas De Produção";"PLAT. DE PÓS-PROD. E DESIGN";"SOLUÇÃO";"RCGRJ10367441";"OCGCP10368193";"DELL COMPUTADORES DO BRASIL LTDA";"THAIS OLIVEIRA SPEZANI";"OPEN";"Aberto";"OPEN";"APPROVED";2024-05-14 00:00:00,000;"ISESC (TECNOLOGIA) - OBSOLESCÊNCIA COMPOSIÇÃO (2023) - DELL - STORAGE PARA COMPOSIÇÃO FLAME";2024-05-14 00:00:00,000;2024-06-06 00:00:00,000;2024-06-06 00:00:00,000;1275,6
"16063";"Obsolescência Comunicação Operacional - ION, BH e REC";"roberta.mesquita@g.globo";"Plataformas De Produção";"PLAT. DE CAPTAÇÃO E PRODUÇÃO";"SOLUÇÃO";"RCGRJ10211225";"OCGCP10219100";"AD DIGITAL COMERCIO DE ELETRONICOS LTDA";"MONIQUE MALTA DA SILVA FERNANDES MACHADO";"CLOSED FOR RECEIVING";"Aberto";"CLOSED FOR RECEIVING";"APPROVED";2023-05-25 00:00:00,000;"INFRAESTRUTURA E SEGURANÇA (TECNOLOGIA) - Obsolescência Comunicação Operacional - ION, BH e REC - MDO 23 - C&P - AD";2023-05-25 00:00:00,000;2023-05-25 00:00:00,000;2023-05-25 00:00:00,000;0,1
"16063";"Obsolescência Comunicação Operacional - ION, BH e REC";"roberta.mesquita@g.globo";"Plataformas De Produção";"PLAT. DE CAPTAÇÃO E PRODUÇÃO";"RESERVA";"RCGRJ10325543";"OCGCP10322010";"FAST VIDEO LTDA";"MONIQUE MALTA DA SILVA FERNANDES MACHADO";"CLOSED FOR RECEIVING";"Aberto";"CLOSED FOR RECEIVING";"APPROVED";2024-01-19 00:00:00,000;"ISESC - Obsolescência Comunicação Operacional - ION, BH e REC - FAST VIDEO - MDO -  RESERVA";2024-01-19 00:00:00,000;2024-02-17 00:00:00,000;2024-02-17 00:00:00,000;73,87
"16063";"Obsolescência Comunicação Operacional - ION, BH e REC";"roberta.mesquita@g.globo";"Plataformas De Produção";"PLAT. DE CAPTAÇÃO E PRODUÇÃO";"SOLUÇÃO";"RCGRJ10351544";"OCGCP10353826";"DELL COMPUTADORES DO BRASIL LTDA";"THAIS OLIVEIRA SPEZANI";"CLOSED FOR RECEIVING";"Aberto";"CLOSED FOR RECEIVING";"APPROVED";2024-04-05 00:00:00,000;"ISESC (TECNOLOGIA) - OBSOLESCÊNCIA COMUNICAÇÃO OPERACIONAL - ION, BH E REC - AQUISIÇÃO DE PC DE CONFIGURAÇÃO E DEMONSTRAÇÃO PARA HOMOLOGAÇÃO DE SOLUÇÕES SOFTWARE CENTRIC DE ÁUDIO E COMUNICAÇÃO OPERACIONAL – DELL";2024-04-05 00:00:00,000;2024-05-05 00:00:00,000;2024-05-05 00:00:00,000;0,16
"16085";"Obsolescência Controle 1 SP";"";"Plataformas De Produção";"PLAT. DE CAPTAÇÃO E PRODUÇÃO";"SOLUÇÃO";"RCGRJ10311114";"OCGCP10313258";"LANTELE COMERCIAL ELETRICA LTDA";"CAROLINE LOPES MENDONCA";"OPEN";"Aberto";"OPEN";"APPROVED";2023-12-27 00:00:00,000;"ISESC (TECNOLOGIA) - OBS. CONTROLE-1 SP - LANTELE - COMPRA DE FIBRAS E PATCH CORDS PARA INSTALAÇÃO DOS AMPP EDGES NO ION PARA PRODUÇÃO CENTRAL";2023-12-18 00:00:00,000;2024-01-12 00:00:00,000;2023-12-29 00:00:00,000;13,95
"16085";"Obsolescência Controle 1 SP";"";"Plataformas De Produção";"PLAT. DE CAPTAÇÃO E PRODUÇÃO";"SOLUÇÃO";"RCGSP10029242";"OCGCP10266212";"GRASS VALLEY AQUISICAO DE MEDIA LTDA.";"VANUZA APARECIDA PIANES COELHO";"CLOSED FOR RECEIVING";"Aberto";"CLOSED FOR RECEIVING";"APPROVED";2023-09-14 00:00:00,000;"INFRAESTRUTURA E SEGURANÇA (TECNOLOGIA) - Controle 1 - SP Itens Críticos - MULTIVIEWER e SPARE PARTS - GRASSVALLEY";2023-08-30 00:00:00,000;2023-09-15 00:00:00,000;2023-09-15 00:00:00,000;9557,3100000000013
"25961";"Obsolescência Crítica kits microfone";"roberta.mesquita@g.globo";"Plataformas De Produção";"PLAT. DE CAPTAÇÃO E PRODUÇÃO";"MDO";"RCGRJ10680703";"OCGCP10713956";"NTT BRASIL COMERCIO E SERVICOS DE TECNOLOGIA LTDA";"LUIZ FERNANDO CONCEICAO VARGAS";"CLOSED FOR RECEIVING";"Aberto";"CLOSED FOR RECEIVING";"APPROVED";2026-08-19 00:00:00,000;"PLATAFORMAS DE PRODUÇÃO (TECNOLOGIA) - PROJETO OBSOLESCÊNCIA CRÍTICA KITS MICROFONE - SERVIÇO DE MÃO DE OBRA - AGOSTO - NTT";2026-08-19 00:00:00,000;2026-09-16 00:00:00,000;2026-09-16 00:00:00,000;10659,08
"16065";"Obsolescência Crítica Recife";"victor.chagas@g.globo";"Plataformas De Produção";"PLAT. DE CAPTAÇÃO E PRODUÇÃO";"SOLUÇÃO";"RCGRJ10211329";"OCGCP10221395";"AD DIGITAL COMERCIO DE ELETRONICOS LTDA";"MONIQUE MALTA DA SILVA FERNANDES MACHADO";"CLOSED FOR RECEIVING";"Aberto";"CLOSED FOR RECEIVING";"APPROVED";2023-05-31 00:00:00,000;"INFRAESTRUTURA E SEGURANÇA (TECNOLOGIA) - Obsolescência Crítica Recife - MDO 23 - PrepMidias - AD";2023-05-31 00:00:00,000;2023-05-25 00:00:00,000;2023-05-25 00:00:00,000;24480
"16065";"Obsolescência Crítica Recife";"victor.chagas@g.globo";"Plataformas De Produção";"PLAT. DE CAPTAÇÃO E PRODUÇÃO";"SOLUÇÃO";"RCGRJ10225827";"OCGCP10222453";"";"BRUNO DUTRA GOMES";"CLOSED FOR RECEIVING";"Aberto";"CLOSED FOR RECEIVING";"APPROVED";2023-06-02 00:00:00,000;"INFRAESTRUTURA E SEGURANÇA (TECNOLOGIA) - Obsolescência Crítica Recife + Obsolescência Kits TP BH, DF, REC E ION - MDO 23 - Infra - MORPHUS";2023-06-02 00:00:00,000;2023-06-01 00:00:00,000;2023-06-01 00:00:00,000;0,45
"16065";"Obsolescência Crítica Recife";"victor.chagas@g.globo";"Plataformas De Produção";"PLAT. DE CAPTAÇÃO E PRODUÇÃO";"RESERVA";"RCGRJ10284335";"OCGCP10279180";"AD DIGITAL COMERCIO DE ELETRONICOS LTDA";"MONIQUE MALTA DA SILVA FERNANDES MACHADO";"CLOSED FOR RECEIVING";"Aberto";"CLOSED FOR RECEIVING";"APPROVED";2023-10-11 00:00:00,000;"INFRAESTRUTURA E SEGURANÇA - RESERVA - Projeto Obsolescência Crítica Recife - Iniciativa de homologação das Câmeras Broadcast";2023-10-11 00:00:00,000;2023-11-09 00:00:00,000;2023-11-09 00:00:00,000;9120,09
"16086";"Obsolescência Crítica Sist. Áudio - JB, SP e MG-2";"roberta.mesquita@g.globo";"Plataformas De Produção";"PLAT. DE CAPTAÇÃO E PRODUÇÃO";"SOLUÇÃO";"RCGRJ10211452";"OCGCP10219266";"AD DIGITAL COMERCIO DE ELETRONICOS LTDA";"MONIQUE MALTA DA SILVA FERNANDES MACHADO";"CLOSED FOR RECEIVING";"Aberto";"CLOSED FOR RECEIVING";"APPROVED";2023-05-26 00:00:00,000;"INFRAESTRUTURA E SEGURANÇA (TECNOLOGIA) - Obsolescência Crítica Sist. Áudio - JB, SP e MG-2 - MDO 23 - Suporte - AD";2023-05-26 00:00:00,000;2023-05-25 00:00:00,000;2023-05-25 00:00:00,000;0,15
"16086";"Obsolescência Crítica Sist. Áudio - JB, SP e MG-2";"roberta.mesquita@g.globo";"Plataformas De Produção";"PLAT. DE CAPTAÇÃO E PRODUÇÃO";"SOLUÇÃO";"RCGRJ10211482";"OCGCP10219802";"AD DIGITAL COMERCIO DE ELETRONICOS LTDA";"MONIQUE MALTA DA SILVA FERNANDES MACHADO";"CLOSED FOR RECEIVING";"Aberto";"CLOSED FOR RECEIVING";"APPROVED";2023-05-29 00:00:00,000;"INFRAESTRUTURA E SEGURANÇA (TECNOLOGIA) - Obsolescência Crítica Sist. Áudio - JB, SP e MG-2 - MDO 23 - Suporte - AD";2023-05-29 00:00:00,000;2025-05-25 00:00:00,000;2025-05-25 00:00:00,000;3626,55
"16086";"Obsolescência Crítica Sist. Áudio - JB, SP e MG-2";"roberta.mesquita@g.globo";"Plataformas De Produção";"PLAT. DE CAPTAÇÃO E PRODUÇÃO";"SOLUÇÃO";"RCGRJ10230618";"OCGCP10222275";"";"BRUNO DUTRA GOMES";"CLOSED FOR RECEIVING";"Aberto";"CLOSED FOR RECEIVING";"APPROVED";2023-06-02 00:00:00,000;"INFRAESTRUTURA E SEGURANÇA (TECNOLOGIA) - Iluminação EST-F JB | Cidade CEN. EG+Obsolescência Kits de Externa - BH, DF, REC e SP+Obsolescência Crítica Sist. Áudio - JB, SP e MG-2+BBB Página em Branco Fase 2 - MDO 23 - Infra - MORPHUS";2023-06-02 00:00:00,000;2023-06-01 00:00:00,000;2023-06-01 00:00:00,000;0,25
"16086";"Obsolescência Crítica Sist. Áudio - JB, SP e MG-2";"roberta.mesquita@g.globo";"Plataformas De Produção";"PLAT. DE CAPTAÇÃO E PRODUÇÃO";"SOLUÇÃO";"RCGRJ10253710";"OCGCP10246418";"LIVETECH DA BAHIA INDUSTRIA E COMERCIO S.A.";"MATHEUS OLIVEIRA DE JESUS SILVA";"CLOSED";"Fechado";"CLOSED";"APPROVED";2023-07-28 00:00:00,000;"INFRAESTRUTURA E SEGURANÇA (TECNOLOGIA) - OBSOLESCÊNCIA CRÍTICA DE AUDIO JB EG SP - Sistema sem fio (SHURE)";2023-07-27 00:00:00,000;2023-08-23 00:00:00,000;2023-11-30 00:00:00,000;21568,19
"16086";"Obsolescência Crítica Sist. Áudio - JB, SP e MG-2";"roberta.mesquita@g.globo";"Plataformas De Produção";"PLAT. DE CAPTAÇÃO E PRODUÇÃO";"SOLUÇÃO";"RCGRJ10253710";"OCGCP10246418";"LIVETECH DA BAHIA INDUSTRIA E COMERCIO S.A.";"MATHEUS OLIVEIRA DE JESUS SILVA";"CLOSED";"Fechado";"CLOSED";"APPROVED";2023-07-28 00:00:00,000;"INFRAESTRUTURA E SEGURANÇA (TECNOLOGIA) - OBSOLESCÊNCIA CRÍTICA DE AUDIO JB EG SP - Sistema sem fio (SHURE)";2023-07-27 00:00:00,000;2023-08-23 00:00:00,000;2023-10-30 00:00:00,000;136069,35
"16086";"Obsolescência Crítica Sist. Áudio - JB, SP e MG-2";"roberta.mesquita@g.globo";"Plataformas De Produção";"PLAT. DE CAPTAÇÃO E PRODUÇÃO";"SOLUÇÃO";"RCGRJ10253710";"OCGCP10246418";"LIVETECH DA BAHIA INDUSTRIA E COMERCIO S.A.";"MATHEUS OLIVEIRA DE JESUS SILVA";"CLOSED";"Fechado";"CLOSED";"APPROVED";2023-07-28 00:00:00,000;"INFRAESTRUTURA E SEGURANÇA (TECNOLOGIA) - OBSOLESCÊNCIA CRÍTICA DE AUDIO JB EG SP - Sistema sem fio (SHURE)";2023-07-27 00:00:00,000;2023-08-23 00:00:00,000;2023-08-23 00:00:00,000;3248,11
"16086";"Obsolescência Crítica Sist. Áudio - JB, SP e MG-2";"roberta.mesquita@g.globo";"Plataformas De Produção";"PLAT. DE CAPTAÇÃO E PRODUÇÃO";"SOLUÇÃO";"RCGRJ10300628";"OCGCP10297803";"DELL COMPUTADORES DO BRASIL LTDA";"THAIS OLIVEIRA SPEZANI";"CLOSED FOR RECEIVING";"Aberto";"CLOSED FOR RECEIVING";"APPROVED";2023-11-28 00:00:00,000;"ISESC (TECNOLOGIA) - OBSOLESCÊNCIA CRÍTICA DE AUDIO JB EG SP - DELL - SERVIDORES PARA SISTEMA DE REPLAY ION - EXCLUSIVA - RESERVA";2023-11-27 00:00:00,000;2024-01-01 00:00:00,000;2024-01-01 00:00:00,000;0,1
"16086";"Obsolescência Crítica Sist. Áudio - JB, SP e MG-2";"roberta.mesquita@g.globo";"Plataformas De Produção";"PLAT. DE CAPTAÇÃO E PRODUÇÃO";"SOLUÇÃO";"RCGRJ10313295";"OCGCP10320111";"On-Hertz";"PATRICIA DE LIMA ALVES";"CLOSED FOR RECEIVING";"Aberto";"CLOSED FOR RECEIVING";"APPROVED";2024-01-16 00:00:00,000;"ISESC (TECNOLOGIA) - OBSOLESCÊNCIA CRÍTICA DE AUDIO JB EG SP - ONHERTZ - SOLUÇÃO DE AUDIO ARTISTO";2024-01-15 00:00:00,000;2024-01-18 00:00:00,000;2024-02-29 00:00:00,000;6,4
"16086";"Obsolescência Crítica Sist. Áudio - JB, SP e MG-2";"roberta.mesquita@g.globo";"Plataformas De Produção";"PLAT. DE CAPTAÇÃO E PRODUÇÃO";"RESERVA";"RCGRJ10325540";"OCGCP10322445";"FAST VIDEO LTDA";"MONIQUE MALTA DA SILVA FERNANDES MACHADO";"CLOSED FOR RECEIVING";"Aberto";"CLOSED FOR RECEIVING";"APPROVED";2024-01-19 00:00:00,000;"ISESC - Obsolescência Crítica Sist. Áudio - JB, SP e MG-2 - FAST VIDEO - MDO -  RESERVA";2024-01-19 00:00:00,000;2024-02-17 00:00:00,000;2024-02-17 00:00:00,000;81,69
"30774";"Obsolescencia Gravadores Multipista MG1";"roberta.mesquita@g.globo";"Plataformas De Produção";"PLAT. DE CAPTAÇÃO E PRODUÇÃO";"MDO";"RCGRJ10639762";"OCGCP10668121";"SYS MANAGER INFORMATICA LTDA";"JUAREZ AURELIO TORRES DA SILVA";"CLOSED FOR RECEIVING";"Aberto";"CLOSED FOR RECEIVING";"APPROVED";2026-04-30 00:00:00,000;"PLATAFORMAS DE PRODUÇÃO (TECNOLOGIA) - OBSOLESCENCIA GRAVADORES MULTIPISTA MG1 - OUTSOURCING - ID802026 - SYS MANAGER";2026-04-30 00:00:00,000;2026-05-20 00:00:00,000;2026-05-20 00:00:00,000;82992
"30774";"Obsolescencia Gravadores Multipista MG1";"roberta.mesquita@g.globo";"Plataformas De Produção";"PLAT. DE CAPTAÇÃO E PRODUÇÃO";"SOLUÇÃO";"RCGRJ10695776";"";"QUARK TECNOLOGIA LTDA";"PAULA REGIS QUEIROZ AFONSO MUNIZ";"PENDING APPROVAL";"Em aprovação";"PENDING APPROVAL";"PENDING APPROVAL";2026-09-25 00:00:00,000;"PLATAFORMAS DE PRODUÇÃO (TECNOLOGIA) - OBSOLESCÊNCIA GRAVADORES MULTIPISTA MG1 | MDO - QUARK";;2026-10-25 00:00:00,000;;2540,96
"16067";"Obsolescência Ilhas Acervo (G5)";"adonias.melo@g.globo";"Plataformas De Produção";"PLAT. DE METADADOS E MÍDIAS";"SOLUÇÃO";"RCGRJ10192180";"OCGCP10189314";"AD DIGITAL COMERCIO DE ELETRONICOS LTDA";"MONIQUE MALTA DA SILVA FERNANDES MACHADO";"CLOSED FOR RECEIVING";"Aberto";"CLOSED FOR RECEIVING";"APPROVED";2023-03-20 00:00:00,000;"INFRAESTRUTURA E SEGURANÇA (TECNOLOGIA) - MDO 23 - PrepMidias - parte 1 - GP1";2023-03-20 00:00:00,000;2023-03-01 00:00:00,000;2023-03-01 00:00:00,000;791,17
"16067";"Obsolescência Ilhas Acervo (G5)";"adonias.melo@g.globo";"Plataformas De Produção";"PLAT. DE METADADOS E MÍDIAS";"SOLUÇÃO";"RCGRJ10192230";"OCGCP10185967";"AD DIGITAL COMERCIO DE ELETRONICOS LTDA";"MONIQUE MALTA DA SILVA FERNANDES MACHADO";"CLOSED FOR RECEIVING";"Aberto";"CLOSED FOR RECEIVING";"APPROVED";2023-03-13 00:00:00,000;"INFRAESTRUTURA E SEGURANÇA (TECNOLOGIA) - MDO 23 - PrepMidias - parte 1 - GP4";2023-03-13 00:00:00,000;2023-03-31 00:00:00,000;2023-03-31 00:00:00,000;791,33
"16067";"Obsolescência Ilhas Acervo (G5)";"adonias.melo@g.globo";"Plataformas De Produção";"PLAT. DE METADADOS E MÍDIAS";"SOLUÇÃO";"RCGRJ10192265";"OCGCP10185965";"AD DIGITAL COMERCIO DE ELETRONICOS LTDA";"MONIQUE MALTA DA SILVA FERNANDES MACHADO";"CLOSED FOR RECEIVING";"Aberto";"CLOSED FOR RECEIVING";"APPROVED";2023-03-13 00:00:00,000;"INFRAESTRUTURA E SEGURANÇA (TECNOLOGIA) - MDO 23 - PrepMidias - parte 1 - GP3 SR PJ";2023-03-13 00:00:00,000;2023-03-27 00:00:00,000;2023-03-27 00:00:00,000;965,75
"16067";"Obsolescência Ilhas Acervo (G5)";"adonias.melo@g.globo";"Plataformas De Produção";"PLAT. DE METADADOS E MÍDIAS";"SOLUÇÃO";"RCGRJ10192271";"OCGCP10185964";"AD DIGITAL COMERCIO DE ELETRONICOS LTDA";"MONIQUE MALTA DA SILVA FERNANDES MACHADO";"CLOSED FOR RECEIVING";"Aberto";"CLOSED FOR RECEIVING";"APPROVED";2023-03-13 00:00:00,000;"INFRAESTRUTURA E SEGURANÇA (TECNOLOGIA) - MDO 23 - PrepMidias - parte 1 - GP5 SR PJ";2023-03-13 00:00:00,000;2023-03-27 00:00:00,000;2023-03-27 00:00:00,000;791,26
"16067";"Obsolescência Ilhas Acervo (G5)";"adonias.melo@g.globo";"Plataformas De Produção";"PLAT. DE METADADOS E MÍDIAS";"SOLUÇÃO";"RCGRJ10211201";"OCGCP10217948";"AD DIGITAL COMERCIO DE ELETRONICOS LTDA";"MONIQUE MALTA DA SILVA FERNANDES MACHADO";"CLOSED FOR RECEIVING";"Aberto";"CLOSED FOR RECEIVING";"APPROVED";2023-05-23 00:00:00,000;"INFRAESTRUTURA E SEGURANÇA (TECNOLOGIA) - Obsolescência Ilhas Acervo (G5) - MDO 23 - PrepMidias - AD";2023-05-23 00:00:00,000;2023-05-25 00:00:00,000;2023-05-25 00:00:00,000;7520,1
"16067";"Obsolescência Ilhas Acervo (G5)";"adonias.melo@g.globo";"Plataformas De Produção";"PLAT. DE METADADOS E MÍDIAS";"SOLUÇÃO";"RCGRJ10299405";"OCGCP10304556";"GLOBAL BROADCAST SOURCE";"HENRIQUE JASMIM RODRIGUES";"CLOSED FOR INVOICING";"Aberto";"CLOSED FOR INVOICING";"APPROVED";2023-12-11 00:00:00,000;"ISESC –OBSOLESCÊNCIA ILHAS ACERVO (G5) – RESGATE KVM + AUDIO MONITOR - FORNECEDOR EPITOMIK";2023-11-21 00:00:00,000;2023-12-17 00:00:00,000;2024-01-30 00:00:00,000;38325,89
"16067";"Obsolescência Ilhas Acervo (G5)";"adonias.melo@g.globo";"Plataformas De Produção";"PLAT. DE METADADOS E MÍDIAS";"SOLUÇÃO";"RCGSP10032516";"OCGCP10292171";"EPITOMIK AUDIO E VIDEO PRODUTOS ELETRONICOS LTDA";"HENRIQUE JASMIM RODRIGUES";"OPEN";"Aberto";"OPEN";"APPROVED";2023-11-14 00:00:00,000;"ISESC –OBSOLESCÊNCIA ILHAS ACERVO (G5) – RESGATE KVM + AUDIO MONITOR - FORNECEDOR EPITOMIK";2023-11-13 00:00:00,000;2023-11-10 00:00:00,000;2023-01-10 00:00:00,000;10500
"16087";"Obsolescência Ilhas de Edição 2023";"renan.reis@g.globo";"Plataformas De Produção";"PLAT. DE PÓS-PROD. E DESIGN";"SOLUÇÃO";"RCGMG10005314";"OCGCP10206289";"DELL COMPUTADORES DO BRASIL LTDA";"THAIS OLIVEIRA SPEZANI";"CLOSED FOR RECEIVING";"Aberto";"CLOSED FOR RECEIVING";"APPROVED";2023-04-26 00:00:00,000;"INFRAESTRUTURA E SEGURANÇA (TECNOLOGIA) – ILHA DE EDIÇÃO - UPGRADE DELL CUX (SITE BH) - FORNECEDOR DELL";2023-04-24 00:00:00,000;2023-05-17 00:00:00,000;2023-05-31 00:00:00,000;0,03
"16087";"Obsolescência Ilhas de Edição 2023";"renan.reis@g.globo";"Plataformas De Produção";"PLAT. DE PÓS-PROD. E DESIGN";"SOLUÇÃO";"RCGRJ10187813";"OCGCP10203788";"DINSMORECOMPASS CONSULTORES LTDA";"MONIQUE MALTA DA SILVA FERNANDES MACHADO";"CLOSED FOR RECEIVING";"Aberto";"CLOSED FOR RECEIVING";"APPROVED";2023-04-19 00:00:00,000;"Complemento RCGRJ10038678/OCGCP10039380 - DinsmoreCompass";2023-02-16 00:00:00,000;2023-02-16 00:00:00,000;2023-02-16 00:00:00,000;8,23
"16087";"Obsolescência Ilhas de Edição 2023";"renan.reis@g.globo";"Plataformas De Produção";"PLAT. DE PÓS-PROD. E DESIGN";"SOLUÇÃO";"RCGRJ10192254";"OCGCP10187443";"AD DIGITAL COMERCIO DE ELETRONICOS LTDA";"MONIQUE MALTA DA SILVA FERNANDES MACHADO";"CLOSED FOR RECEIVING";"Aberto";"CLOSED FOR RECEIVING";"APPROVED";2023-03-16 00:00:00,000;"INFRAESTRUTURA E SEGURANÇA (TECNOLOGIA) - MDO 23 - Pós Produção - parte 1 - Analista de Sol. Midias Sr. PJ";2023-03-16 00:00:00,000;2023-03-27 00:00:00,000;2023-03-27 00:00:00,000;9145,56
"16087";"Obsolescência Ilhas de Edição 2023";"renan.reis@g.globo";"Plataformas De Produção";"PLAT. DE PÓS-PROD. E DESIGN";"SOLUÇÃO";"RCGRJ10192263";"OCGCP10188818";"AD DIGITAL COMERCIO DE ELETRONICOS LTDA";"MONIQUE MALTA DA SILVA FERNANDES MACHADO";"CLOSED FOR RECEIVING";"Aberto";"CLOSED FOR RECEIVING";"APPROVED";2023-03-17 00:00:00,000;"INFRAESTRUTURA E SEGURANÇA (TECNOLOGIA) - MDO 23 - Pós Produção - parte 1 - ASM2 SR PJ";2023-03-17 00:00:00,000;2023-03-27 00:00:00,000;2023-03-27 00:00:00,000;7548,56
"16087";"Obsolescência Ilhas de Edição 2023";"renan.reis@g.globo";"Plataformas De Produção";"PLAT. DE PÓS-PROD. E DESIGN";"SOLUÇÃO";"RCGRJ10211157";"OCGCP10222176";"AD DIGITAL COMERCIO DE ELETRONICOS LTDA";"MONIQUE MALTA DA SILVA FERNANDES MACHADO";"CLOSED FOR RECEIVING";"Aberto";"CLOSED FOR RECEIVING";"APPROVED";2023-06-02 00:00:00,000;"INFRAESTRUTURA E SEGURANÇA (TECNOLOGIA) - Obsolescência Ilhas de Edição 2023 -  MDO 23 - C&P  - AD";2023-06-02 00:00:00,000;2023-05-25 00:00:00,000;2023-05-25 00:00:00,000;0,15
"16087";"Obsolescência Ilhas de Edição 2023";"renan.reis@g.globo";"Plataformas De Produção";"PLAT. DE PÓS-PROD. E DESIGN";"SOLUÇÃO";"RCGRJ10211335";"OCGCP10222808";"AD DIGITAL COMERCIO DE ELETRONICOS LTDA";"MONIQUE MALTA DA SILVA FERNANDES MACHADO";"CLOSED FOR RECEIVING";"Aberto";"CLOSED FOR RECEIVING";"APPROVED";2023-06-05 00:00:00,000;"INFRAESTRUTURA E SEGURANÇA (TECNOLOGIA) - Obsolescência Crítica Sist. Áudio - JB, SP e MG-2 - MDO 23 - Suporte - AD";2023-06-05 00:00:00,000;2023-05-25 00:00:00,000;2023-05-25 00:00:00,000;0,15
"16087";"Obsolescência Ilhas de Edição 2023";"renan.reis@g.globo";"Plataformas De Produção";"PLAT. DE PÓS-PROD. E DESIGN";"SOLUÇÃO";"RCGRJ10214565";"OCGCP10208085";"DELL COMPUTADORES DO BRASIL LTDA";"THAIS OLIVEIRA SPEZANI";"CLOSED FOR RECEIVING";"Aberto";"CLOSED FOR RECEIVING";"APPROVED";2023-05-02 00:00:00,000;"INFRAESTRUTURA E SEGURANÇA (TECNOLOGIA) – ILHA DE EDIÇÃO - UPGRADE DELL CUX (SITE JB) - FORNECEDOR DELL";2023-04-28 00:00:00,000;2023-04-21 00:00:00,000;2023-06-09 00:00:00,000;0,02
"16087";"Obsolescência Ilhas de Edição 2023";"renan.reis@g.globo";"Plataformas De Produção";"PLAT. DE PÓS-PROD. E DESIGN";"SOLUÇÃO";"RCGRJ10228395";"OCGCP10219143";"R & M COMPONENTES COMERCIAL ELETRONICA LTDA";"RUBENS RODRIGO MARQUES DE OLIVEIRA";"CLOSED";"Fechado";"CLOSED";"APPROVED";2023-05-26 00:00:00,000;"INFRAESTRUTURA E SEGURANÇA (TECNOLOGIA) - OBSOLESCÊNCIA EDIÇÃO 2023 – MATERIAL RETROFIT CPP - CONECTOR DB62 - FORNECEDOR CONNFLY";2023-05-25 00:00:00,000;2023-06-23 00:00:00,000;2023-06-23 00:00:00,000;70,4
"16087";"Obsolescência Ilhas de Edição 2023";"renan.reis@g.globo";"Plataformas De Produção";"PLAT. DE PÓS-PROD. E DESIGN";"SOLUÇÃO";"RCGRJ10278818";"OCGCP10277758";"SYS MANAGER INFORMATICA LTDA";"PAULA REGIS QUEIROZ AFONSO MUNIZ";"CLOSED FOR RECEIVING";"Aberto";"CLOSED FOR RECEIVING";"APPROVED";2023-10-09 00:00:00,000;"INFRAESTRUTURA E SEGURANÇA - SOLUÇÃO - PROJETO Obsolescência Ilhas Edção (G5)- Outsourcing Jcorp - Evolução Portal";2023-10-09 00:00:00,000;2023-10-27 00:00:00,000;2023-10-27 00:00:00,000;1,75
"16087";"Obsolescência Ilhas de Edição 2023";"renan.reis@g.globo";"Plataformas De Produção";"PLAT. DE PÓS-PROD. E DESIGN";"SOLUÇÃO";"RCGRJ10288319";"OCGCP10285653";"SYS MANAGER INFORMATICA LTDA";"JUAREZ AURELIO TORRES DA SILVA";"CLOSED FOR RECEIVING";"Aberto";"CLOSED FOR RECEIVING";"APPROVED";2023-10-30 00:00:00,000;"Infraestrutura Segurança e Soluções de Conteúdo ISESC - SOLUÇÃO -  PROJETO Roadmap Câmeras de Cinema 4K - Fase 2; Obsolescência Ilhas Edção (G5) e Controle Mestre Tier-1 (TV Aberta)  - Outsourcing Jcorp - Evolução APIs IBMS";2023-10-30 00:00:00,000;2023-11-22 00:00:00,000;2023-11-22 00:00:00,000;0,75
"16087";"Obsolescência Ilhas de Edição 2023";"renan.reis@g.globo";"Plataformas De Produção";"PLAT. DE PÓS-PROD. E DESIGN";"SOLUÇÃO";"RCGRJ10302789";"OCGCP10297808";"DELL COMPUTADORES DO BRASIL LTDA";"THAIS OLIVEIRA SPEZANI";"CLOSED FOR RECEIVING";"Aberto";"CLOSED FOR RECEIVING";"APPROVED";2023-11-28 00:00:00,000;"INFRAESTRUTURA E SEGURANÇA (TECNOLOGIA) - OBSOLESCÊNCIA ILHAS DE EDIÇÃO 2023 - SUPORTE CLOUD UX EG [DELL]";2023-11-27 00:00:00,000;2023-12-27 00:00:00,000;2023-12-27 00:00:00,000;0,01
"16087";"Obsolescência Ilhas de Edição 2023";"renan.reis@g.globo";"Plataformas De Produção";"PLAT. DE PÓS-PROD. E DESIGN";"SOLUÇÃO";"RCGRJ10310278";"OCGCP10305576";"SAIMEL ENGENHARIA LTDA";"LEONARDO VIEIRA DE CAMPOS";"CLOSED FOR RECEIVING";"Aberto";"CLOSED FOR RECEIVING";"APPROVED";2023-12-12 00:00:00,000;"[URGENTE] INFRAESTRUTURA E SEGURANÇA - OBSOLESCÊNCIA EDIÇÃO 2023 - MDO MISSÃO CRÍTICA - DIGIACOMO";2023-12-12 00:00:00,000;2023-12-12 00:00:00,000;2023-12-12 00:00:00,000;3465
"16087";"Obsolescência Ilhas de Edição 2023";"renan.reis@g.globo";"Plataformas De Produção";"PLAT. DE PÓS-PROD. E DESIGN";"SOLUÇÃO";"RCGRJ10405374";"OCGCP10412346";"GLOBAL DISTRIBUICAO DE BENS DE CONSUMO LTDA";"CAROLINE LOPES MENDONCA";"OPEN";"Aberto";"OPEN";"APPROVED";2024-08-28 00:00:00,000;"ISESC (TECNOLOGIA) - OBSOLESCÊNCIA ILHAS DE EDIÇÃO 2023 - AQUISIÇÃO DE WORKSTATIONS E MONITORES APPLE TIER 2 EG/JB - RJ - APPLE";2024-08-22 00:00:00,000;2024-09-13 00:00:00,000;2024-10-30 00:00:00,000;6490
"16087";"Obsolescência Ilhas de Edição 2023";"renan.reis@g.globo";"Plataformas De Produção";"PLAT. DE PÓS-PROD. E DESIGN";"SOLUÇÃO";"RCGRJ10548600";"OCGCP10564349";"CARPINTARIA MARCENARIA E MATERIAIS DE CONSTRUCAO MARFIM DE TERESOPOLIS LTDA.";"RUBENS RODRIGO MARQUES DE OLIVEIRA";"OPEN";"Aberto";"OPEN";"APPROVED";2025-08-14 00:00:00,000;"ISESC (TECNOLOGIA) - OBS. AVAL. TÉCNICA – Adequação das Consoles";2025-08-14 00:00:00,000;2025-09-10 00:00:00,000;2025-09-10 00:00:00,000;3680
"16087";"Obsolescência Ilhas de Edição 2023";"renan.reis@g.globo";"Plataformas De Produção";"PLAT. DE PÓS-PROD. E DESIGN";"SOLUÇÃO";"RCGRJ10562817";"OCGCP10580809";"GRASS VALLEY AQUISICAO DE MEDIA LTDA.";"VANUZA APARECIDA PIANES COELHO";"CLOSED FOR RECEIVING";"Aberto";"CLOSED FOR RECEIVING";"APPROVED";2025-09-24 00:00:00,000;"ISESC - [OBSOL. GRAFISMO E PRODUÇÃO VIRTUAL] – SWITCH ARISTA 25Gx48P - FORNECEDOR: GRASSVALLEY - [SOLUÇÃO]";2025-09-18 00:00:00,000;2025-10-17 00:00:00,000;2025-11-30 00:00:00,000;0,01
"16087";"Obsolescência Ilhas de Edição 2023";"renan.reis@g.globo";"Plataformas De Produção";"PLAT. DE PÓS-PROD. E DESIGN";"SOLUÇÃO";"RCGRJ10562817";"OCGCP10580259";"GRASS VALLEY USA, LLC";"VANUZA APARECIDA PIANES COELHO";"CLOSED";"Fechado";"CLOSED";"APPROVED";2025-09-23 00:00:00,000;"ISESC - [OBSOL. GRAFISMO E PRODUÇÃO VIRTUAL] – SWITCH ARISTA 25Gx48P - FORNECEDOR: GRASSVALLEY - [SOLUÇÃO]";2025-09-18 00:00:00,000;2025-11-30 00:00:00,000;2025-11-30 00:00:00,000;0,42
"16087";"Obsolescência Ilhas de Edição 2023";"renan.reis@g.globo";"Plataformas De Produção";"PLAT. DE PÓS-PROD. E DESIGN";"SOLUÇÃO";"RCGSP10024419";"OCGCP10203944";"DELL COMPUTADORES DO BRASIL LTDA";"THAIS OLIVEIRA SPEZANI";"CLOSED FOR RECEIVING";"Aberto";"CLOSED FOR RECEIVING";"APPROVED";2023-04-19 00:00:00,000;"INFRAESTRUTURA E SEGURANÇA (TECNOLOGIA) – ILHA DE EDIÇÃO - UPGRADE DELL CUX (SITE SP) - FORNECEDOR DELL";2023-04-17 00:00:00,000;2023-05-17 00:00:00,000;2023-05-31 00:00:00,000;0,02
"16087";"Obsolescência Ilhas de Edição 2023";"renan.reis@g.globo";"Plataformas De Produção";"PLAT. DE PÓS-PROD. E DESIGN";"SOLUÇÃO";"RCGSP10035808";"OCGCP10329423";"EXBIZ INTERMEDIACAO DE NEGOCIOS TECNOLOGICOS LTDA";"THAIS OLIVEIRA SPEZANI";"CLOSED FOR RECEIVING";"Aberto";"CLOSED FOR RECEIVING";"APPROVED";2024-02-07 00:00:00,000;"[URGENTE] INFRAESTRUTURA E SEGURANÇA - OBSOLESCÊNCIA EDIÇÃO 2023 - OBSOLESCÊNCIA EDIÇÃO 2022 - MDO - DEFINICAO DE REDES - VDI SP - EXBIZ TELECOM";2024-02-07 00:00:00,000;2024-03-07 00:00:00,000;2024-03-07 00:00:00,000;4012,14
"16087";"Obsolescência Ilhas de Edição 2023";"renan.reis@g.globo";"Plataformas De Produção";"PLAT. DE PÓS-PROD. E DESIGN";"SOLUÇÃO";"RCGSP10035808";"OCGCP10329423";"EXBIZ INTERMEDIACAO DE NEGOCIOS TECNOLOGICOS LTDA";"THAIS OLIVEIRA SPEZANI";"CLOSED FOR RECEIVING";"Aberto";"CLOSED FOR RECEIVING";"APPROVED";2024-02-07 00:00:00,000;"[URGENTE] INFRAESTRUTURA E SEGURANÇA - OBSOLESCÊNCIA EDIÇÃO 2023 - OBSOLESCÊNCIA EDIÇÃO 2022 - MDO - DEFINICAO DE REDES - VDI SP - EXBIZ TELECOM";2024-02-07 00:00:00,000;2024-02-06 00:00:00,000;2024-02-06 00:00:00,000;2592,04
"30797";"Obsolescência Ilhas edição Acervo";"marcio.rocha@g.globo";"Plataformas De Produção";"PLAT. DE METADADOS E MÍDIAS";"SOLUÇÃO";"RCGRJ10648560";"OCGCP10678866";"AD DIGITAL COMERCIO DE ELETRONICOS LTDA";"MONIQUE MALTA DA SILVA FERNANDES MACHADO";"CLOSED FOR RECEIVING";"Aberto";"CLOSED FOR RECEIVING";"APPROVED";2026-05-26 00:00:00,000;"PLATAFORMAS DE PRODUÇÃO (TECNOLOGIA) - MDO ANALISTA PLENO - AD DIGITAL - MONIQUE: MAI/26 - JAN/27";2026-05-26 00:00:00,000;2026-06-14 00:00:00,000;2026-06-14 00:00:00,000;81832
"30797";"Obsolescência Ilhas edição Acervo";"marcio.rocha@g.globo";"Plataformas De Produção";"PLAT. DE METADADOS E MÍDIAS";"SOLUÇÃO";"RCGRJ10696234";"";"NTT BRASIL COMERCIO E SERVICOS DE TECNOLOGIA LTDA";"LUIZ FERNANDO CONCEICAO VARGAS";"PENDING APPROVAL";"Em aprovação";"PENDING APPROVAL";"PENDING APPROVAL";2026-09-28 00:00:00,000;"PLATAFORMAS DE PRODUÇÃO (TECNOLOGIA) - OBSOLESCÊNCIA ILHAS DE EDIÇÃO ACERVO - MDO - NTT";;2026-10-08 00:00:00,000;;106829,9
"30825";"Obsolescência Ingest Live SP - Fase 1";"renan.reis@g.globo";"Plataformas De Produção";"PLAT. DE PÓS-PROD. E DESIGN";"MDO";"RCGRJ10639782";"OCGCP10717173";"CROSSPOINT ELETRONICA LTDA";"MONIQUE MALTA DA SILVA FERNANDES MACHADO";"CLOSED FOR RECEIVING";"Aberto";"CLOSED FOR RECEIVING";"APPROVED";2026-08-27 00:00:00,000;"PLATAFORMAS DE PRODUÇÃO (TECNOLOGIA) - OBSOLESCÊNCIA INGEST LIVE SP - FASE 1 - OUTSOURCING - ID572026 - CROSSPOINT";2026-08-27 00:00:00,000;2026-05-20 00:00:00,000;2026-05-20 00:00:00,000;243163
"30825";"Obsolescência Ingest Live SP - Fase 1";"renan.reis@g.globo";"Plataformas De Produção";"PLAT. DE PÓS-PROD. E DESIGN";"SOLUÇÃO";"RCGSP10069633";"OCGCP10693804";"AD DIGITAL INTERNATIONAL CORP";"MARCUS VINICIUS DA SILVA GUEDES ALCOFORADO";"CLOSED FOR RECEIVING";"Aberto";"CLOSED FOR RECEIVING";"APPROVED";2026-06-30 00:00:00,000;"ISESC (TECNOLOGIA) - OBSOLESCÊNCIA INGEST LIVE SP - FASE 1 - LIGHTSPEED LIVE CAPTURE - LICENÇAS E SERVIÇOS";2026-06-17 00:00:00,000;2026-06-25 00:00:00,000;2026-06-25 00:00:00,000;298004,64
"30825";"Obsolescência Ingest Live SP - Fase 1";"renan.reis@g.globo";"Plataformas De Produção";"PLAT. DE PÓS-PROD. E DESIGN";"SOLUÇÃO";"RCGSP10069633";"OCGCP10693804";"AD DIGITAL INTERNATIONAL CORP";"MARCUS VINICIUS DA SILVA GUEDES ALCOFORADO";"CLOSED FOR RECEIVING";"Aberto";"CLOSED FOR RECEIVING";"APPROVED";2026-06-30 00:00:00,000;"ISESC (TECNOLOGIA) - OBSOLESCÊNCIA INGEST LIVE SP - FASE 1 - LIGHTSPEED LIVE CAPTURE - LICENÇAS E SERVIÇOS";2026-06-17 00:00:00,000;2026-06-27 00:00:00,000;2026-06-27 00:00:00,000;259766,80000000002
"16069";"Obsolescência Instant Replay JB e ION";"victor.chagas@g.globo";"Plataformas De Produção";"PLAT. DE CAPTAÇÃO E PRODUÇÃO";"SOLUÇÃO";"RCGRJ10267977";"OCGCP10264217";"CROSSPOINT ELETRONICA LTDA";"PATRICIA DE LIMA ALVES";"CLOSED FOR RECEIVING";"Aberto";"CLOSED FOR RECEIVING";"APPROVED";2023-09-11 00:00:00,000;"INFRAESTRUTURA E SEGURANÇA (TECNOLOGIA) – OBSOLESCÊNCIA INSTANT REPLAY JB ION - SISTEMA E SUPORTE EVERTZ DREAMCATCHER PARA INSTANT REPLAY ION E JB - CIS";2023-09-05 00:00:00,000;2023-11-30 00:00:00,000;2023-11-30 00:00:00,000;6387,78
"16069";"Obsolescência Instant Replay JB e ION";"victor.chagas@g.globo";"Plataformas De Produção";"PLAT. DE CAPTAÇÃO E PRODUÇÃO";"SOLUÇÃO";"RCGSP10056513";"OCGCP10557323";"HP BRASIL INDUSTRIA E COMERCIO DE EQUIPAMENTOS ELETRONICOS LTDA";"THAIS OLIVEIRA SPEZANI";"CLOSED FOR RECEIVING";"Aberto";"CLOSED FOR RECEIVING";"APPROVED";2025-07-29 00:00:00,000;"ISESC (TECNOLOGIA) - OBSOLESCÊNCIA INSTANT REPLAY JB E ION  - AQUISIÇÃO DE WORKSTATION - HP [SOLUÇÃO]";2025-07-28 00:00:00,000;2025-08-27 00:00:00,000;2025-08-27 00:00:00,000;0,02
"16071";"Obsolescência Kits de Externa - BH, DF, REC e SP";"arthurnsantos@g.globo";"Plataformas De Produção";"PLAT. DE CAPTAÇÃO E PRODUÇÃO";"SOLUÇÃO";"RCGMG10006006";"OCGCP10249136";"GLOBAL BROADCAST SOURCE";"LUIZ FERNANDO CONCEICAO VARGAS";"CLOSED FOR INVOICING";"Aberto";"CLOSED FOR INVOICING";"APPROVED";2023-08-03 00:00:00,000;"INFRAESTRUTURA E SEGURANÇA (TECNOLOGIA) - KIT DE EXTERNA DE BH - CAMERAS E ACESSORIOS - BELO HORIZONTE - SANDISK";2023-08-01 00:00:00,000;2023-09-29 00:00:00,000;2023-08-25 00:00:00,000;11086,68
"16071";"Obsolescência Kits de Externa - BH, DF, REC e SP";"arthurnsantos@g.globo";"Plataformas De Produção";"PLAT. DE CAPTAÇÃO E PRODUÇÃO";"SOLUÇÃO";"RCGMG10006046";"OCGCP10249238";"GLOBAL BROADCAST SOURCE";"LUIZ FERNANDO CONCEICAO VARGAS";"CLOSED FOR INVOICING";"Aberto";"CLOSED FOR INVOICING";"APPROVED";2023-08-04 00:00:00,000;"INFRAESTRUTURA E SEGURANÇA (TECNOLOGIA) - KIT DE EXTERNA DE BH - CAMERAS E ACESSORIOS - BELO HORIZONTE - MANFROTTO";2023-08-01 00:00:00,000;2023-09-29 00:00:00,000;2023-08-31 00:00:00,000;4667,68
"16071";"Obsolescência Kits de Externa - BH, DF, REC e SP";"arthurnsantos@g.globo";"Plataformas De Produção";"PLAT. DE CAPTAÇÃO E PRODUÇÃO";"SOLUÇÃO";"RCGRJ10211221";"OCGCP10234449";"NTT BRASIL COMERCIO E SERVICOS DE TECNOLOGIA LTDA";"CONRADO PERDIGAO FERRANTE";"CLOSED FOR RECEIVING";"Aberto";"CLOSED FOR RECEIVING";"APPROVED";2023-07-03 00:00:00,000;"INFRAESTRUTURA E SEGURANÇA (TECNOLOGIA) - Obsolescência Kits de Externa - BH, DF, REC e SP - MDO 23 - Infra - NTT";2023-07-03 00:00:00,000;2023-06-26 00:00:00,000;2023-06-26 00:00:00,000;14800,59
"16071";"Obsolescência Kits de Externa - BH, DF, REC e SP";"arthurnsantos@g.globo";"Plataformas De Produção";"PLAT. DE CAPTAÇÃO E PRODUÇÃO";"SOLUÇÃO";"RCGRJ10230618";"OCGCP10222275";"";"BRUNO DUTRA GOMES";"CLOSED FOR RECEIVING";"Aberto";"CLOSED FOR RECEIVING";"APPROVED";2023-06-02 00:00:00,000;"INFRAESTRUTURA E SEGURANÇA (TECNOLOGIA) - Iluminação EST-F JB | Cidade CEN. EG+Obsolescência Kits de Externa - BH, DF, REC e SP+Obsolescência Crítica Sist. Áudio - JB, SP e MG-2+BBB Página em Branco Fase 2 - MDO 23 - Infra - MORPHUS";2023-06-02 00:00:00,000;2023-06-01 00:00:00,000;2023-06-01 00:00:00,000;0,56
"16071";"Obsolescência Kits de Externa - BH, DF, REC e SP";"arthurnsantos@g.globo";"Plataformas De Produção";"PLAT. DE CAPTAÇÃO E PRODUÇÃO";"SOLUÇÃO";"RCGRJ10246673";"OCGCP10240468";"AD DIGITAL COMERCIO DE ELETRONICOS LTDA";"MONIQUE MALTA DA SILVA FERNANDES MACHADO";"CLOSED FOR RECEIVING";"Aberto";"CLOSED FOR RECEIVING";"APPROVED";2023-07-14 00:00:00,000;"INFRAESTRUTURA E SEGURANÇA (TECNOLOGIA) -Obsolescência Kits de Externa - BH, DF, REC e SP - MDO 23 - Integração - Analista 3 - AD Digital";2023-07-14 00:00:00,000;2023-08-06 00:00:00,000;2023-08-06 00:00:00,000;93600
"16071";"Obsolescência Kits de Externa - BH, DF, REC e SP";"arthurnsantos@g.globo";"Plataformas De Produção";"PLAT. DE CAPTAÇÃO E PRODUÇÃO";"RESERVA";"RCGSP10031458";"OCGCP10280360";"ELLAN S/A";"THAIS OLIVEIRA SPEZANI";"CLOSED FOR RECEIVING";"Aberto";"CLOSED FOR RECEIVING";"APPROVED";2023-10-17 00:00:00,000;"INFRAESTRUTURA E SEGURANÇA (TECNOLOGIA) – C&P – Obsolescência Kits de Externa - BH, DF, REC e SP - Reserva Gerencial - Racks Infra";2023-10-16 00:00:00,000;2023-11-09 00:00:00,000;2023-11-10 00:00:00,000;1805
"16088";"Obsolescência Kits TP BH, DF, REC E ION";"arthurnsantos@g.globo";"Plataformas De Produção";"PLAT. DE CAPTAÇÃO E PRODUÇÃO";"SOLUÇÃO";"RCGDF10012247";"OCGCP10697029";"VIDEOINTEGRATORS EXPORT COMPANY";"MARCUS VINICIUS DA SILVA GUEDES ALCOFORADO";"OPEN";"Aberto";"OPEN";"APPROVED";2026-07-08 00:00:00,000;"PLATAFORMAS DE PRODUÇÃO (TECNOLOGIA) - SISTEMAS DE TP - OBSOLESCÊNCIA TP BH, DF, REC E ION - AUTOSCRIPT - 01 HC-IP DESKTOP HAND CONTROL [SOLUÇÃO]";2026-06-01 00:00:00,000;2026-06-01 00:00:00,000;2026-07-31 00:00:00,000;8426,17
"16088";"Obsolescência Kits TP BH, DF, REC E ION";"arthurnsantos@g.globo";"Plataformas De Produção";"PLAT. DE CAPTAÇÃO E PRODUÇÃO";"SOLUÇÃO";"RCGPE10007344";"OCGCP10381423";"M.A.M.- SERVICOS DE INSTALACOES E MONTAGENS METALICAS LTDA";"HENRIQUE JASMIM RODRIGUES";"CLOSED FOR RECEIVING";"Aberto";"CLOSED FOR RECEIVING";"APPROVED";2024-06-18 00:00:00,000;"ISESC(TECNOLOGIA) - OBSOLESCÊNCIA KITS TP BH, DF, REC e ION - M.A.M. SERVIÇO DE INSTALAÇÃO E MONTAGENS METÁLICA - LTDA - ME - FABRICAÇÃO DE HASTE TELESCÓPICA TRACIONADA POR MOTOR DE PASSO 20KG E ADAPTAÇÃO DE SUPORTE PARA 2 TPS";2024-06-17 00:00:00,000;2024-07-17 00:00:00,000;2024-07-17 00:00:00,000;50
"16088";"Obsolescência Kits TP BH, DF, REC E ION";"arthurnsantos@g.globo";"Plataformas De Produção";"PLAT. DE CAPTAÇÃO E PRODUÇÃO";"SOLUÇÃO";"RCGPE10011343";"OCGCP10696962";"VIDEOINTEGRATORS EXPORT COMPANY";"MARCUS VINICIUS DA SILVA GUEDES ALCOFORADO";"OPEN";"Aberto";"OPEN";"APPROVED";2026-07-07 00:00:00,000;"ISESC (TECNOLOGIA) - OBSOLESÊNCIA KITS TP - BH, DF, REC E ION - AUTOSCRIPT - [SOLUÇÃO]";2026-06-20 00:00:00,000;2026-07-16 00:00:00,000;2026-07-20 00:00:00,000;297588,61
"16088";"Obsolescência Kits TP BH, DF, REC E ION";"arthurnsantos@g.globo";"Plataformas De Produção";"PLAT. DE CAPTAÇÃO E PRODUÇÃO";"SOLUÇÃO";"RCGRJ10225827";"OCGCP10222453";"";"BRUNO DUTRA GOMES";"CLOSED FOR RECEIVING";"Aberto";"CLOSED FOR RECEIVING";"APPROVED";2023-06-02 00:00:00,000;"INFRAESTRUTURA E SEGURANÇA (TECNOLOGIA) - Obsolescência Crítica Recife + Obsolescência Kits TP BH, DF, REC E ION - MDO 23 - Infra - MORPHUS";2023-06-02 00:00:00,000;2023-06-01 00:00:00,000;2023-06-01 00:00:00,000;0,3
"16088";"Obsolescência Kits TP BH, DF, REC E ION";"arthurnsantos@g.globo";"Plataformas De Produção";"PLAT. DE CAPTAÇÃO E PRODUÇÃO";"SOLUÇÃO";"RCGRJ10324791";"OCGCP10328979";"STORM DEVELOPMENT LTDA";"PAULA REGIS QUEIROZ AFONSO MUNIZ";"CLOSED FOR RECEIVING";"Aberto";"CLOSED FOR RECEIVING";"APPROVED";2024-02-06 00:00:00,000;"ISESC (TECNOLOGIA) - Obsolescência Crítica Recife / Câmeras de Estúdios Regionais / Obsol. UPPs Dramaturgia(2023) / BBB Página em Branco Fase 2 / Ilumin. EST-F JB-Cidade CEN.EG / Ilumin. Est-B(BSA) / Sist. Panic do JB - MDO STORM JAN/FEV24";2024-02-06 00:00:00,000;2024-02-16 00:00:00,000;2024-02-16 00:00:00,000;1108,84
"16089";"Obsolescência MAM Vizrt 2023";"renan.reis@g.globo";"Plataformas De Produção";"PLAT. DE PÓS-PROD. E DESIGN";"SOLUÇÃO";"RCGRJ10192254";"OCGCP10187443";"AD DIGITAL COMERCIO DE ELETRONICOS LTDA";"MONIQUE MALTA DA SILVA FERNANDES MACHADO";"CLOSED FOR RECEIVING";"Aberto";"CLOSED FOR RECEIVING";"APPROVED";2023-03-16 00:00:00,000;"INFRAESTRUTURA E SEGURANÇA (TECNOLOGIA) - MDO 23 - Pós Produção - parte 1 - Analista de Sol. Midias Sr. PJ";2023-03-16 00:00:00,000;2023-03-27 00:00:00,000;2023-03-27 00:00:00,000;1433,6
"16089";"Obsolescência MAM Vizrt 2023";"renan.reis@g.globo";"Plataformas De Produção";"PLAT. DE PÓS-PROD. E DESIGN";"SOLUÇÃO";"RCGRJ10192263";"OCGCP10188818";"AD DIGITAL COMERCIO DE ELETRONICOS LTDA";"MONIQUE MALTA DA SILVA FERNANDES MACHADO";"CLOSED FOR RECEIVING";"Aberto";"CLOSED FOR RECEIVING";"APPROVED";2023-03-17 00:00:00,000;"INFRAESTRUTURA E SEGURANÇA (TECNOLOGIA) - MDO 23 - Pós Produção - parte 1 - ASM2 SR PJ";2023-03-17 00:00:00,000;2023-03-27 00:00:00,000;2023-03-27 00:00:00,000;1183,26
"16089";"Obsolescência MAM Vizrt 2023";"renan.reis@g.globo";"Plataformas De Produção";"PLAT. DE PÓS-PROD. E DESIGN";"SOLUÇÃO";"RCGRJ10226159";"OCGCP10222806";"AD DIGITAL COMERCIO DE ELETRONICOS LTDA";"MONIQUE MALTA DA SILVA FERNANDES MACHADO";"CLOSED FOR RECEIVING";"Aberto";"CLOSED FOR RECEIVING";"APPROVED";2023-06-05 00:00:00,000;"INFRAESTRUTURA E SEGURANÇA (TECNOLOGIA) - Obsolescência MAM Vizrt 2023 + Obsolescência Avaliação Técnica & Finalização - MDO 23 - Suporte - AD";2023-06-05 00:00:00,000;2023-06-17 00:00:00,000;2023-06-17 00:00:00,000;0,08
"16089";"Obsolescência MAM Vizrt 2023";"renan.reis@g.globo";"Plataformas De Produção";"PLAT. DE PÓS-PROD. E DESIGN";"SOLUÇÃO";"RCGRJ10405635";"OCGCP10410501";"AD DIGITAL COMERCIO DE ELETRONICOS LTDA";"THAIS OLIVEIRA SPEZANI";"CLOSED FOR RECEIVING";"Aberto";"CLOSED FOR RECEIVING";"APPROVED";2024-08-23 00:00:00,000;"ISESC (TECNOLOGIA) - BBB PÁGINA EM BRANCO FASE 3 - OBSOLESCÊNCIA INGEST ION - OBSOLESCÊNCIA MAM VIZRT 2023 - AQUISIÇÃO DE INGESTS - AD DIGITAL";2024-08-21 00:00:00,000;2024-09-15 00:00:00,000;2024-09-15 00:00:00,000;0,34
"16089";"Obsolescência MAM Vizrt 2023";"renan.reis@g.globo";"Plataformas De Produção";"PLAT. DE PÓS-PROD. E DESIGN";"SOLUÇÃO";"RCGRJ10562486";"OCGCP10579451";"CANON DO BRASIL INDUSTRIA E COMERCIO LTDA.";"THAYSA ROCHA FERREIRA";"CLOSED";"Fechado";"CLOSED";"APPROVED";2025-09-22 00:00:00,000;"ISESC (TECNOLOGIA) - Obsolescência MAM Vizrt 2023 - Reparo em lente Broadcast HJ40x10B - RN017357 - WO0087005 - CANON  - [BASE]";2025-09-18 00:00:00,000;2025-10-17 00:00:00,000;2025-11-17 00:00:00,000;3351
"16089";"Obsolescência MAM Vizrt 2023";"renan.reis@g.globo";"Plataformas De Produção";"PLAT. DE PÓS-PROD. E DESIGN";"SOLUÇÃO";"RCGRJ10563622";"OCGCP10584002";"ZIEMERTRONICS, Inc.";"RAFAEL LOPES ROSADO";"OPEN";"Aberto";"OPEN";"APPROVED";2025-10-02 00:00:00,000;"ISESC (TECNOLOGIA) - Obsolescência MAM Vizrt 2023 - Compra de peças para reparo - WO0138792 WO0160698 WO0160700 WO0184813 WO0022825 - LECTROSONICS - SAVANA - [BASE]";2025-10-02 00:00:00,000;2025-10-19 00:00:00,000;2025-11-27 00:00:00,000;2405,21
"30775";"Obsolescência Microfones - Fantástico";"roberta.mesquita@g.globo";"Plataformas De Produção";"PLAT. DE CAPTAÇÃO E PRODUÇÃO";"MDO";"RCGRJ10639785";"OCGCP10668120";"INSI DIGITAL EVOLUTION S.A";"RAFAEL RANGEL CASIMIRO";"CLOSED FOR RECEIVING";"Aberto";"CLOSED FOR RECEIVING";"APPROVED";2026-04-30 00:00:00,000;"PLATAFORMAS DE PRODUÇÃO (TECNOLOGIA) - OBSOLESCÊNCIA MICROFONES - FANTÁSTICO - OUTSOURCING - ID852026 - META";2026-04-30 00:00:00,000;2026-05-20 00:00:00,000;2026-05-20 00:00:00,000;100913
"30776";"Obsolescência Microfones - MG1";"roberta.mesquita@g.globo";"Plataformas De Produção";"PLAT. DE CAPTAÇÃO E PRODUÇÃO";"MDO";"RCGRJ10639900";"OCGCP10667710";"SAVANA COMUNICACOES LTDA";"MONIQUE MALTA DA SILVA FERNANDES MACHADO";"CLOSED FOR RECEIVING";"Aberto";"CLOSED FOR RECEIVING";"APPROVED";2026-04-29 00:00:00,000;"PLATAFORMAS DE PRODUÇÃO (TECNOLOGIA) - OBSOLESCÊNCIA MICROFONES - MG1 - OUTSOURCING - ID962026 - SAVANA";2026-04-29 00:00:00,000;2026-05-20 00:00:00,000;2026-05-20 00:00:00,000;81189,48
"30776";"Obsolescência Microfones - MG1";"roberta.mesquita@g.globo";"Plataformas De Produção";"PLAT. DE CAPTAÇÃO E PRODUÇÃO";"SOLUÇÃO";"RCGRJ10695533";"OCGCP10729561";"SAVANA COMUNICACOES LTDA";"MONIQUE MALTA DA SILVA FERNANDES MACHADO";"CLOSED FOR RECEIVING";"Aberto";"CLOSED FOR RECEIVING";"APPROVED";2026-09-28 00:00:00,000;"PLATAFORMAS DE PRODUÇÃO (TECNOLOGIA) - OBSOLESCÊNCIA MICROFONES - MG1 | MDO - SAVANA";2026-09-28 00:00:00,000;2026-10-06 00:00:00,000;2026-10-06 00:00:00,000;38906,08
"30777";"Obsolescência Microfones - PRJ";"roberta.mesquita@g.globo";"Plataformas De Produção";"PLAT. DE CAPTAÇÃO E PRODUÇÃO";"SOLUÇÃO";"RCGRJ10631087";"OCGCP10664351";"GRUPO MULTILASER S.A.";"BRUNO DOMINGOS SIMOES";"OPEN";"Aberto";"OPEN";"APPROVED";2026-04-20 00:00:00,000;"ISESC (TECNOLOGIA) - MICROFONES PRJ - AQUISIÇÃO DO SISTEMA SEM FIO PARA O JORNAL NACIONAL -SENNHEISER - GRUPO MULTILASER";2026-04-17 00:00:00,000;2026-04-25 00:00:00,000;2026-06-30 00:00:00,000;4761,41
"30777";"Obsolescência Microfones - PRJ";"roberta.mesquita@g.globo";"Plataformas De Produção";"PLAT. DE CAPTAÇÃO E PRODUÇÃO";"SOLUÇÃO";"RCGRJ10635772";"OCGCP10662662";"GRUPO MULTILASER S.A.";"RAPHAEL BAPTISTA DA SILVA";"OPEN";"Aberto";"OPEN";"APPROVED";2026-04-15 00:00:00,000;"ISESC (TECNOLOGIA) - MICROFONES PRJ - AQUISIÇÃO DE ANTENAS BODYPACK  PARA O JORNAL NACIONAL -SENNHEISER - GRUPO MULTILASER";2026-04-10 00:00:00,000;2026-05-08 00:00:00,000;2026-05-15 00:00:00,000;3389,5
"30777";"Obsolescência Microfones - PRJ";"roberta.mesquita@g.globo";"Plataformas De Produção";"PLAT. DE CAPTAÇÃO E PRODUÇÃO";"SOLUÇÃO";"RCGRJ10649733";"OCGCP10677424";"HITSS DO BRASIL SERVICOS TECNOLOGICOS LTDA";"JUAREZ AURELIO TORRES DA SILVA";"CLOSED FOR RECEIVING";"Aberto";"CLOSED FOR RECEIVING";"APPROVED";2026-05-21 00:00:00,000;"PLATAFORMAS DE PRODUÇÃO (TECNOLOGIA) - OBSOLESCÊNCIA MICROFONES - PRJ - OUTSOURCING - ID1022026 - HITSS";2026-05-21 00:00:00,000;2026-06-18 00:00:00,000;2026-06-18 00:00:00,000;63957
"30777";"Obsolescência Microfones - PRJ";"roberta.mesquita@g.globo";"Plataformas De Produção";"PLAT. DE CAPTAÇÃO E PRODUÇÃO";"SOLUÇÃO";"RCGRJ10695804";"";"NTT BRASIL COMERCIO E SERVICOS DE TECNOLOGIA LTDA";"LUIZ FERNANDO CONCEICAO VARGAS";"PENDING APPROVAL";"Em aprovação";"PENDING APPROVAL";"PENDING APPROVAL";2026-09-25 00:00:00,000;"PLATAFORMAS DE PRODUÇÃO (TECNOLOGIA) - PROJETO OBSOLESCÊNCIA MICROFONES - PRJ - MDO - NTT";;2026-10-25 00:00:00,000;;60174,5
"30777";"Obsolescência Microfones - PRJ";"roberta.mesquita@g.globo";"Plataformas De Produção";"PLAT. DE CAPTAÇÃO E PRODUÇÃO";"SOLUÇÃO";"RCGRJ10695820";"OCGCP10729090";"QUARK TECNOLOGIA LTDA";"PAULA REGIS QUEIROZ AFONSO MUNIZ";"CLOSED FOR RECEIVING";"Aberto";"CLOSED FOR RECEIVING";"APPROVED";2026-09-25 00:00:00,000;"PLATAFORMAS DE PRODUÇÃO (TECNOLOGIA) - OBSOLESCÊNCIA MICROFONES - PRJ | MDO - QUARK";2026-09-25 00:00:00,000;2026-10-06 00:00:00,000;2026-10-06 00:00:00,000;1169,49
"25941";"Obsolescência Produção Virtual Jornalismo & Esporte - RJ e SP";"julia.maia.rodrigues@g.globo";"Plataformas De Produção";"PLAT. DE PÓS-PROD. E DESIGN";"SOLUÇÃO";"RCGRJ10569226";"OCGCP10586013";"YOU CAST COMERCIO DE EQUIPAMENTOS ELETRONICOS LTDA";"THAIS OLIVEIRA SPEZANI";"CLOSED FOR RECEIVING";"Aberto";"CLOSED FOR RECEIVING";"APPROVED";2025-10-07 00:00:00,000;"ISESC - TECNOLOGIA - [OBS. PROD. VIRTUAL JORN. E ESPORTE - RJ e SP] – FUSAO FIBRA PARA PIXOTOPE JB [SOLUCOES]";2025-10-07 00:00:00,000;2025-11-05 00:00:00,000;2025-11-05 00:00:00,000;10428,54
"25941";"Obsolescência Produção Virtual Jornalismo & Esporte - RJ e SP";"julia.maia.rodrigues@g.globo";"Plataformas De Produção";"PLAT. DE PÓS-PROD. E DESIGN";"MDO";"RCGRJ10570909";"OCGCP10588817";"CONVERGINT COMERCIO E SERVICOS DE TECNOLOGIA LTDA";"MONIQUE MALTA DA SILVA FERNANDES MACHADO";"CLOSED FOR RECEIVING";"Aberto";"CLOSED FOR RECEIVING";"APPROVED";2025-10-14 00:00:00,000;"ISESC (TECNOLOGIA) - OBSOLESCÊNCIA PRODUÇÃO VIRTUAL JORNALISMO & ESPORTE - RJ E SP - RESERVA MDO - RC2020 - CONVERGINT COMERCIO E SERVICOS DE TECNOLOGIA LTDA";2025-10-14 00:00:00,000;2025-11-09 00:00:00,000;2025-11-09 00:00:00,000;2712,92
"25941";"Obsolescência Produção Virtual Jornalismo & Esporte - RJ e SP";"julia.maia.rodrigues@g.globo";"Plataformas De Produção";"PLAT. DE PÓS-PROD. E DESIGN";"MDO";"RCGRJ10576472";"OCGCP10595195";"AD DIGITAL COMERCIO DE ELETRONICOS LTDA";"MONIQUE MALTA DA SILVA FERNANDES MACHADO";"CLOSED FOR RECEIVING";"Aberto";"CLOSED FOR RECEIVING";"APPROVED";2025-10-30 00:00:00,000;"ISESC (TECNOLOGIA) - OBSOLESCÊNCIA PRODUÇÃO VIRTUAL JORNALISMO & ESPORTE - RJ E SP - RC2042 -  AD DIGITAL COMERCIO DE ELETRONICOS LTDA";2025-10-30 00:00:00,000;2025-11-26 00:00:00,000;2025-11-26 00:00:00,000;1
"25941";"Obsolescência Produção Virtual Jornalismo & Esporte - RJ e SP";"julia.maia.rodrigues@g.globo";"Plataformas De Produção";"PLAT. DE PÓS-PROD. E DESIGN";"SOLUÇÃO";"RCGRJ10585447";"OCGCP10605458";"LENOVO TECNOLOGIA (BRASIL) LIMITADA";"THAIS OLIVEIRA SPEZANI";"CLOSED FOR RECEIVING";"Aberto";"CLOSED FOR RECEIVING";"APPROVED";2025-11-25 00:00:00,000;"ISESC (TECNOLOGIA) - [OBS. PROD. VIRTUAL JORN. E ESPORTE - RJ E SP] PC CONTROL PIXOTOPE - [SOLUCOES]";2025-11-24 00:00:00,000;2026-01-16 00:00:00,000;2026-01-16 00:00:00,000;0,03
"25941";"Obsolescência Produção Virtual Jornalismo & Esporte - RJ e SP";"julia.maia.rodrigues@g.globo";"Plataformas De Produção";"PLAT. DE PÓS-PROD. E DESIGN";"MDO";"RCGRJ10587446";"OCGCP10607847";"INSI DIGITAL EVOLUTION S.A";"PAULA REGIS QUEIROZ AFONSO MUNIZ";"CLOSED FOR RECEIVING";"Aberto";"CLOSED FOR RECEIVING";"APPROVED";2025-12-01 00:00:00,000;"ISESC (TECNOLOGIA) - OBSOLESCÊNCIA PRODUÇÃO VIRTUAL JORNALISMO & ESPORTE - RJ E SP - RESERVA MDO - META SERVICOS EM INFORMATICA SA";2025-12-01 00:00:00,000;2025-12-26 00:00:00,000;2025-12-26 00:00:00,000;1052,57
"25941";"Obsolescência Produção Virtual Jornalismo & Esporte - RJ e SP";"julia.maia.rodrigues@g.globo";"Plataformas De Produção";"PLAT. DE PÓS-PROD. E DESIGN";"RESERVA";"RCGRJ10595606";"OCGCP10620211";"AD DIGITAL COMERCIO DE ELETRONICOS LTDA";"MONIQUE MALTA DA SILVA FERNANDES MACHADO";"CLOSED FOR RECEIVING";"Aberto";"CLOSED FOR RECEIVING";"APPROVED";2025-12-29 00:00:00,000;"ISESC (TECNOLOGIA) - OBSOLESCÊNCIA PRODUÇÃO VIRTUAL JORNALISMO & ESPORTE - RJ E SP - RESERVA - AD DIGITAL COMERCIO DE ELETRONICOS LTDA";2025-12-29 00:00:00,000;2026-01-16 00:00:00,000;2026-01-16 00:00:00,000;26536
"25941";"Obsolescência Produção Virtual Jornalismo & Esporte - RJ e SP";"julia.maia.rodrigues@g.globo";"Plataformas De Produção";"PLAT. DE PÓS-PROD. E DESIGN";"SOLUÇÃO";"RCGRJ10633040";"OCGCP10662599";"VFX GROUP EFEITOS VISUAIS LTDA";"RAPHAEL BAPTISTA DA SILVA";"OPEN";"Aberto";"OPEN";"APPROVED";2026-04-15 00:00:00,000;"ISESC (TECNOLOGIA - OBS. PROD. VIRTUAL JORN. E ESPORTE - ENCODER EXTERNO NCAM EST-C - [SOLUÇÃO]";2026-04-10 00:00:00,000;2026-04-08 00:00:00,000;2026-04-22 00:00:00,000;9920
"25941";"Obsolescência Produção Virtual Jornalismo & Esporte - RJ e SP";"julia.maia.rodrigues@g.globo";"Plataformas De Produção";"PLAT. DE PÓS-PROD. E DESIGN";"SOLUÇÃO";"RCGRJ10643160";"OCGCP10671062";"CRIALED PRODUCOES VISUAIS, EVENTOS E PARTICIPACOES LTDA";"PATRICIA DE LIMA ALVES";"CLOSED FOR RECEIVING";"Aberto";"CLOSED FOR RECEIVING";"APPROVED";2026-05-08 00:00:00,000;"ISESC (TECNOLOGIA) - OBS. PRODUÇÃO VIRTUAL JORNALISMO E ESPORTE - ALUGUEL RESOLUME MG2 [SOLUÇÃO]";2026-05-08 00:00:00,000;2026-05-07 00:00:00,000;2026-05-07 00:00:00,000;3120,26
"25941";"Obsolescência Produção Virtual Jornalismo & Esporte - RJ e SP";"julia.maia.rodrigues@g.globo";"Plataformas De Produção";"PLAT. DE PÓS-PROD. E DESIGN";"SOLUÇÃO";"RCGRJ10651344";"OCGCP10697168";"CONVERGINT COMERCIO E SERVICOS DE TECNOLOGIA LTDA";"MONIQUE MALTA DA SILVA FERNANDES MACHADO";"CLOSED FOR RECEIVING";"Aberto";"CLOSED FOR RECEIVING";"APPROVED";2026-07-08 00:00:00,000;"ISESC (TECNOLOGIA) - OBS. PRODUÇÃO VIRTUAL JORNALISMO E ESPORTE - D3 SP LEVANTAMENTO [SOLUÇÃO]";2026-05-26 00:00:00,000;2026-05-22 00:00:00,000;2026-05-22 00:00:00,000;4478,37
"25941";"Obsolescência Produção Virtual Jornalismo & Esporte - RJ e SP";"julia.maia.rodrigues@g.globo";"Plataformas De Produção";"PLAT. DE PÓS-PROD. E DESIGN";"SOLUÇÃO";"RCGRJ10671852";"OCGCP10704678";"CENTAURO ENGENHARIA E INFORMATICA LTDA";"CAROLINE LOPES MENDONCA";"CLOSED FOR RECEIVING";"Aberto";"CLOSED FOR RECEIVING";"APPROVED";2026-07-24 00:00:00,000;"ISESC (TECNOLOGIA) - OBS. JORNALISMO E ESPORTE - MDO INFRA PROGRESSIVO BDBR";2026-07-24 00:00:00,000;2026-08-20 00:00:00,000;2026-08-20 00:00:00,000;4690,44
"25941";"Obsolescência Produção Virtual Jornalismo & Esporte - RJ e SP";"julia.maia.rodrigues@g.globo";"Plataformas De Produção";"PLAT. DE PÓS-PROD. E DESIGN";"MDO";"RCGRJ10680830";"OCGCP10712325";"NTT DATA BRASIL CONSULTORIA DE NEGOCIOS E TECNOLOGIA DA INFORMACAO LTDA";"LUIZ FERNANDO CONCEICAO VARGAS";"CLOSED FOR RECEIVING";"Aberto";"CLOSED FOR RECEIVING";"APPROVED";2026-08-14 00:00:00,000;"PLATAFORMAS DE PRODUÇÃO (TECNOLOGIA) - PROJETO Backend GC ION & Homolog GC EG - SERVIÇO DE MÃO DE OBRA - AGOSTO - NTT";2026-08-14 00:00:00,000;2026-08-17 00:00:00,000;2026-08-17 00:00:00,000;1719,72
"25941";"Obsolescência Produção Virtual Jornalismo & Esporte - RJ e SP";"julia.maia.rodrigues@g.globo";"Plataformas De Produção";"PLAT. DE PÓS-PROD. E DESIGN";"SOLUÇÃO";"RCGRJ10696682";"";"NGN TELECOM TECNOLOGIA LTDA";"JULLIANA DA PENHA COSTA DE SOUZA ARGOLO";"PENDING APPROVAL";"Em aprovação";"PENDING APPROVAL";"PENDING APPROVAL";2026-09-29 00:00:00,000;"PLAT. PROD (TECNOLOGIA) - [OBS. PROD. VIRTUAL JORNALISMO E ESPORTE] - TREINAMENTO 2110 e PTP - [SOLUÇÃO]";;2026-10-26 00:00:00,000;;25650
"25941";"Obsolescência Produção Virtual Jornalismo & Esporte - RJ e SP";"julia.maia.rodrigues@g.globo";"Plataformas De Produção";"PLAT. DE PÓS-PROD. E DESIGN";"SOLUÇÃO";"RCGSP10062996";"OCGCP10622712";"SCANSOURCE BRASIL DISTRIBUIDORA DE TECNOLOGIAS LTDA";"CAROLINE LOPES MENDONCA";"OPEN";"Aberto";"OPEN";"APPROVED";2026-01-12 00:00:00,000;"MONITOR LFD SAMSUNG 75";2026-01-09 00:00:00,000;2026-01-06 00:00:00,000;2026-01-30 00:00:00,000;12900
"25941";"Obsolescência Produção Virtual Jornalismo & Esporte - RJ e SP";"julia.maia.rodrigues@g.globo";"Plataformas De Produção";"PLAT. DE PÓS-PROD. E DESIGN";"SOLUÇÃO";"RCGSP10072851";"OCGCP10721642";"CALIL TECNOLOGIAS IMERSIVAS LTDA";"CAROLINE LOPES MENDONCA";"OPEN";"Aberto";"OPEN";"APPROVED";2026-09-09 00:00:00,000;"ISESC (TECNOLOGIA) - OBS. PRODUÇÃO VIRTUAL JORN. & ESPORTE - WORKSTATION RESOLUME SP (2) [SOLUÇÃO].";2026-08-31 00:00:00,000;2026-09-17 00:00:00,000;2026-11-16 00:00:00,000;190000
"16075";"Obsolescência Render Grafismo BSB";"julia.maia.rodrigues@g.globo";"Plataformas De Produção";"PLAT. DE PÓS-PROD. E DESIGN";"SOLUÇÃO";"RCGRJ10190158";"OCGCP10182440";"CONTROL EXPRESS COURIER LTDA";"DIEGO DE CASTILHO GIOVANNI";"CLOSED FOR RECEIVING";"Aberto";"CLOSED FOR RECEIVING";"APPROVED";2023-03-06 00:00:00,000;"FATURA 28516 (EG)";2023-03-06 00:00:00,000;2023-03-16 00:00:00,000;2023-03-16 00:00:00,000;227
"16075";"Obsolescência Render Grafismo BSB";"julia.maia.rodrigues@g.globo";"Plataformas De Produção";"PLAT. DE PÓS-PROD. E DESIGN";"SOLUÇÃO";"RCGRJ10192254";"OCGCP10187443";"AD DIGITAL COMERCIO DE ELETRONICOS LTDA";"MONIQUE MALTA DA SILVA FERNANDES MACHADO";"CLOSED FOR RECEIVING";"Aberto";"CLOSED FOR RECEIVING";"APPROVED";2023-03-16 00:00:00,000;"INFRAESTRUTURA E SEGURANÇA (TECNOLOGIA) - MDO 23 - Pós Produção - parte 1 - Analista de Sol. Midias Sr. PJ";2023-03-16 00:00:00,000;2023-03-27 00:00:00,000;2023-03-27 00:00:00,000;2284,7
"16075";"Obsolescência Render Grafismo BSB";"julia.maia.rodrigues@g.globo";"Plataformas De Produção";"PLAT. DE PÓS-PROD. E DESIGN";"SOLUÇÃO";"RCGRJ10192263";"OCGCP10188818";"AD DIGITAL COMERCIO DE ELETRONICOS LTDA";"MONIQUE MALTA DA SILVA FERNANDES MACHADO";"CLOSED FOR RECEIVING";"Aberto";"CLOSED FOR RECEIVING";"APPROVED";2023-03-17 00:00:00,000;"INFRAESTRUTURA E SEGURANÇA (TECNOLOGIA) - MDO 23 - Pós Produção - parte 1 - ASM2 SR PJ";2023-03-17 00:00:00,000;2023-03-27 00:00:00,000;2023-03-27 00:00:00,000;1885,75
"16075";"Obsolescência Render Grafismo BSB";"julia.maia.rodrigues@g.globo";"Plataformas De Produção";"PLAT. DE PÓS-PROD. E DESIGN";"SOLUÇÃO";"RCGRJ10201477";"OCGCP10190511";"CONTROL EXPRESS COURIER LTDA";"DIEGO DE CASTILHO GIOVANNI";"CLOSED FOR RECEIVING";"Aberto";"CLOSED FOR RECEIVING";"APPROVED";2023-03-22 00:00:00,000;"FATURA 28516 (EG)";2023-03-22 00:00:00,000;2023-03-27 00:00:00,000;2023-03-27 00:00:00,000;227
"16075";"Obsolescência Render Grafismo BSB";"julia.maia.rodrigues@g.globo";"Plataformas De Produção";"PLAT. DE PÓS-PROD. E DESIGN";"SOLUÇÃO";"RCGRJ10226138";"OCGCP10222802";"AD DIGITAL COMERCIO DE ELETRONICOS LTDA";"MONIQUE MALTA DA SILVA FERNANDES MACHADO";"CLOSED FOR RECEIVING";"Aberto";"CLOSED FOR RECEIVING";"APPROVED";2023-06-05 00:00:00,000;"INFRAESTRUTURA E SEGURANÇA (TECNOLOGIA) - Obsolescência Render Grafismo BSB + Obsolescência Avaliação Técnica & Finalização -  MDO 23 - Suporte - AD";2023-06-05 00:00:00,000;2023-06-17 00:00:00,000;2023-06-17 00:00:00,000;808,65
"30829";"Obsolescência Telas Estudio Regionais - BSA";"julia.maia.rodrigues@g.globo";"Plataformas De Produção";"PLAT. DE PÓS-PROD. E DESIGN";"SOLUÇÃO";"RCGDF10013059";"";"";"RAFAEL ROSADO";"APPROVED";"Aberto";"APPROVED";"APPROVED";2026-09-15 00:00:00,000;"ISESC (TECNOLOGIA) - Obsolescência Telas Estudio Regionais - BSA - AQUISIÇÃO DE CONVERSOR HDMI SDI PARA A TELA DA SALA VIP DE BSA - [SOLUÇÃO]";2026-09-28 00:00:00,000;2026-09-24 00:00:00,000;;3816
"30829";"Obsolescência Telas Estudio Regionais - BSA";"julia.maia.rodrigues@g.globo";"Plataformas De Produção";"PLAT. DE PÓS-PROD. E DESIGN";"SOLUÇÃO";"RCGDF10013061";"OCGCP10729019";"PAIXAO DISTRIBUICAO E COMERCIO LTDA";"JOSE MARIA AGUIAR AZEVEDO JUNIOR";"OPEN";"Aberto";"OPEN";"APPROVED";2026-09-25 00:00:00,000;"ISESC (TECNOLOGIA) - Obsolescência Telas Estudio Regionais - BSA - AQUISIÇÃO DE SMART TV 98"" ULTRA 4K - [SOLUÇÃO]";2026-09-22 00:00:00,000;2026-10-24 00:00:00,000;2026-10-24 00:00:00,000;24000
"22428";"Obsolescência Troca do filtro do glass";"arthurnsantos@g.globo";"Plataformas De Produção";"PLAT. DE CAPTAÇÃO E PRODUÇÃO";"SOLUÇÃO";"RCGRJ10365392";"OCGCP10363316";"POLICRIL ARTEFATOS DE ACRILICOS LTDA";"KENYA VIANA SOARES MARQUES";"OPEN";"Aberto";"OPEN";"APPROVED";2024-05-01 00:00:00,000;"ISESC (TECNOLOGIA) - FILTRO ND GLASS - AQUISIÇÃO DOS ACRILICOS PARA O GLASS JB - POLICRIL - ACGC10003711";2024-05-01 00:00:00,000;2024-05-30 00:00:00,000;2024-05-30 00:00:00,000;0,47
"22428";"Obsolescência Troca do filtro do glass";"arthurnsantos@g.globo";"Plataformas De Produção";"PLAT. DE CAPTAÇÃO E PRODUÇÃO";"SOLUÇÃO";"RCGRJ10373395";"OCGCP10372286";"JM CENOGRAFIA LTDA";"MARIA ROSA VAZ DA SILVA";"CLOSED FOR RECEIVING";"Aberto";"CLOSED FOR RECEIVING";"APPROVED";2024-05-24 00:00:00,000;"ISESC (TECNOLOGIA) - FILTRO ND GLASS - CAVALETES PARA GLASS JB - [JM CENOGRAFIA]";2024-05-24 00:00:00,000;2024-06-23 00:00:00,000;2024-06-23 00:00:00,000;1,43
"22428";"Obsolescência Troca do filtro do glass";"arthurnsantos@g.globo";"Plataformas De Produção";"PLAT. DE CAPTAÇÃO E PRODUÇÃO";"SOLUÇÃO";"RCGRJ10392000";"OCGCP10393065";"POLICRIL ARTEFATOS DE ACRILICOS LTDA";"KENYA VIANA SOARES MARQUES";"OPEN";"Aberto";"OPEN";"APPROVED";2024-07-15 00:00:00,000;"ISESC (TECNOLOGIA) - FILTRO ND GLASS - AQUISIÇÃO DOS  PERFIS DE ACRILICOS PARA O GLASS SP- POLICRIL - ACGC10003711";2024-07-15 00:00:00,000;2024-08-14 00:00:00,000;2024-08-14 00:00:00,000;0,29
"22428";"Obsolescência Troca do filtro do glass";"arthurnsantos@g.globo";"Plataformas De Produção";"PLAT. DE CAPTAÇÃO E PRODUÇÃO";"SOLUÇÃO";"RCGSP10039104";"OCGCP10363317";"POLICRIL ARTEFATOS DE ACRILICOS LTDA";"KENYA VIANA SOARES MARQUES";"OPEN";"Aberto";"OPEN";"APPROVED";2024-05-01 00:00:00,000;"ISESC (TECNOLOGIA) - FILTRO ND GLASS - AQUISIÇÃO DOS ACRILICOS PARA O GLASS SP - [POLICRIL] - ACGC10003711";2024-05-01 00:00:00,000;2024-05-30 00:00:00,000;2024-05-30 00:00:00,000;0,31
"16079";"Obsolescência UPPs Dramaturgia (2023)";"fparisi@g.globo";"Plataformas De Produção";"PLAT. DE CAPTAÇÃO E PRODUÇÃO";"SOLUÇÃO";"RCGRJ10211227";"OCGCP10234450";"NTT BRASIL COMERCIO E SERVICOS DE TECNOLOGIA LTDA";"CONRADO PERDIGAO FERRANTE";"CLOSED FOR RECEIVING";"Aberto";"CLOSED FOR RECEIVING";"APPROVED";2023-07-03 00:00:00,000;"INFRAESTRUTURA E SEGURANÇA (TECNOLOGIA) -  Obsolescência UPPs Dramaturgia (2023) - MDO 23 - Infra - NTT";2023-07-03 00:00:00,000;2023-06-25 00:00:00,000;2023-06-25 00:00:00,000;22085,58
"16079";"Obsolescência UPPs Dramaturgia (2023)";"fparisi@g.globo";"Plataformas De Produção";"PLAT. DE CAPTAÇÃO E PRODUÇÃO";"SOLUÇÃO";"RCGRJ10256286";"OCGCP10247513";"EPITOMIK AUDIO E VIDEO PRODUTOS ELETRONICOS LTDA";"CAROLINE RIBEIRO QUEIROZ";"OPEN";"Aberto";"OPEN";"APPROVED";2023-07-31 00:00:00,000;"INFRAESTRUTURA E SEGURANÇA (TECNOLOGIA) - Obsolescência UPPs Dramaturgia (2023) - Cabos DC- [LAIRD]";2023-07-31 00:00:00,000;2023-08-14 00:00:00,000;2023-08-14 00:00:00,000;1458
"16079";"Obsolescência UPPs Dramaturgia (2023)";"fparisi@g.globo";"Plataformas De Produção";"PLAT. DE CAPTAÇÃO E PRODUÇÃO";"SOLUÇÃO";"RCGRJ10324791";"OCGCP10328979";"STORM DEVELOPMENT LTDA";"PAULA REGIS QUEIROZ AFONSO MUNIZ";"CLOSED FOR RECEIVING";"Aberto";"CLOSED FOR RECEIVING";"APPROVED";2024-02-06 00:00:00,000;"ISESC (TECNOLOGIA) - Obsolescência Crítica Recife / Câmeras de Estúdios Regionais / Obsol. UPPs Dramaturgia(2023) / BBB Página em Branco Fase 2 / Ilumin. EST-F JB-Cidade CEN.EG / Ilumin. Est-B(BSA) / Sist. Panic do JB - MDO STORM JAN/FEV24";2024-02-06 00:00:00,000;2024-02-16 00:00:00,000;2024-02-16 00:00:00,000;1657,78
"16093";"Obsolescência Vantage CPP";"rodrigo.freitas@g.globo";"Plataformas De Produção";"PLAT. DE PÓS-PROD. E DESIGN";"SOLUÇÃO";"RCGRJ10192254";"OCGCP10187443";"AD DIGITAL COMERCIO DE ELETRONICOS LTDA";"MONIQUE MALTA DA SILVA FERNANDES MACHADO";"CLOSED FOR RECEIVING";"Aberto";"CLOSED FOR RECEIVING";"APPROVED";2023-03-16 00:00:00,000;"INFRAESTRUTURA E SEGURANÇA (TECNOLOGIA) - MDO 23 - Pós Produção - parte 1 - Analista de Sol. Midias Sr. PJ";2023-03-16 00:00:00,000;2023-03-27 00:00:00,000;2023-03-27 00:00:00,000;2512,28
"16093";"Obsolescência Vantage CPP";"rodrigo.freitas@g.globo";"Plataformas De Produção";"PLAT. DE PÓS-PROD. E DESIGN";"SOLUÇÃO";"RCGRJ10192263";"OCGCP10188818";"AD DIGITAL COMERCIO DE ELETRONICOS LTDA";"MONIQUE MALTA DA SILVA FERNANDES MACHADO";"CLOSED FOR RECEIVING";"Aberto";"CLOSED FOR RECEIVING";"APPROVED";2023-03-17 00:00:00,000;"INFRAESTRUTURA E SEGURANÇA (TECNOLOGIA) - MDO 23 - Pós Produção - parte 1 - ASM2 SR PJ";2023-03-17 00:00:00,000;2023-03-27 00:00:00,000;2023-03-27 00:00:00,000;2073,59
"16093";"Obsolescência Vantage CPP";"rodrigo.freitas@g.globo";"Plataformas De Produção";"PLAT. DE PÓS-PROD. E DESIGN";"SOLUÇÃO";"RCGRJ10226854";"OCGCP10222081";"AD DIGITAL COMERCIO DE ELETRONICOS LTDA";"MONIQUE MALTA DA SILVA FERNANDES MACHADO";"CLOSED FOR RECEIVING";"Aberto";"CLOSED FOR RECEIVING";"APPROVED";2023-06-02 00:00:00,000;"INFRAESTRUTURA E SEGURANÇA (TECNOLOGIA) - Obsolescência Vantage CPP - MDO 23 - Infra - AD";2023-06-02 00:00:00,000;2023-06-18 00:00:00,000;2023-06-18 00:00:00,000;699,94
"16093";"Obsolescência Vantage CPP";"rodrigo.freitas@g.globo";"Plataformas De Produção";"PLAT. DE PÓS-PROD. E DESIGN";"INSTALAÇÃO";"RCGRJ10550560";"OCGCP10564799";"NEWSCON SOLUCOES E COMERCIO DE TELEINFORMATICA LTDA";"THAIS OLIVEIRA SPEZANI";"CLOSED FOR RECEIVING";"Aberto";"CLOSED FOR RECEIVING";"APPROVED";2025-08-15 00:00:00,000;"ISESC (TECNOLOGIA) - OBSOLESCÊNCIA VANTAGE CPP - SOLUÇÃO INSTALAÇÃO - NEWSCON";2025-08-15 00:00:00,000;2025-09-14 00:00:00,000;2025-09-14 00:00:00,000;5510,36
"10785";"Operação Remota BSA x JB";"rodrigo.ogura@g.globo";"Plataformas De Produção";"PLAT. DE CAPTAÇÃO E PRODUÇÃO";"SOLUÇÃO";"RCGRJ10153662";"OCGCP10196153";"AD DIGITAL COMERCIO DE ELETRONICOS LTDA";"MONIQUE MALTA DA SILVA FERNANDES MACHADO";"CLOSED FOR RECEIVING";"Aberto";"CLOSED FOR RECEIVING";"APPROVED";2023-04-03 00:00:00,000;"INFRAESTRUTURA E SEGURANÇA (TECNOLOGIA) - OPERAÇÃO REMOTA BSA X JB - MDO SUPORTE - FORNECEDOR AD DIGITAL - [SUPORTE]";2022-12-15 00:00:00,000;2022-12-23 00:00:00,000;2022-12-23 00:00:00,000;8386,88
"10785";"Operação Remota BSA x JB";"rodrigo.ogura@g.globo";"Plataformas De Produção";"PLAT. DE CAPTAÇÃO E PRODUÇÃO";"SOLUÇÃO";"RCGRJ10153665";"OCGCP10196162";"AD DIGITAL COMERCIO DE ELETRONICOS LTDA";"MONIQUE MALTA DA SILVA FERNANDES MACHADO";"CLOSED FOR RECEIVING";"Aberto";"CLOSED FOR RECEIVING";"APPROVED";2023-04-03 00:00:00,000;"INFRAESTRUTURA E SEGURANÇA (TECNOLOGIA) - OPERAÇÃO REMOTA BSA X JB - MDO SUPORTE - FORNECEDOR AD DIGITAL - [SUPORTE]";2022-12-15 00:00:00,000;2022-12-23 00:00:00,000;2022-12-23 00:00:00,000;2152,63
"20872";"PAM do Futuro - Inews";"lai@g.globo";"Plataformas De Produção";"PLAT. DE PÓS-PROD. E DESIGN";"SOLUÇÃO";"RCGRJ10356477";"OCGCP10355590";"CENTRAL DE FESTAS GASTRONOMIA CRIATIVA LTDA";"KELEN CRISTINA FERRARI";"CLOSED";"Fechado";"CLOSED";"APPROVED";2024-04-10 00:00:00,000;"Café e água JB - Mar/24";2024-04-10 00:00:00,000;2024-04-09 00:00:00,000;2024-04-09 00:00:00,000;0,04
"20871";"PAM do Futuro - Ingest";"priscila.david@g.globo";"Plataformas De Produção";"PLAT. DE PÓS-PROD. E DESIGN";"MDO";"RCGRJ10415623";"OCGCP10438062";"AD DIGITAL COMERCIO DE ELETRONICOS LTDA";"MONIQUE MALTA DA SILVA FERNANDES MACHADO";"CLOSED FOR RECEIVING";"Aberto";"CLOSED FOR RECEIVING";"APPROVED";2024-10-25 00:00:00,000;"ISESC (TECNOLOGIA) - NOVO CENÁRIO JG, PAM DO FUTURO – INGEST E OBSOLESCÊNCIA - SONORIZAÇÃO 2024  - MDO - NOVEMBRO/24 A FEVEREIRO/25 - RC3-83 - AD DIGITAL COMERCIO DE ELETRONICOS LTDA";2024-10-25 00:00:00,000;2024-10-16 00:00:00,000;2024-10-16 00:00:00,000;1620,45
"20873";"PAM do Futuro - Plataforma de Revisão e Aprovação (FrameIO)";"rodrigo.freitas@g.globo";"Plataformas De Produção";"PLAT. DE PÓS-PROD. E DESIGN";"SOLUÇÃO";"RCGRJ10528230";"OCGCP10539693";"VATTIMO MANUTENCOES LTDA ME";"RAPHAEL BAPTISTA DA SILVA";"CLOSED FOR RECEIVING";"Aberto";"CLOSED FOR RECEIVING";"APPROVED";2025-06-18 00:00:00,000;"ISESC (TECNOLOGIA) - FRAME IO - Serviços Inspeções Termográficas - MG4 EST-H - Preventiva - Análise térmicas conexões de alimentação - VATTIMO";2025-06-17 00:00:00,000;2025-07-17 00:00:00,000;2025-07-17 00:00:00,000;1799
"25946";"PAM do Futuro - PoC";"lai@g.globo";"Plataformas De Produção";"PLAT. DE PÓS-PROD. E DESIGN";"SOLUÇÃO";"RCGMG10013224";"OCGCP10643686";"CROSSPOINT ELETRONICA LTDA";"PATRICIA DE LIMA ALVES";"CLOSED FOR RECEIVING";"Aberto";"CLOSED FOR RECEIVING";"APPROVED";2026-03-03 00:00:00,000;"PLAT. PROD (TECNOLOGIA) - PAM DO FUTURO IMPLANTAÇÃO - SERVICO SUPORTE SAGA&MIMIR [CIS]";2026-02-27 00:00:00,000;2026-03-28 00:00:00,000;2026-05-08 00:00:00,000;4027,97
"25946";"PAM do Futuro - PoC";"lai@g.globo";"Plataformas De Produção";"PLAT. DE PÓS-PROD. E DESIGN";"SOLUÇÃO";"RCGMG10013479";"OCGCP10658632";"Fonn Group AS";"PATRICIA DE LIMA ALVES";"CLOSED FOR RECEIVING";"Aberto";"CLOSED FOR RECEIVING";"APPROVED";2026-04-07 00:00:00,000;"PLAT. PROD (TECNOLOGIA) - PAM DO FUTURO IMPLANTAÇÃO - SERVICO TREINAMENTO [FONNGROUP]";2026-04-06 00:00:00,000;2026-05-01 00:00:00,000;2026-05-30 00:00:00,000;1315,64
"25946";"PAM do Futuro - PoC";"lai@g.globo";"Plataformas De Produção";"PLAT. DE PÓS-PROD. E DESIGN";"SOLUÇÃO";"RCGMG10014755";"";"Fonn Group AS";"BRUNO DOMINGOS SIMOES";"APPROVED";"Aberto";"APPROVED";"APPROVED";2026-09-14 00:00:00,000;"PLATAFORMA CORE&SI - TECNOLOGIA - PAM DO FUTURO -EXTENSAO MVP - FONN GROUP";2026-09-24 00:00:00,000;2026-09-23 00:00:00,000;;746174,60000000009
"25946";"PAM do Futuro - PoC";"lai@g.globo";"Plataformas De Produção";"PLAT. DE PÓS-PROD. E DESIGN";"MDO";"RCGRJ10538834";"OCGCP10554511";"AD DIGITAL COMERCIO DE ELETRONICOS LTDA";"MONIQUE MALTA DA SILVA FERNANDES MACHADO";"CLOSED FOR RECEIVING";"Aberto";"CLOSED FOR RECEIVING";"APPROVED";2025-07-22 00:00:00,000;"ISESC (TECNOLOGIA) - PAM DO FUTURO - IMPLANTAÇÃO - RESERVA MDO - RC10061 - AD DIGITAL COMERCIO DE ELETRONICOS LTDA";2025-07-22 00:00:00,000;2025-08-14 00:00:00,000;2025-08-14 00:00:00,000;7973,4
"20875";"PAM do Futuro - Revisão dos MAMs";"priscila.david@g.globo";"Plataformas De Produção";"PLAT. DE PÓS-PROD. E DESIGN";"MDO";"RCGRJ10442348";"OCGCP10453096";"AD DIGITAL COMERCIO DE ELETRONICOS LTDA";"MONIQUE MALTA DA SILVA FERNANDES MACHADO";"CLOSED FOR RECEIVING";"Aberto";"CLOSED FOR RECEIVING";"APPROVED";2024-12-03 00:00:00,000;"ISESC (TECNOLOGIA) - PAM DO FUTURO - REVISÃO DOS MAMS -OBSOLESCÊNCIA - EDIÇÃO 2024 - RC1-AD - AD DIGITAL";2024-12-03 00:00:00,000;2024-12-14 00:00:00,000;2024-12-14 00:00:00,000;24,73
"30778";"Plataforma de Controles BH";"victor.chagas@g.globo";"Plataformas De Produção";"PLAT. DE CAPTAÇÃO E PRODUÇÃO";"SOLUÇÃO";"RCGDF10012597";"OCGCP10716937";"GBS Trading LLC";"MARIANA GYBSON DE CARVALHO FONSECA";"OPEN";"Aberto";"OPEN";"APPROVED";2026-08-27 00:00:00,000;"PLATAFORMAS DE PRODUÇÃO (TECNOLOGIA) - PLATAFORMA DE CONTROLES BH -CONVERSORES NDI/SDI PARA AIO BSB - CCATECH";2026-08-24 00:00:00,000;2026-09-15 00:00:00,000;2026-10-02 00:00:00,000;256046,20999999996
"30778";"Plataforma de Controles BH";"victor.chagas@g.globo";"Plataformas De Produção";"PLAT. DE CAPTAÇÃO E PRODUÇÃO";"SOLUÇÃO";"RCGDF10012597";"OCGCP10716937";"GBS Trading LLC";"MARIANA GYBSON DE CARVALHO FONSECA";"OPEN";"Aberto";"OPEN";"APPROVED";2026-08-27 00:00:00,000;"PLATAFORMAS DE PRODUÇÃO (TECNOLOGIA) - PLATAFORMA DE CONTROLES BH -CONVERSORES NDI/SDI PARA AIO BSB - CCATECH";2026-08-24 00:00:00,000;2026-09-17 00:00:00,000;2026-10-02 00:00:00,000;18074,7
"30778";"Plataforma de Controles BH";"victor.chagas@g.globo";"Plataformas De Produção";"PLAT. DE CAPTAÇÃO E PRODUÇÃO";"SOLUÇÃO";"RCGDF10012860";"OCGCP10712811";"AGIS EQUIPAMENTOS E SERVICOS DE INFORMATICA LTDA.";"PAULA CRISTINA CORREIA FRANCISCO MELO";"CLOSED FOR RECEIVING";"Aberto";"CLOSED FOR RECEIVING";"APPROVED";2026-08-17 00:00:00,000;"PLATAFORMAS DE PRODUÇÃO (TECNOLOGIA) -PLATAFORMA DE CONTROLES BH - LICENÇA COMPUTADOR LENOVO – BSB";2026-08-17 00:00:00,000;2026-09-16 00:00:00,000;2026-09-16 00:00:00,000;900,95
"30778";"Plataforma de Controles BH";"victor.chagas@g.globo";"Plataformas De Produção";"PLAT. DE CAPTAÇÃO E PRODUÇÃO";"SOLUÇÃO";"RCGMG10014055";"OCGCP10693856";"AD DIGITAL INTERNATIONAL CORP";"MARIANA GYBSON DE CARVALHO FONSECA";"OPEN";"Aberto";"OPEN";"APPROVED";2026-06-30 00:00:00,000;"PLATAFORMAS DE PRODUÇÃO (TECNOLOGIA) - PLATAFORMA DE CONTROLES BH - PATCH PANEL DE AUDIO - GLOBAL BROADCAST";2026-06-29 00:00:00,000;2026-09-01 00:00:00,000;2026-08-14 00:00:00,000;151484,71
"30778";"Plataforma de Controles BH";"victor.chagas@g.globo";"Plataformas De Produção";"PLAT. DE CAPTAÇÃO E PRODUÇÃO";"SOLUÇÃO";"RCGMG10014231";"OCGCP10702892";"Arkona Technologies GmbH";"BRUNO DOMINGOS SIMOES";"OPEN";"Aberto";"OPEN";"APPROVED";2026-07-21 00:00:00,000;"PLATAFORMAS DE PRODUÇÃO (TECNOLOGIA) - PLATAFORMA DE CONTROLES BH - ARKONA PARA CORE IP BH - SAVANA";2026-07-15 00:00:00,000;2026-08-12 00:00:00,000;2026-10-15 00:00:00,000;503264,16000000003
"30778";"Plataforma de Controles BH";"victor.chagas@g.globo";"Plataformas De Produção";"PLAT. DE CAPTAÇÃO E PRODUÇÃO";"SOLUÇÃO";"RCGMG10014258";"OCGCP10701518";"PAIXAO DISTRIBUICAO E COMERCIO LTDA";"RAFAEL LOPES ROSADO";"OPEN";"Aberto";"OPEN";"APPROVED";2026-07-17 00:00:00,000;"PLATAFORMAS DE PRODUÇÃO (TECNOLOGIA) - PLATAFORMAS DE CONTROLES - BH - CONECTORES DB PARA USO NO ÁUDIO DO CONTROLE PROVISÓRIO";2026-07-17 00:00:00,000;2026-08-14 00:00:00,000;2026-08-07 00:00:00,000;183,38
"30778";"Plataforma de Controles BH";"victor.chagas@g.globo";"Plataformas De Produção";"PLAT. DE CAPTAÇÃO E PRODUÇÃO";"SOLUÇÃO";"RCGMG10014258";"OCGCP10701518";"PAIXAO DISTRIBUICAO E COMERCIO LTDA";"RAFAEL LOPES ROSADO";"OPEN";"Aberto";"OPEN";"APPROVED";2026-07-17 00:00:00,000;"PLATAFORMAS DE PRODUÇÃO (TECNOLOGIA) - PLATAFORMAS DE CONTROLES - BH - CONECTORES DB PARA USO NO ÁUDIO DO CONTROLE PROVISÓRIO";2026-07-17 00:00:00,000;2026-08-14 00:00:00,000;2026-08-14 00:00:00,000;9,54
"30778";"Plataforma de Controles BH";"victor.chagas@g.globo";"Plataformas De Produção";"PLAT. DE CAPTAÇÃO E PRODUÇÃO";"SOLUÇÃO";"RCGMG10014268";"OCGCP10701691";"PAIXAO DISTRIBUICAO E COMERCIO LTDA";"JOSE MARIA AGUIAR AZEVEDO JUNIOR";"OPEN";"Aberto";"OPEN";"APPROVED";2026-07-17 00:00:00,000;"PLATAFORMAS DE PRODUÇÃO (TECNOLOGIA) - PLATAFORMAS DE CONTROLES BH - MATERIAIS DE INTEGRAÇÃO - PAIXAO DISTRIBUIDORA";2026-07-16 00:00:00,000;2026-08-15 00:00:00,000;2026-08-15 00:00:00,000;2994
"30778";"Plataforma de Controles BH";"victor.chagas@g.globo";"Plataformas De Produção";"PLAT. DE CAPTAÇÃO E PRODUÇÃO";"SOLUÇÃO";"RCGMG10014272";"OCGCP10703546";"CLEARCOM LLC";"PAULA CRISTINA CORREIA FRANCISCO MELO";"OPEN";"Aberto";"OPEN";"APPROVED";2026-07-22 00:00:00,000;"PLATAFORMAS DE PRODUÇÃO (TECNOLOGIA) - PLATAFORMAS DE CONTROLES - BH - PAINEIS DE COMUNICAÇÃO PARA O CONTROLE A DE BH - CLEARCOM";2026-07-21 00:00:00,000;2026-08-15 00:00:00,000;2026-09-11 00:00:00,000;466172,59
"30778";"Plataforma de Controles BH";"victor.chagas@g.globo";"Plataformas De Produção";"PLAT. DE CAPTAÇÃO E PRODUÇÃO";"SOLUÇÃO";"RCGMG10014689";"OCGCP10721674";"TELLYCOM BRASIL LTDA.";"PAULA CRISTINA CORREIA FRANCISCO MELO";"OPEN";"Aberto";"OPEN";"APPROVED";2026-09-09 00:00:00,000;"PLATAFORMAS DE PRODUÇÃO (TECNOLOGIA) - PLATAFORMAS DE CONTROLES BH - MATERIAL DE FIBRAS E SFP PARA COT BH - TELLYCOM";2026-09-04 00:00:00,000;2026-10-03 00:00:00,000;2026-10-30 00:00:00,000;1560,55
"30778";"Plataforma de Controles BH";"victor.chagas@g.globo";"Plataformas De Produção";"PLAT. DE CAPTAÇÃO E PRODUÇÃO";"SOLUÇÃO";"RCGMG10014689";"OCGCP10721674";"TELLYCOM BRASIL LTDA.";"PAULA CRISTINA CORREIA FRANCISCO MELO";"OPEN";"Aberto";"OPEN";"APPROVED";2026-09-09 00:00:00,000;"PLATAFORMAS DE PRODUÇÃO (TECNOLOGIA) - PLATAFORMAS DE CONTROLES BH - MATERIAL DE FIBRAS E SFP PARA COT BH - TELLYCOM";2026-09-04 00:00:00,000;2026-10-03 00:00:00,000;2026-10-07 00:00:00,000;16734,53
"30778";"Plataforma de Controles BH";"victor.chagas@g.globo";"Plataformas De Produção";"PLAT. DE CAPTAÇÃO E PRODUÇÃO";"SOLUÇÃO";"RCGMG10014778";"OCGCP10727149";"EPITOMIK AUDIO E VIDEO PRODUTOS ELETRONICOS LTDA";"RAFAEL LOPES ROSADO";"OPEN";"Aberto";"OPEN";"APPROVED";2026-09-21 00:00:00,000;"PLATAFORMAS DE PRODUÇÃO (TECNOLOGIA) - PLATAFORMAS DE CONTROLES BH - SPLITTER PARA MICROFONES - ART S8 3WAY";2026-09-17 00:00:00,000;2026-09-30 00:00:00,000;2026-10-14 00:00:00,000;4346
"30778";"Plataforma de Controles BH";"victor.chagas@g.globo";"Plataformas De Produção";"PLAT. DE CAPTAÇÃO E PRODUÇÃO";"SOLUÇÃO";"RCGMG10014787";"";"PEREIRA LIRIO REFORMA DE MOVEIS LTDA";"JOSE MARIA AZEVEDO JUNIOR";"APPROVED";"Aberto";"APPROVED";"APPROVED";2026-09-17 00:00:00,000;"ISESC (TECNOLOGIA) - PLATAFORMA DE CONTROLES BH - FABRICAÇÃO DAS CONSOLES PARA COT BH - LIRIO MOVEIS";2026-09-17 00:00:00,000;2026-11-16 00:00:00,000;;94000
"30778";"Plataforma de Controles BH";"victor.chagas@g.globo";"Plataformas De Produção";"PLAT. DE CAPTAÇÃO E PRODUÇÃO";"SOLUÇÃO";"RCGMG10014825";"";"A M PROJETOS E SERVICOSS LTDA";"JOSE MARIA AZEVEDO JUNIOR";"APPROVED";"Aberto";"APPROVED";"APPROVED";2026-09-22 00:00:00,000;"ISESC (TECNOLOGIA) - PLATAFORMA DE CONTROLES BH - MONTAGEM MONWALL PARA COT BH - A M PROJETOS E SERVIÇOS";2026-09-24 00:00:00,000;2026-11-16 00:00:00,000;;39679
"30778";"Plataforma de Controles BH";"victor.chagas@g.globo";"Plataformas De Produção";"PLAT. DE CAPTAÇÃO E PRODUÇÃO";"SOLUÇÃO";"RCGMG10014832";"OCGCP10730008";"SAVANA COMUNICACOES LTDA";"THAYSA ROCHA FERREIRA";"INCOMPLETE";"Aberto";"OC em aprovação";"APPROVED";2026-09-28 00:00:00,000;"PLATAFORMAS DE PRODUÇÃO (TECNOLOGIA) - PLATAFORMA DE CONTROLES BH - SUPERFÍCIES DE CONTROLE PARA ALL IN ONE BH - SAVANA [SOLUÇÃO]";2026-09-28 00:00:00,000;2026-10-22 00:00:00,000;2026-10-22 00:00:00,000;69664,94
"30778";"Plataforma de Controles BH";"victor.chagas@g.globo";"Plataformas De Produção";"PLAT. DE CAPTAÇÃO E PRODUÇÃO";"SOLUÇÃO";"RCGMG10014837";"";"MARKERTEK VIDEO SUPPLY";"CONECTA ERP";"APPROVED";"Aberto";"APPROVED";"APPROVED";2026-09-23 00:00:00,000;"PLATAFORMAS DE PRODUÇÃO (TECNOLOGIA) - PLATAFORMA DE CONTROLES BH -ANTENAS PARA O SISTEMA DE REFERÊNCIA PTP - BRAINSTORM";2026-09-28 00:00:00,000;2026-10-21 00:00:00,000;;4309,31
"30778";"Plataforma de Controles BH";"victor.chagas@g.globo";"Plataformas De Produção";"PLAT. DE CAPTAÇÃO E PRODUÇÃO";"SOLUÇÃO";"RCGMG10014853";"";"GP CABLING DISTRIBUIDORA E COMERCIO LTDA";"CONECTA ERP";"APPROVED";"Aberto";"APPROVED";"APPROVED";2026-09-24 00:00:00,000;"PLATAFORMAS DE PRODUÇÃO (TECNOLOGIA) - PLATAFORMA DE CONTROLES BH - MATERIAL DE INTEGRAÇÃO PARA COT BH - GP CABLING [SOLUÇÃO]";2026-09-28 00:00:00,000;2026-10-24 00:00:00,000;;2450,44
"30778";"Plataforma de Controles BH";"victor.chagas@g.globo";"Plataformas De Produção";"PLAT. DE CAPTAÇÃO E PRODUÇÃO";"SOLUÇÃO";"RCGMG10014854";"";"AD DIGITAL COMERCIO DE ELETRONICOS LTDA";"MONIQUE MALTA DA SILVA FERNANDES MACHADO";"APPROVED";"Aberto";"APPROVED";"APPROVED";2026-09-24 00:00:00,000;"PLATAFORMAS DE PRODUÇÃO (TECNOLOGIA) - PLATAFORMA DE CONTROLES BH - SNP PARA USO COMO PROC O PARA COT BH - AD DIGITAL [SOLUÇÃO]";2026-09-24 00:00:00,000;2026-10-24 00:00:00,000;;396929,57
"30778";"Plataforma de Controles BH";"victor.chagas@g.globo";"Plataformas De Produção";"PLAT. DE CAPTAÇÃO E PRODUÇÃO";"SOLUÇÃO";"RCGMG10014856";"";"DELL COMPUTADORES DO BRASIL LTDA";"CONECTA ERP";"APPROVED";"Aberto";"APPROVED";"APPROVED";2026-09-24 00:00:00,000;"PLATAFORMAS DE PRODUÇÃO (TECNOLOGIA) - PLATAFORMA DE CONTROLES BH - MONITOR PARA SALA DIAMANTINA - DELL [SOLUÇÃO]";2026-09-25 00:00:00,000;2026-10-24 00:00:00,000;;1600
"30778";"Plataforma de Controles BH";"victor.chagas@g.globo";"Plataformas De Produção";"PLAT. DE CAPTAÇÃO E PRODUÇÃO";"SOLUÇÃO";"RCGMG10014858";"";"";"BRUNO DOMINGOS SIMOES";"APPROVED";"Aberto";"APPROVED";"APPROVED";2026-09-24 00:00:00,000;"PLATAFORMAS DE PRODUÇÃO (TECNOLOGIA) - PLATAFORMA DE CONTROLES BH - CÂMERA SONY PARA SALA DIAMANTINA BH - SONY [SOLUÇÃO]";2026-09-24 00:00:00,000;2026-10-24 00:00:00,000;;24807,82
"30778";"Plataforma de Controles BH";"victor.chagas@g.globo";"Plataformas De Produção";"PLAT. DE CAPTAÇÃO E PRODUÇÃO";"SOLUÇÃO";"RCGMG10014858";"";"SONY LATIN AMERICA INC";"BRUNO DOMINGOS SIMOES";"APPROVED";"Aberto";"APPROVED";"APPROVED";2026-09-24 00:00:00,000;"PLATAFORMAS DE PRODUÇÃO (TECNOLOGIA) - PLATAFORMA DE CONTROLES BH - CÂMERA SONY PARA SALA DIAMANTINA BH - SONY [SOLUÇÃO]";2026-09-24 00:00:00,000;2026-10-24 00:00:00,000;;90337,07
"30778";"Plataforma de Controles BH";"victor.chagas@g.globo";"Plataformas De Produção";"PLAT. DE CAPTAÇÃO E PRODUÇÃO";"SOLUÇÃO";"RCGMG10014860";"";"";"VICTOR TAVARES MACHADO";"PENDING APPROVAL";"Em aprovação";"PENDING APPROVAL";"PENDING APPROVAL";2026-09-24 00:00:00,000;"PLATAFORMAS DE PRODUÇÃO (TECNOLOGIA) - PLATAFORMA DE CONTROLES BH - INTERFACE GLENSOUND PARA SALA DIAMANTINA BH - GLENSOUND [SOLUÇÃO]";;2026-10-24 00:00:00,000;;80800,2
"30778";"Plataforma de Controles BH";"victor.chagas@g.globo";"Plataformas De Produção";"PLAT. DE CAPTAÇÃO E PRODUÇÃO";"SOLUÇÃO";"RCGMG10014872";"";"GRUPO MULTILASER S.A.";"MATHEUS OLIVEIRA DE JESUS SILVA";"APPROVED";"Aberto";"APPROVED";"APPROVED";2026-09-25 00:00:00,000;"PLATAFORMAS DE PRODUÇÃO (TECNOLOGIA) - PLATAFORMA DE CONTROLES BH - FONE E MICROFONE PARA SALA DIAMANTINA BH - MULTILASER";2026-09-28 00:00:00,000;2026-10-25 00:00:00,000;;13380,75
"30778";"Plataforma de Controles BH";"victor.chagas@g.globo";"Plataformas De Produção";"PLAT. DE CAPTAÇÃO E PRODUÇÃO";"SOLUÇÃO";"RCGPE10011899";"OCGCP10711399";"GBS Trading LLC";"BRUNO DOMINGOS SIMOES";"OPEN";"Aberto";"OPEN";"APPROVED";2026-08-12 00:00:00,000;"PLATAFORMAS DE PRODUÇÃO (TECNOLOGIA) - PLATAFORMA DE CONTROLES BH - CONVERSORES NDI PARA AIO RECIFE - AD DIGITAL";2026-08-11 00:00:00,000;2026-08-09 00:00:00,000;2026-10-20 00:00:00,000;2044,9
"30778";"Plataforma de Controles BH";"victor.chagas@g.globo";"Plataformas De Produção";"PLAT. DE CAPTAÇÃO E PRODUÇÃO";"SOLUÇÃO";"RCGPE10012187";"OCGCP10729519";"CONVERGINT COMERCIO E SERVICOS DE TECNOLOGIA LTDA";"DIEGO DE CASTILHO GIOVANNI";"OPEN";"Aberto";"OPEN";"APPROVED";2026-09-28 00:00:00,000;"SEGURANÇA EMPRESARIAL SEG.ELE | OPERACIONAL: AQUISIÇÃO E INSTALAÇÃO DE CÂMERAS E EQUIPAMENTOS DE CONTROLE DE ACESSO PARA O PROJETO ALL IN ONE RECIFE.";2026-09-08 00:00:00,000;2026-12-04 00:00:00,000;2026-12-04 00:00:00,000;36677,81
"30778";"Plataforma de Controles BH";"victor.chagas@g.globo";"Plataformas De Produção";"PLAT. DE CAPTAÇÃO E PRODUÇÃO";"SOLUÇÃO";"RCGRJ10629265";"OCGCP10659454";"GRASS VALLEY AQUISICAO DE MEDIA LTDA.";"THAYSA ROCHA FERREIRA";"CLOSED FOR RECEIVING";"Aberto";"CLOSED FOR RECEIVING";"APPROVED";2026-04-08 00:00:00,000;"ISESC (TECNOLOGIA) - Plataforma de Controles BH  - PAINÉIS LIVE TOUCH    - (GRASS VALLEY  [SOLUÇÃO])";2026-03-24 00:00:00,000;2026-05-22 00:00:00,000;2026-05-22 00:00:00,000;68942,16
"30778";"Plataforma de Controles BH";"victor.chagas@g.globo";"Plataformas De Produção";"PLAT. DE CAPTAÇÃO E PRODUÇÃO";"INSTALAÇÃO";"RCGRJ10629445";"OCGCP10653247";"V74 SOLUCOES E SERVICOS LTDA";"PATRICIA DE LIMA ALVES";"CLOSED FOR RECEIVING";"Aberto";"CLOSED FOR RECEIVING";"APPROVED";2026-03-23 00:00:00,000;"PLATAFORMAS DE PRODUÇÃO (TECNOLOGIA) - PLATAFORMA DE CONTROLES BH - RESERVA INSTALAÇÃO - RC12 - CADLAB/V74";2026-03-23 00:00:00,000;2026-04-22 00:00:00,000;2026-04-22 00:00:00,000;35150
"30778";"Plataforma de Controles BH";"victor.chagas@g.globo";"Plataformas De Produção";"PLAT. DE CAPTAÇÃO E PRODUÇÃO";"INSTALAÇÃO";"RCGRJ10629733";"OCGCP10655605";"CENTAURO ENGENHARIA E INFORMATICA LTDA";"CAROLINE LOPES MENDONCA";"CLOSED FOR RECEIVING";"Aberto";"CLOSED FOR RECEIVING";"APPROVED";2026-03-30 00:00:00,000;"PLATAFORMAS DE PRODUÇÃO (TECNOLOGIA) - PLATAFORMA DE CONTROLES BH - INSTALAÇÃO - ID32026";2026-03-30 00:00:00,000;2026-03-25 00:00:00,000;2026-03-25 00:00:00,000;249999,75
"30778";"Plataforma de Controles BH";"victor.chagas@g.globo";"Plataformas De Produção";"PLAT. DE CAPTAÇÃO E PRODUÇÃO";"INSTALAÇÃO";"RCGRJ10629738";"OCGCP10654926";"EXBIZ INTERMEDIACAO DE NEGOCIOS TECNOLOGICOS LTDA";"CAROLINE LOPES MENDONCA";"CLOSED FOR RECEIVING";"Aberto";"CLOSED FOR RECEIVING";"APPROVED";2026-03-27 00:00:00,000;"PLATAFORMAS DE PRODUÇÃO (TECNOLOGIA) - PLATAFORMA DE CONTROLES BH - INSTALAÇÃO - ID62026";2026-03-27 00:00:00,000;2026-03-25 00:00:00,000;2026-03-25 00:00:00,000;112946,93
"30778";"Plataforma de Controles BH";"victor.chagas@g.globo";"Plataformas De Produção";"PLAT. DE CAPTAÇÃO E PRODUÇÃO";"INSTALAÇÃO";"RCGRJ10629739";"OCGCP10656402";"EXBIZ INTERMEDIACAO DE NEGOCIOS TECNOLOGICOS LTDA";"CAROLINE LOPES MENDONCA";"CLOSED FOR RECEIVING";"Aberto";"CLOSED FOR RECEIVING";"APPROVED";2026-03-31 00:00:00,000;"PLATAFORMAS DE PRODUÇÃO (TECNOLOGIA) - PLATAFORMA DE CONTROLES BH - INSTALAÇÃO - ID72026";2026-03-31 00:00:00,000;2026-04-23 00:00:00,000;2026-04-23 00:00:00,000;4786,79
"30778";"Plataforma de Controles BH";"victor.chagas@g.globo";"Plataformas De Produção";"PLAT. DE CAPTAÇÃO E PRODUÇÃO";"INSTALAÇÃO";"RCGRJ10629837";"OCGCP10654839";"CENTAURO ENGENHARIA E INFORMATICA LTDA";"CAROLINE LOPES MENDONCA";"CLOSED FOR RECEIVING";"Aberto";"CLOSED FOR RECEIVING";"APPROVED";2026-03-26 00:00:00,000;"PLATAFORMAS DE PRODUÇÃO (TECNOLOGIA) - PLATAFORMA DE CONTROLES BH - INSTALAÇÃO - ID42026";2026-03-26 00:00:00,000;2026-04-23 00:00:00,000;2026-04-23 00:00:00,000;80398,3
"30778";"Plataforma de Controles BH";"victor.chagas@g.globo";"Plataformas De Produção";"PLAT. DE CAPTAÇÃO E PRODUÇÃO";"MDO";"RCGRJ10639569";"OCGCP10668115";"AD DIGITAL COMERCIO DE ELETRONICOS LTDA";"MONIQUE MALTA DA SILVA FERNANDES MACHADO";"CLOSED FOR RECEIVING";"Aberto";"CLOSED FOR RECEIVING";"APPROVED";2026-04-30 00:00:00,000;"PLATAFORMAS DE PRODUÇÃO (TECNOLOGIA) - PLATAFORMA DE CONTROLES BH - OUTSOURCING - ID492026 - AD DIGITAL";2026-04-30 00:00:00,000;2026-05-20 00:00:00,000;2026-05-20 00:00:00,000;28557,4
"30778";"Plataforma de Controles BH";"victor.chagas@g.globo";"Plataformas De Produção";"PLAT. DE CAPTAÇÃO E PRODUÇÃO";"MDO";"RCGRJ10639585";"OCGCP10668114";"SYS MANAGER INFORMATICA LTDA";"JUAREZ AURELIO TORRES DA SILVA";"CLOSED FOR RECEIVING";"Aberto";"CLOSED FOR RECEIVING";"APPROVED";2026-04-30 00:00:00,000;"PLATAFORMAS DE PRODUÇÃO (TECNOLOGIA) - PLATAFORMA DE CONTROLES BH - OUTSOURCING - ID822026 - SYS MANAGER";2026-04-30 00:00:00,000;2026-05-20 00:00:00,000;2026-05-20 00:00:00,000;14562,42
"30778";"Plataforma de Controles BH";"victor.chagas@g.globo";"Plataformas De Produção";"PLAT. DE CAPTAÇÃO E PRODUÇÃO";"SOLUÇÃO";"RCGRJ10644935";"OCGCP10693489";"NTT BRASIL COMERCIO E SERVICOS DE TECNOLOGIA LTDA";"RAFAEL GOUVEIA DE SOUZA";"CLOSED FOR RECEIVING";"Aberto";"CLOSED FOR RECEIVING";"APPROVED";2026-06-29 00:00:00,000;"ISESC (TECNOLOGIA) - PLATAFORMA DE CONTROLE BH - SWITCHERS CISCO PARA DISTRIBUIÇÃO DE ÁUDIO - NTT";2026-05-12 00:00:00,000;2026-06-05 00:00:00,000;2026-06-05 00:00:00,000;55310
"30778";"Plataforma de Controles BH";"victor.chagas@g.globo";"Plataformas De Produção";"PLAT. DE CAPTAÇÃO E PRODUÇÃO";"SOLUÇÃO";"RCGRJ10687603";"";"";"";"";"Aberto";"";"";2026-09-03 00:00:00,000;"SOLICITAÇÃO DE MATERIAL DE ALMOXARIFADO PARA INTEGRAÇÃO DO NOVO COT DE BH";2026-09-03 00:00:00,000;;;64774,95
"30778";"Plataforma de Controles BH";"victor.chagas@g.globo";"Plataformas De Produção";"PLAT. DE CAPTAÇÃO E PRODUÇÃO";"SOLUÇÃO";"RCGRJ10691315";"";"";"";"";"Aberto";"";"";2026-09-15 00:00:00,000;"Ajuste da RCGRJ10604137";2026-09-15 00:00:00,000;;;1766,15
"30778";"Plataforma de Controles BH";"victor.chagas@g.globo";"Plataformas De Produção";"PLAT. DE CAPTAÇÃO E PRODUÇÃO";"SOLUÇÃO";"RCGRJ10694195";"";"GP CABLING DISTRIBUIDORA E COMERCIO LTDA";"PAULA CRISTINA CORREIA FRANCISCO MELO";"APPROVED";"Aberto";"APPROVED";"APPROVED";2026-09-22 00:00:00,000;"PLATAFORMAS DE PRODUÇÃO (TECNOLOGIA) - PLATAFORMAS DE CONTROLES BH - AQUISIÇÃO DE MATERIAIS PARA INTEGRAÇÃO DO PROJETO- COMMSCOPE [SOLUÇÃO]";2026-09-24 00:00:00,000;2026-10-22 00:00:00,000;;171410
"30778";"Plataforma de Controles BH";"victor.chagas@g.globo";"Plataformas De Produção";"PLAT. DE CAPTAÇÃO E PRODUÇÃO";"SOLUÇÃO";"RCGRJ10694226";"";"VIDEO SUPPLY COMERCIO DE EQUIPAMENTOS LTDA";"CAROLINE MENDONCA";"APPROVED";"Aberto";"APPROVED";"APPROVED";2026-09-22 00:00:00,000;"PLATAFORMAS DE PRODUÇÃO (TECNOLOGIA) - PLATAFORMAS DE CONTROLES BH - AQUISIÇÃO DE MATERIAIS PARA INTEGRAÇÃO DO PROJETO- VIDEO SUPLLY [SOLUÇÃO]";2026-09-24 00:00:00,000;2026-10-22 00:00:00,000;;662500
"30778";"Plataforma de Controles BH";"victor.chagas@g.globo";"Plataformas De Produção";"PLAT. DE CAPTAÇÃO E PRODUÇÃO";"SOLUÇÃO";"RCGRJ10696186";"";"AD DIGITAL COMERCIO DE ELETRONICOS LTDA";"MONIQUE MALTA DA SILVA FERNANDES MACHADO";"PENDING APPROVAL";"Em aprovação";"PENDING APPROVAL";"PENDING APPROVAL";2026-09-28 00:00:00,000;"PLATAFORMAS DE PRODUÇÃO (TECNOLOGIA) - PLATAFORMA DE CONTROLES BH - MDO - AD";;2026-10-07 00:00:00,000;;250000
"30778";"Plataforma de Controles BH";"victor.chagas@g.globo";"Plataformas De Produção";"PLAT. DE CAPTAÇÃO E PRODUÇÃO";"SOLUÇÃO";"RCGRJ10696191";"";"AD DIGITAL COMERCIO DE ELETRONICOS LTDA";"MONIQUE MALTA DA SILVA FERNANDES MACHADO";"PENDING APPROVAL";"Em aprovação";"PENDING APPROVAL";"PENDING APPROVAL";2026-09-28 00:00:00,000;"PLATAFORMAS DE PRODUÇÃO (TECNOLOGIA) - PLATAFORMA DE CONTROLES BH - MDO - AD";;2026-10-07 00:00:00,000;;250000
"30778";"Plataforma de Controles BH";"victor.chagas@g.globo";"Plataformas De Produção";"PLAT. DE CAPTAÇÃO E PRODUÇÃO";"SOLUÇÃO";"RCGRJ10696212";"";"AD DIGITAL COMERCIO DE ELETRONICOS LTDA";"MONIQUE MALTA DA SILVA FERNANDES MACHADO";"PENDING APPROVAL";"Em aprovação";"PENDING APPROVAL";"PENDING APPROVAL";2026-09-28 00:00:00,000;"PLATAFORMAS DE PRODUÇÃO (TECNOLOGIA) - PLATAFORMA DE CONTROLES BH - MDO - AD";;2026-10-07 00:00:00,000;;250000
"30778";"Plataforma de Controles BH";"victor.chagas@g.globo";"Plataformas De Produção";"PLAT. DE CAPTAÇÃO E PRODUÇÃO";"SOLUÇÃO";"RCGRJ10696230";"";"AD DIGITAL COMERCIO DE ELETRONICOS LTDA";"MONIQUE MALTA DA SILVA FERNANDES MACHADO";"PENDING APPROVAL";"Em aprovação";"PENDING APPROVAL";"PENDING APPROVAL";2026-09-28 00:00:00,000;"PLATAFORMAS DE PRODUÇÃO (TECNOLOGIA) - PLATAFORMA DE CONTROLES BH - MDO - AD";;2026-10-08 00:00:00,000;;210282
"30779";"Plataforma de Controles JB - Controle 3";"diogo.silva@g.globo";"Plataformas De Produção";"PLAT. DE CAPTAÇÃO E PRODUÇÃO";"INSTALAÇÃO";"RCGRJ10629735";"OCGCP10656394";"YOU CAST COMERCIO DE EQUIPAMENTOS ELETRONICOS LTDA";"CAROLINE LOPES MENDONCA";"CLOSED FOR RECEIVING";"Aberto";"CLOSED FOR RECEIVING";"APPROVED";2026-03-31 00:00:00,000;"PLATAFORMAS DE PRODUÇÃO (TECNOLOGIA) - PLATAFORMA DE CONTROLES JB - CONTROLE 3 - INSTALAÇÃO - ID242026";2026-03-31 00:00:00,000;2026-04-23 00:00:00,000;2026-04-23 00:00:00,000;69332,67
"30779";"Plataforma de Controles JB - Controle 3";"diogo.silva@g.globo";"Plataformas De Produção";"PLAT. DE CAPTAÇÃO E PRODUÇÃO";"INSTALAÇÃO";"RCGRJ10629754";"OCGCP10656395";"EXBIZ INTERMEDIACAO DE NEGOCIOS TECNOLOGICOS LTDA";"CAROLINE LOPES MENDONCA";"CLOSED FOR RECEIVING";"Aberto";"CLOSED FOR RECEIVING";"APPROVED";2026-03-31 00:00:00,000;"PLATAFORMAS DE PRODUÇÃO (TECNOLOGIA) - PLATAFORMA DE CONTROLES JB - CONTROLE 3 - INSTALAÇÃO - ID212026";2026-03-31 00:00:00,000;2026-04-23 00:00:00,000;2026-04-23 00:00:00,000;23546,93
"30779";"Plataforma de Controles JB - Controle 3";"diogo.silva@g.globo";"Plataformas De Produção";"PLAT. DE CAPTAÇÃO E PRODUÇÃO";"INSTALAÇÃO";"RCGRJ10629768";"OCGCP10656393";"CENTAURO ENGENHARIA E INFORMATICA LTDA";"CAROLINE LOPES MENDONCA";"CLOSED FOR RECEIVING";"Aberto";"CLOSED FOR RECEIVING";"APPROVED";2026-03-31 00:00:00,000;"PLATAFORMAS DE PRODUÇÃO (TECNOLOGIA) - PLATAFORMA DE CONTROLES JB - CONTROLE 3 - INSTALAÇÃO - ID202026";2026-03-31 00:00:00,000;2026-04-23 00:00:00,000;2026-04-23 00:00:00,000;66079,95
"30779";"Plataforma de Controles JB - Controle 3";"diogo.silva@g.globo";"Plataformas De Produção";"PLAT. DE CAPTAÇÃO E PRODUÇÃO";"INSTALAÇÃO";"RCGRJ10632099";"OCGCP10656396";"NEWSCON SOLUCOES E COMERCIO DE TELEINFORMATICA LTDA";"CAROLINE LOPES MENDONCA";"CLOSED FOR RECEIVING";"Aberto";"CLOSED FOR RECEIVING";"APPROVED";2026-03-31 00:00:00,000;"PLATAFORMAS DE PRODUÇÃO (TECNOLOGIA) - PLATAFORMA DE CONTROLES JB - CONTROLE 3 - INSTALAÇÃO - ID222026";2026-03-31 00:00:00,000;2026-03-30 00:00:00,000;2026-03-30 00:00:00,000;113932
"30779";"Plataforma de Controles JB - Controle 3";"diogo.silva@g.globo";"Plataformas De Produção";"PLAT. DE CAPTAÇÃO E PRODUÇÃO";"SOLUÇÃO";"RCGRJ10696416";"";"ESX ENGENHARIA DE SOFTWARE LTDA";"PAULA REGIS QUEIROZ AFONSO MUNIZ";"PENDING APPROVAL";"Em aprovação";"PENDING APPROVAL";"PENDING APPROVAL";2026-09-28 00:00:00,000;"PLATAFORMAS DE PRODUÇÃO (TECNOLOGIA) - PROJETO PLATAFORMA DE CONTROLES JB - CONTROLE 3 - MDO - ESX";;2026-10-08 00:00:00,000;;250000
"25967";"Plataforma de Controles RJ - Obs. Controle 3 ION";"diogo.silva@g.globo";"Plataformas De Produção";"PLAT. DE CAPTAÇÃO E PRODUÇÃO";"SOLUÇÃO";"RCGDF10012903";"OCGCP10730167";"GRASS VALLEY AQUISICAO DE MEDIA LTDA.";"MARIANA GYBSON DE CARVALHO FONSECA";"PENDING APPROVAL";"Em aprovação";"PENDING APPROVAL";"APPROVED";2026-09-29 00:00:00,000;"PLATAFORMAS DE PRODUÇÃO (TECNOLOGIA) -  PLATAFORMA DE CONTROLES - OBS. CONTROLE 3 ION - Serviço Grass Valley Suporte Local Brasilia - Grass Valley [SOLUÇÃO] - REBATE";2026-09-22 00:00:00,000;2026-09-20 00:00:00,000;2026-10-09 00:00:00,000;26653,37
"25967";"Plataforma de Controles RJ - Obs. Controle 3 ION";"diogo.silva@g.globo";"Plataformas De Produção";"PLAT. DE CAPTAÇÃO E PRODUÇÃO";"SOLUÇÃO";"RCGPE10010173";"OCGCP10589705";"HP BRASIL INDUSTRIA E COMERCIO DE EQUIPAMENTOS ELETRONICOS LTDA";"THAIS OLIVEIRA SPEZANI";"CLOSED FOR RECEIVING";"Aberto";"CLOSED FOR RECEIVING";"APPROVED";2025-10-16 00:00:00,000;"ISESC (TECNOLOGIA) - PLATAFORMA DE CONTROLES RJ - OBS. CONTROLE 3 ION - AQUISIÇÃO DE MÁQUINA PARA SOLUÇÃO ALL IN ONE PE - HP [SOLUÇÃO]";2025-10-15 00:00:00,000;2025-10-29 00:00:00,000;2025-10-29 00:00:00,000;0,03
"25967";"Plataforma de Controles RJ - Obs. Controle 3 ION";"diogo.silva@g.globo";"Plataformas De Produção";"PLAT. DE CAPTAÇÃO E PRODUÇÃO";"SOLUÇÃO";"RCGRJ10560076";"OCGCP10580578";"TECHNOCRANE S R O";"";"SEM PAGAMENTO";"Aberto";"SEM PAGAMENTO";"APPROVED";2025-12-26 00:00:00,000;"ISESC (TECNOLOGIA) - PLATAFORMA DE CONTROLES - OBS. CONTROLE 3 -  Peças para Grua SUPERTECHNO - Parceria JB - TECHNOCRANE - [BASE]";2025-09-15 00:00:00,000;;;-42933,51
"25967";"Plataforma de Controles RJ - Obs. Controle 3 ION";"diogo.silva@g.globo";"Plataformas De Produção";"PLAT. DE CAPTAÇÃO E PRODUÇÃO";"SOLUÇÃO";"RCGRJ10566771";"OCGCP10589753";"HP BRASIL INDUSTRIA E COMERCIO DE EQUIPAMENTOS ELETRONICOS LTDA";"THAIS OLIVEIRA SPEZANI";"CLOSED FOR RECEIVING";"Aberto";"CLOSED FOR RECEIVING";"APPROVED";2025-10-16 00:00:00,000;"ISESC (TECNOLOGIA) - PLATAFORMA DE CONTROLES RJ - OBS. CONTROLE 3 ION - AQUISIÇÃO DE MÁQUINA PARA SOLUÇÃO ALL IN ONE RJ - HP [SOLUÇÃO]";2025-10-15 00:00:00,000;2025-10-29 00:00:00,000;2025-10-29 00:00:00,000;0,02
"25967";"Plataforma de Controles RJ - Obs. Controle 3 ION";"diogo.silva@g.globo";"Plataformas De Produção";"PLAT. DE CAPTAÇÃO E PRODUÇÃO";"SOLUÇÃO";"RCGRJ10566860";"OCGCP10583045";"SAVANA COMUNICACOES LTDA";"RAPHAEL BAPTISTA DA SILVA";"CLOSED FOR RECEIVING";"Aberto";"CLOSED FOR RECEIVING";"APPROVED";2025-09-30 00:00:00,000;"ISESC (TECNOLOGIA) - PLATAFORMA DE CONTROLES RJ - OBS. CONTROLE 3 - REPARO EM BELTPACK CLEARCOM BP19 SN: 13958 PAT: 303920 - OS 0049-25 - PARCERIA JB";2025-09-29 00:00:00,000;2025-10-29 00:00:00,000;2025-10-29 00:00:00,000;2952
"25967";"Plataforma de Controles RJ - Obs. Controle 3 ION";"diogo.silva@g.globo";"Plataformas De Produção";"PLAT. DE CAPTAÇÃO E PRODUÇÃO";"SOLUÇÃO";"RCGRJ10568008";"OCGCP10587185";"SIGTRON INSTRUMENTOS E SERVICOS LTDA EPP";"RAFAEL LOPES ROSADO";"CLOSED FOR RECEIVING";"Aberto";"CLOSED FOR RECEIVING";"APPROVED";2025-10-09 00:00:00,000;"ISESC (TECNOLOGIA) - PLATAFORMA DE CONTROLES RJ - OBS. CONTROLE 3 - Reparo em Waveform Tektronix - WO0168759 - PARCERIA ION";2025-10-09 00:00:00,000;2025-11-01 00:00:00,000;2025-11-01 00:00:00,000;0,2
"25967";"Plataforma de Controles RJ - Obs. Controle 3 ION";"diogo.silva@g.globo";"Plataformas De Produção";"PLAT. DE CAPTAÇÃO E PRODUÇÃO";"SOLUÇÃO";"RCGRJ10592310";"OCGCP10612176";"LAWO AG";"VICTOR TAVARES MACHADO";"OPEN";"Aberto";"OPEN";"APPROVED";2025-12-09 00:00:00,000;"ISESC (TECNOLOGIA) - PLATAFORMA DE CONTROLES - OBS. CONTROLE 3 - Pagamento de peças LAWO AG referente ao Invoice No. 436044-3 - RMA-No: 240924 - Reparo finalizado - [BASE]";2025-12-09 00:00:00,000;2025-12-26 00:00:00,000;2025-12-26 00:00:00,000;3282,23
"25967";"Plataforma de Controles RJ - Obs. Controle 3 ION";"diogo.silva@g.globo";"Plataformas De Produção";"PLAT. DE CAPTAÇÃO E PRODUÇÃO";"SOLUÇÃO";"RCGRJ10664421";"OCGCP10697973";"GRASS VALLEY AQUISICAO DE MEDIA LTDA.";"MARCUS VINICIUS DA SILVA GUEDES ALCOFORADO";"CLOSED FOR RECEIVING";"Aberto";"CLOSED FOR RECEIVING";"APPROVED";2026-07-09 00:00:00,000;"ISESC (TECNOLOGIA) - PLATAFORMA DE CONTROLES - OBS. CONTROLE 3 ION - Serviço Grass Valley Suporte - Grass Valley [SOLUÇÃO] - REBATE";2026-06-26 00:00:00,000;2026-06-26 00:00:00,000;2026-06-26 00:00:00,000;26447,77
"25967";"Plataforma de Controles RJ - Obs. Controle 3 ION";"diogo.silva@g.globo";"Plataformas De Produção";"PLAT. DE CAPTAÇÃO E PRODUÇÃO";"SOLUÇÃO";"RCGRJ10664870";"OCGCP10703115";"GRASS VALLEY AQUISICAO DE MEDIA LTDA.";"MARCUS VINICIUS DA SILVA GUEDES ALCOFORADO";"CLOSED FOR RECEIVING";"Aberto";"CLOSED FOR RECEIVING";"APPROVED";2026-07-21 00:00:00,000;"ISESC (TECNOLOGIA) - PLATAFORMA DE CONTROLES - OBS. CONTROLE 3 ION - Serviço Grass Valley Suporte - Grass Valley [SOLUÇÃO] - REBATE.";2026-07-16 00:00:00,000;2026-07-26 00:00:00,000;2026-07-26 00:00:00,000;217970,09
"25967";"Plataforma de Controles RJ - Obs. Controle 3 ION";"diogo.silva@g.globo";"Plataformas De Produção";"PLAT. DE CAPTAÇÃO E PRODUÇÃO";"SOLUÇÃO";"RCGRJ10674821";"OCGCP10706464";"GRASS VALLEY AQUISICAO DE MEDIA LTDA.";"MARCUS VINICIUS DA SILVA GUEDES ALCOFORADO";"CLOSED FOR RECEIVING";"Aberto";"CLOSED FOR RECEIVING";"APPROVED";2026-07-30 00:00:00,000;"ISESC (TECNOLOGIA) - PLATAFORMA DE CONTROLES - OBS. CONTROLE 3 ION - Serviço Grass Valley Suporte Local Recife 2° Semana - Grass Valley [SOLUÇÃO] - REBATE";2026-07-29 00:00:00,000;2026-08-26 00:00:00,000;2026-08-26 00:00:00,000;26191,51
"25967";"Plataforma de Controles RJ - Obs. Controle 3 ION";"diogo.silva@g.globo";"Plataformas De Produção";"PLAT. DE CAPTAÇÃO E PRODUÇÃO";"SOLUÇÃO";"RCGSP10059878";"OCGCP10589778";"HP BRASIL INDUSTRIA E COMERCIO DE EQUIPAMENTOS ELETRONICOS LTDA";"THAIS OLIVEIRA SPEZANI";"CLOSED FOR RECEIVING";"Aberto";"CLOSED FOR RECEIVING";"APPROVED";2025-10-16 00:00:00,000;"ISESC (TECNOLOGIA) - PLATAFORMA DE CONTROLES RJ - OBS. CONTROLE 3 ION - AQUISIÇÃO DE MÁQUINA PARA SOLUÇÃO ALL IN ONE SP - HP [SOLUÇÃO]";2025-10-15 00:00:00,000;2025-10-29 00:00:00,000;2025-10-29 00:00:00,000;0,02
"25967";"Plataforma de Controles RJ - Obs. Controle 3 ION";"diogo.silva@g.globo";"Plataformas De Produção";"PLAT. DE CAPTAÇÃO E PRODUÇÃO";"SOLUÇÃO";"RCGSP10060036";"OCGCP10584723";"CANON DO BRASIL INDUSTRIA E COMERCIO LTDA.";"RAFAEL LOPES ROSADO";"OPEN";"Aberto";"OPEN";"APPROVED";2025-10-03 00:00:00,000;"ISESC (TECNOLOGIA) - PLATAFORMA DE CONTROLES RJ - OBS. CONTROLE 3 - Reparo manopla de zoom - ZSD300D - WO0180942 - PARCERIA SP";2025-10-03 00:00:00,000;2025-11-01 00:00:00,000;2025-11-01 00:00:00,000;589,46
"25971";"Plataforma de Controles SP - Obs. Controle 1 SP_1";"victor.chagas@g.globo";"Plataformas De Produção";"PLAT. DE CAPTAÇÃO E PRODUÇÃO";"SOLUÇÃO";"RCGMG10012576";"OCGCP10605745";"WX2 Systems Ltda";"JOSE MARIA AGUIAR AZEVEDO JUNIOR";"CLOSED FOR RECEIVING";"Aberto";"CLOSED FOR RECEIVING";"APPROVED";2025-11-25 00:00:00,000;"ISESC (TECNOLOGIA) - PLATAFORMA DE CONTROLE SP OBS. CONTROLE 1 - PROJETO DE INSTALAÇÕES ELÉTRICAS PARA BH - WX2 ENGENHARIA [SOLUÇÃO]";2025-11-18 00:00:00,000;2025-12-18 00:00:00,000;2025-12-18 00:00:00,000;1200
"25971";"Plataforma de Controles SP - Obs. Controle 1 SP_1";"victor.chagas@g.globo";"Plataformas De Produção";"PLAT. DE CAPTAÇÃO E PRODUÇÃO";"SOLUÇÃO";"RCGMG10012627";"OCGCP10605745";"WX2 Systems Ltda";"JOSE MARIA AGUIAR AZEVEDO JUNIOR";"CLOSED FOR RECEIVING";"Aberto";"CLOSED FOR RECEIVING";"APPROVED";2025-12-03 00:00:00,000;"ISESC (TECNOLOGIA) - PLATAFORMA DE CONTROLE SP OBS. CONTROLE 1 - RC COMPLEMENTAR PROJETO DE INSTALAÇÕES ELÉTRICAS PARA BH - WX2 ENGENHARIA [SOLUÇÃO]";2025-11-27 00:00:00,000;2025-12-26 00:00:00,000;2025-12-26 00:00:00,000;8625
"25971";"Plataforma de Controles SP - Obs. Controle 1 SP_1";"victor.chagas@g.globo";"Plataformas De Produção";"PLAT. DE CAPTAÇÃO E PRODUÇÃO";"MDO";"RCGRJ10485704";"OCGCP10495518";"AD DIGITAL COMERCIO DE ELETRONICOS LTDA";"MONIQUE MALTA DA SILVA FERNANDES MACHADO";"CLOSED FOR RECEIVING";"Aberto";"CLOSED FOR RECEIVING";"APPROVED";2025-03-16 00:00:00,000;"ISESC (TECNOLOGIA) - PLATAFORMA DE CONTROLES SP - OBS. CONTROLE 1 SP - RESERVA MDO - RC6 - AD DIGITAL COMERCIO DE ELETRONICOS LTDA";2025-03-16 00:00:00,000;2025-04-11 00:00:00,000;2025-04-11 00:00:00,000;0,07
"25971";"Plataforma de Controles SP - Obs. Controle 1 SP_1";"victor.chagas@g.globo";"Plataformas De Produção";"PLAT. DE CAPTAÇÃO E PRODUÇÃO";"MDO";"RCGRJ10538839";"OCGCP10552110";"NTCONSULT TECNOLOGIA E CONSULTORIA LTDA";"PAULA REGIS QUEIROZ AFONSO MUNIZ";"CLOSED FOR RECEIVING";"Aberto";"CLOSED FOR RECEIVING";"APPROVED";2025-07-16 00:00:00,000;"ISESC (TECNOLOGIA) - PLATAFORMA DE CONTROLES SP - OBS. CONTROLE 1 SP - RESERVA MDO - RC10025 - NTCONSULT TECNOLOGIA E CONSULTORIA LTDA";2025-07-16 00:00:00,000;2025-08-14 00:00:00,000;2025-08-14 00:00:00,000;2625,68
"25971";"Plataforma de Controles SP - Obs. Controle 1 SP_1";"victor.chagas@g.globo";"Plataformas De Produção";"PLAT. DE CAPTAÇÃO E PRODUÇÃO";"MDO";"RCGRJ10538840";"OCGCP10552111";"NTT BRASIL COMERCIO E SERVICOS DE TECNOLOGIA LTDA";"LUIZ FERNANDO CONCEICAO VARGAS";"CLOSED FOR RECEIVING";"Aberto";"CLOSED FOR RECEIVING";"APPROVED";2025-07-16 00:00:00,000;"ISESC (TECNOLOGIA) - PLATAFORMA DE CONTROLES SP - OBS. CONTROLE 1 SP - RESERVA MDO - RC10026 - NTT BRASIL COMERCIO E SERVICOS DE TECNOLOGIA LTDA";2025-07-16 00:00:00,000;2025-08-14 00:00:00,000;2025-08-14 00:00:00,000;7591,48
"25971";"Plataforma de Controles SP - Obs. Controle 1 SP_1";"victor.chagas@g.globo";"Plataformas De Produção";"PLAT. DE CAPTAÇÃO E PRODUÇÃO";"MDO";"RCGRJ10566185";"OCGCP10581957";"SYS MANAGER INFORMATICA LTDA";"PAULA REGIS QUEIROZ AFONSO MUNIZ";"CLOSED FOR RECEIVING";"Aberto";"CLOSED FOR RECEIVING";"APPROVED";2025-09-26 00:00:00,000;"ISESC (TECNOLOGIA) - PLATAFORMA DE CONTROLES SP - OBS. CONTROLE 1 SP - RESERVA MDO - RC1002 - SYS MANAGER";2025-09-26 00:00:00,000;2025-10-26 00:00:00,000;2025-10-26 00:00:00,000;4406,07
"25971";"Plataforma de Controles SP - Obs. Controle 1 SP_1";"victor.chagas@g.globo";"Plataformas De Produção";"PLAT. DE CAPTAÇÃO E PRODUÇÃO";"MDO";"RCGRJ10566219";"OCGCP10582073";"INSI DIGITAL EVOLUTION S.A";"PAULA REGIS QUEIROZ AFONSO MUNIZ";"CLOSED FOR RECEIVING";"Aberto";"CLOSED FOR RECEIVING";"APPROVED";2025-09-26 00:00:00,000;"ISESC (TECNOLOGIA) - PLATAFORMA DE CONTROLES SP - OBS. CONTROLE 1 SP - RESERVA MDO - RC1006 - META SERVICOS EM INFORMATICA SA";2025-09-26 00:00:00,000;2025-10-26 00:00:00,000;2025-10-26 00:00:00,000;2839,74
"25971";"Plataforma de Controles SP - Obs. Controle 1 SP_1";"victor.chagas@g.globo";"Plataformas De Produção";"PLAT. DE CAPTAÇÃO E PRODUÇÃO";"MDO";"RCGRJ10566244";"OCGCP10582070";"BLACK ICE SECURITY LTDA";"PAULA REGIS QUEIROZ AFONSO MUNIZ";"CLOSED FOR RECEIVING";"Aberto";"CLOSED FOR RECEIVING";"APPROVED";2025-09-26 00:00:00,000;"ISESC (TECNOLOGIA) - PLATAFORMA DE CONTROLES SP - OBS. CONTROLE 1 SP - RESERVA MDO - RC1009 - BLACK ICE SECURITY LTDA";2025-09-26 00:00:00,000;2025-10-26 00:00:00,000;2025-10-26 00:00:00,000;15159,33
"25971";"Plataforma de Controles SP - Obs. Controle 1 SP_1";"victor.chagas@g.globo";"Plataformas De Produção";"PLAT. DE CAPTAÇÃO E PRODUÇÃO";"SOLUÇÃO";"RCGRJ10596273";"OCGCP10616644";"NEWSCON SOLUCOES E COMERCIO DE TELEINFORMATICA LTDA";"CAROLINE LOPES MENDONCA";"CLOSED FOR RECEIVING";"Aberto";"CLOSED FOR RECEIVING";"APPROVED";2025-12-18 00:00:00,000;"ISESC (TECNOLOGIA) - PLATAFORMA DE CONTROLE SP OBS. CONTROLE 1 - INSTALAÇÃO DE PONTOS DE REDE CORP - NEWSCOM  [SOLUÇÃO]";2025-12-18 00:00:00,000;2026-01-17 00:00:00,000;2026-01-17 00:00:00,000;130,85
"25971";"Plataforma de Controles SP - Obs. Controle 1 SP_1";"victor.chagas@g.globo";"Plataformas De Produção";"PLAT. DE CAPTAÇÃO E PRODUÇÃO";"SOLUÇÃO";"RCGSP10052489";"OCGCP10511905";"LENOVO TECNOLOGIA (BRASIL) LIMITADA";"PATRICIA DE LIMA ALVES";"CLOSED FOR RECEIVING";"Aberto";"CLOSED FOR RECEIVING";"APPROVED";2025-04-16 00:00:00,000;"ISESC (TECNOLOGIA) - ROADMAP DE GCs - PLATAFORMA DE CONTROLE SP CONTROLE 1 - SERVIDORES & WORKSTATIONS GC [FORN. LENOVO] [SOLUÇÃO]";2025-04-09 00:00:00,000;2025-04-30 00:00:00,000;2025-04-30 00:00:00,000;0,17
"25971";"Plataforma de Controles SP - Obs. Controle 1 SP_1";"victor.chagas@g.globo";"Plataformas De Produção";"PLAT. DE CAPTAÇÃO E PRODUÇÃO";"SOLUÇÃO";"RCGSP10054411";"OCGCP10527053";"GP CABLING DISTRIBUIDORA E COMERCIO LTDA";"RAPHAEL BAPTISTA DA SILVA";"OPEN";"Aberto";"OPEN";"APPROVED";2025-05-21 00:00:00,000;"ISESC (TECNOLOGIA) - PLATAFORMA DE CONTROLE SP - CONTROLE 1 - GP CABLING - MATERIAIS DE REDE [SOLUÇÃO]";2025-05-20 00:00:00,000;2025-06-19 00:00:00,000;2025-06-19 00:00:00,000;1823,9
"25971";"Plataforma de Controles SP - Obs. Controle 1 SP_1";"victor.chagas@g.globo";"Plataformas De Produção";"PLAT. DE CAPTAÇÃO E PRODUÇÃO";"SOLUÇÃO";"RCGSP10054667";"OCGCP10535910";"AD DIGITAL INTERNATIONAL CORP";"VANUZA APARECIDA PIANES COELHO";"OPEN";"Aberto";"OPEN";"APPROVED";2025-06-10 00:00:00,000;"ISESC (TECNOLOGIA) - PLATAFORMA DE CONTROLES - OBS. CONTROLE 1 SP - WAVEFORM PVW TEC CONTROLE 1 SP - TELESTREAM (AD DIGITAL) [SOLUÇÃO]";2025-05-30 00:00:00,000;2025-06-26 00:00:00,000;2025-06-26 00:00:00,000;0,22
"25971";"Plataforma de Controles SP - Obs. Controle 1 SP_1";"victor.chagas@g.globo";"Plataformas De Produção";"PLAT. DE CAPTAÇÃO E PRODUÇÃO";"SOLUÇÃO";"RCGSP10055793";"OCGCP10545824";"GRASS VALLEY AQUISICAO DE MEDIA LTDA.";"VANUZA APARECIDA PIANES COELHO";"CLOSED FOR RECEIVING";"Aberto";"CLOSED FOR RECEIVING";"APPROVED";2025-07-01 00:00:00,000;"ISESC (TECNOLOGIA) - PLATAFORMA DE CONTROLES - OBS. CONTROLE 1 SP - PRODUCTION SWITCHER, CONVERSORES & MUX - GRASS VALLEY [SOLUÇÃO]";2025-06-24 00:00:00,000;2025-07-23 00:00:00,000;2025-07-23 00:00:00,000;19830,22
"25971";"Plataforma de Controles SP - Obs. Controle 1 SP_1";"victor.chagas@g.globo";"Plataformas De Produção";"PLAT. DE CAPTAÇÃO E PRODUÇÃO";"SOLUÇÃO";"RCGSP10056062";"OCGCP10545824";"GRASS VALLEY AQUISICAO DE MEDIA LTDA.";"VANUZA APARECIDA PIANES COELHO";"CLOSED FOR RECEIVING";"Aberto";"CLOSED FOR RECEIVING";"APPROVED";2025-07-02 00:00:00,000;"ISESC (TECNOLOGIA) - PLATAFORMA DE CONTROLES - OBS. CONTROLE 1 SP - RC COMPLEMENTAR - LICENÇAS SOFTWARE & SERVIÇOS DE SUPORTE - GRASS VALLEY [SOLUÇÃO]";2025-07-02 00:00:00,000;2025-07-31 00:00:00,000;2025-07-31 00:00:00,000;49464,47
"25971";"Plataforma de Controles SP - Obs. Controle 1 SP_1";"victor.chagas@g.globo";"Plataformas De Produção";"PLAT. DE CAPTAÇÃO E PRODUÇÃO";"SOLUÇÃO";"RCGSP10056594";"OCGCP10572126";"Arkona Technologies GmbH";"VANUZA APARECIDA PIANES COELHO";"CLOSED FOR RECEIVING";"Aberto";"CLOSED FOR RECEIVING";"APPROVED";2025-09-04 00:00:00,000;"ISESC (TECNOLOGIA) - BACKEND GC ION & HOMOLOG GC EG - PLATAFORMA DE CONTROLES SP – ARKONA AT-300 - SP [SOLUÇÃO]";2025-08-11 00:00:00,000;2025-08-13 00:00:00,000;2025-08-13 00:00:00,000;470,49
"25971";"Plataforma de Controles SP - Obs. Controle 1 SP_1";"victor.chagas@g.globo";"Plataformas De Produção";"PLAT. DE CAPTAÇÃO E PRODUÇÃO";"SOLUÇÃO";"RCGSP10056683";"OCGCP10572918";"GRASS VALLEY AQUISICAO DE MEDIA LTDA.";"VANUZA APARECIDA PIANES COELHO";"CLOSED FOR RECEIVING";"Aberto";"CLOSED FOR RECEIVING";"APPROVED";2025-09-05 00:00:00,000;"ISESC (TECNOLOGIA) - PLATAFORMA DE CONTROLE SP - OBS. CONTROLE 1 - CONVERSORES, CLIP STORE E PAINÉIS - GRASS VALLEY [SOLUÇÃO]";2025-08-27 00:00:00,000;2025-09-18 00:00:00,000;2025-09-18 00:00:00,000;1807,41
"25971";"Plataforma de Controles SP - Obs. Controle 1 SP_1";"victor.chagas@g.globo";"Plataformas De Produção";"PLAT. DE CAPTAÇÃO E PRODUÇÃO";"SOLUÇÃO";"RCGSP10059210";"OCGCP10572918";"GRASS VALLEY AQUISICAO DE MEDIA LTDA.";"VANUZA APARECIDA PIANES COELHO";"CLOSED FOR RECEIVING";"Aberto";"CLOSED FOR RECEIVING";"APPROVED";2025-09-11 00:00:00,000;"ISESC (TECNOLOGIA) - PLATAFORMA DE CONTROLE SP - OBS. CONTROLE 1 - CONVERSORES, CLIP STORE E PAINÉIS - GRASS VALLEY [SOLUÇÃO]";2025-09-11 00:00:00,000;2025-10-10 00:00:00,000;2025-10-10 00:00:00,000;354,59
"25971";"Plataforma de Controles SP - Obs. Controle 1 SP_1";"victor.chagas@g.globo";"Plataformas De Produção";"PLAT. DE CAPTAÇÃO E PRODUÇÃO";"SOLUÇÃO";"RCGSP10060232";"OCGCP10590764";"AD DIGITAL INTERNATIONAL CORP";"PATRICIA DE LIMA ALVES";"OPEN";"Aberto";"OPEN";"APPROVED";2025-10-17 00:00:00,000;"ISESC (TECNOLOGIA) - PLATAFORMA DE CONTROLES SP - OBS. CONTROLE 1 SP - AQUISIÇÃO DE WAVEFORM PARA CONTROLE 1 SP - AD DIGITAL [SOLUÇÃO]";2025-10-16 00:00:00,000;2025-11-06 00:00:00,000;2025-12-05 00:00:00,000;0,11
"25971";"Plataforma de Controles SP - Obs. Controle 1 SP_1";"victor.chagas@g.globo";"Plataformas De Produção";"PLAT. DE CAPTAÇÃO E PRODUÇÃO";"SOLUÇÃO";"RCGSP10062582";"OCGCP10611101";"UNIPECAS - SERVICOS DE REPAROS LTDA";"RUBENS RODRIGO MARQUES DE OLIVEIRA";"CLOSED FOR RECEIVING";"Aberto";"CLOSED FOR RECEIVING";"APPROVED";2025-12-08 00:00:00,000;"ISESC (TECNOLOGIA) - PLATAFORMA DE CONTROLE SP OBS. CONTROLE 1 - BANDEJA PARA KVMS G1 - UNIPEÇAS  [SOLUÇÃO]";2025-12-04 00:00:00,000;2026-01-03 00:00:00,000;2026-01-03 00:00:00,000;1180
"25971";"Plataforma de Controles SP - Obs. Controle 1 SP_1";"victor.chagas@g.globo";"Plataformas De Produção";"PLAT. DE CAPTAÇÃO E PRODUÇÃO";"SOLUÇÃO";"RCGSP10066208";"OCGCP10651201";"LENOVO TECNOLOGIA (BRASIL) LIMITADA";"PAULA CRISTINA CORREIA FRANCISCO MELO";"CLOSED FOR RECEIVING";"Aberto";"CLOSED FOR RECEIVING";"APPROVED";2026-03-19 00:00:00,000;"ISESC (TECNOLOGIA) - PLATAFORMA DE CONTROLE SP OBS. CONTROLE 1 - DESKTOP - LENOVO [SOLUÇÃO]";2026-03-18 00:00:00,000;2026-04-17 00:00:00,000;2026-04-17 00:00:00,000;0,02
"25950";"Pool de Trascoding ION & EG (Amberfin)";"renan.reis@g.globo";"Plataformas De Produção";"PLAT. DE PÓS-PROD. E DESIGN";"MDO";"RCGRJ10539024";"OCGCP10553234";"HITSS DO BRASIL SERVICOS TECNOLOGICOS LTDA";"JUAREZ AURELIO TORRES DA SILVA";"CLOSED FOR RECEIVING";"Aberto";"CLOSED FOR RECEIVING";"APPROVED";2025-07-18 00:00:00,000;"ISESC (TECNOLOGIA) - POOL DE TRASCODING ION & EG (AMBERFIN) - RESERVA MDO - RC10017 - HITSS DO BRASIL SERVICOS TECNOLOGICOS LTDA";2025-07-18 00:00:00,000;2025-08-15 00:00:00,000;2025-08-15 00:00:00,000;43293,36
"25950";"Pool de Trascoding ION & EG (Amberfin)";"renan.reis@g.globo";"Plataformas De Produção";"PLAT. DE PÓS-PROD. E DESIGN";"MDO";"RCGRJ10576478";"OCGCP10595198";"AD DIGITAL COMERCIO DE ELETRONICOS LTDA";"MONIQUE MALTA DA SILVA FERNANDES MACHADO";"CLOSED FOR RECEIVING";"Aberto";"CLOSED FOR RECEIVING";"APPROVED";2025-10-30 00:00:00,000;"ISESC (TECNOLOGIA) - POOL DE TRASCODING ION & EG (AMBERFIN) - RC2045 -  AD DIGITAL COMERCIO DE ELETRONICOS LTDA";2025-10-30 00:00:00,000;2025-11-26 00:00:00,000;2025-11-26 00:00:00,000;1869
"25950";"Pool de Trascoding ION & EG (Amberfin)";"renan.reis@g.globo";"Plataformas De Produção";"PLAT. DE PÓS-PROD. E DESIGN";"SOLUÇÃO";"RCGRJ10578406";"OCGCP10597011";"GP CABLING DISTRIBUIDORA E COMERCIO LTDA";"RAFAEL LOPES ROSADO";"OPEN";"Aberto";"OPEN";"APPROVED";2025-11-04 00:00:00,000;"ISESC (TECNOLOGIA) - Pool de Transcoding EG e ION - Fibra Óptica Integração ION - GP Cabling";2025-11-04 00:00:00,000;2025-11-30 00:00:00,000;2026-01-06 00:00:00,000;1873,33
"25950";"Pool de Trascoding ION & EG (Amberfin)";"renan.reis@g.globo";"Plataformas De Produção";"PLAT. DE PÓS-PROD. E DESIGN";"SOLUÇÃO";"RCGRJ10695632";"";"INSI DIGITAL EVOLUTION S.A";"RAFAEL RANGEL CASIMIRO";"PENDING APPROVAL";"Em aprovação";"PENDING APPROVAL";"PENDING APPROVAL";2026-09-25 00:00:00,000;"PLATAFORMAS DE PRODUÇÃO (TECNOLOGIA)- Pool de Trascoding ION & EG (Amberfin) - INSI (JEAN).";;2026-10-25 00:00:00,000;;133440
"25950";"Pool de Trascoding ION & EG (Amberfin)";"renan.reis@g.globo";"Plataformas De Produção";"PLAT. DE PÓS-PROD. E DESIGN";"SOLUÇÃO";"RCGRJ10695645";"";"CROSSPOINT ELETRONICA LTDA";"IGOR AJUZ DE ABREU CASEIRO";"PENDING APPROVAL";"Em aprovação";"PENDING APPROVAL";"PENDING APPROVAL";2026-09-25 00:00:00,000;"PLATAFORMAS DE PRODUÇÃO (TECNOLOGIA)- Pool de Trascoding ION & EG (Amberfin) - CROSS (GARI)";;2026-10-25 00:00:00,000;;141508
"25950";"Pool de Trascoding ION & EG (Amberfin)";"renan.reis@g.globo";"Plataformas De Produção";"PLAT. DE PÓS-PROD. E DESIGN";"SOLUÇÃO";"RCGRJ10695647";"";"AD DIGITAL COMERCIO DE ELETRONICOS LTDA";"LUIZ FERNANDO CONCEICAO VARGAS";"PENDING APPROVAL";"Em aprovação";"PENDING APPROVAL";"PENDING APPROVAL";2026-09-25 00:00:00,000;"PLATAFORMAS DE PRODUÇÃO (TECNOLOGIA)- Pool de Trascoding ION & EG (Amberfin) - AD (GARI).";;2026-10-25 00:00:00,000;;132289
"25950";"Pool de Trascoding ION & EG (Amberfin)";"renan.reis@g.globo";"Plataformas De Produção";"PLAT. DE PÓS-PROD. E DESIGN";"SOLUÇÃO";"RCGRJ10695666";"";"HADRONS TECNOLOGIA LTDA";"SNEJANA MOISEI VIEIRA LIMA";"PENDING APPROVAL";"Em aprovação";"PENDING APPROVAL";"PENDING APPROVAL";2026-09-25 00:00:00,000;"PLATAFORMAS DE PRODUÇÃO (TECNOLOGIA)- Pool de Trascoding ION & EG (Amberfin) - hadrons";;2026-10-25 00:00:00,000;;210000
"25950";"Pool de Trascoding ION & EG (Amberfin)";"renan.reis@g.globo";"Plataformas De Produção";"PLAT. DE PÓS-PROD. E DESIGN";"SOLUÇÃO";"RCGRJ10696226";"";"QUARK TECNOLOGIA LTDA";"PAULA REGIS QUEIROZ AFONSO MUNIZ";"PENDING APPROVAL";"Em aprovação";"PENDING APPROVAL";"PENDING APPROVAL";2026-09-28 00:00:00,000;"PLATAFORMAS DE PRODUÇÃO (TECNOLOGIA)- Pool de Trascoding ION & EG (Amberfin) - QUARK (JEAN)";;2026-10-07 00:00:00,000;;70560
"30830";"Pool GC Vizrt ION (Fase 2)";"geonis.teixeira@g.globo";"Plataformas De Produção";"PLAT. DE PÓS-PROD. E DESIGN";"MDO";"RCGRJ10639776";"OCGCP10666513";"CROSSPOINT ELETRONICA LTDA";"MONIQUE MALTA DA SILVA FERNANDES MACHADO";"CLOSED FOR RECEIVING";"Aberto";"CLOSED FOR RECEIVING";"APPROVED";2026-04-27 00:00:00,000;"PLATAFORMAS DE PRODUÇÃO (TECNOLOGIA) - POOL GC VIZRT ION (FASE 2) - OUTSOURCING - ID562026 - CROSSPOINT";2026-04-27 00:00:00,000;2026-05-20 00:00:00,000;2026-05-20 00:00:00,000;155236,19
"30830";"Pool GC Vizrt ION (Fase 2)";"geonis.teixeira@g.globo";"Plataformas De Produção";"PLAT. DE PÓS-PROD. E DESIGN";"SOLUÇÃO";"RCGRJ10675083";"OCGCP10714354";"LENOVO TECNOLOGIA (BRASIL) LIMITADA";"CAROLINE LOPES MENDONCA";"CLOSED FOR RECEIVING";"Aberto";"CLOSED FOR RECEIVING";"APPROVED";2026-08-20 00:00:00,000;" CORE&SI (TECNOLOGIA) - POOL GC VIZRT ION (FASE 2) - WORKSTATION GC RJ [SOLUÇÃO]";2026-08-03 00:00:00,000;2026-07-28 00:00:00,000;2026-12-21 00:00:00,000;0,08
"30830";"Pool GC Vizrt ION (Fase 2)";"geonis.teixeira@g.globo";"Plataformas De Produção";"PLAT. DE PÓS-PROD. E DESIGN";"SOLUÇÃO";"RCGRJ10675324";"OCGCP10708697";"Electronic Team, Inc.";"RAFAEL LOPES ROSADO";"CLOSED FOR RECEIVING";"Aberto";"CLOSED FOR RECEIVING";"APPROVED";2026-08-06 00:00:00,000;"CORE&SI (TECNOLOGIA) - POOL GC VIZRT ION (FASE 2) - LIC SERIAL to ETHERNET - RJ [SOLUÇÃO]";2026-08-02 00:00:00,000;2026-07-28 00:00:00,000;2026-09-07 00:00:00,000;0,07
"30830";"Pool GC Vizrt ION (Fase 2)";"geonis.teixeira@g.globo";"Plataformas De Produção";"PLAT. DE PÓS-PROD. E DESIGN";"SOLUÇÃO";"RCGRJ10676043";"OCGCP10712018";"AD DIGITAL COMERCIO DE ELETRONICOS LTDA";"MONIQUE MALTA DA SILVA FERNANDES MACHADO";"CLOSED FOR RECEIVING";"Aberto";"CLOSED FOR RECEIVING";"APPROVED";2026-08-13 00:00:00,000;"DESPESAS EXTRAS COM O ID - 29 - Hediefferson de Almeida- 01/06/2026 a 30/06/2026";2026-08-13 00:00:00,000;2026-08-05 00:00:00,000;2026-08-05 00:00:00,000;441,59
"30830";"Pool GC Vizrt ION (Fase 2)";"geonis.teixeira@g.globo";"Plataformas De Produção";"PLAT. DE PÓS-PROD. E DESIGN";"SOLUÇÃO";"RCGRJ10683561";"OCGCP10720898";"VIZRT INC";"BRUNO DOMINGOS SIMOES";"CLOSED FOR RECEIVING";"Aberto";"CLOSED FOR RECEIVING";"APPROVED";2026-09-08 00:00:00,000;"CORE&SI (TECNOLOGIA) - POOL GC VIZRT ION (FASE 2) - Upgrade 4K GC CTL_3 JB - [SOLUÇÃO]";2026-08-27 00:00:00,000;2026-09-23 00:00:00,000;2026-09-23 00:00:00,000;340093,6
"30830";"Pool GC Vizrt ION (Fase 2)";"geonis.teixeira@g.globo";"Plataformas De Produção";"PLAT. DE PÓS-PROD. E DESIGN";"SOLUÇÃO";"RCGRJ10693073";"OCGCP10729211";"DELL COMPUTADORES DO BRASIL LTDA";"CAROLINE LOPES MENDONCA";"INCOMPLETE";"Aberto";"OC em aprovação";"APPROVED";2026-09-25 00:00:00,000;"CORE&SI (TECNOLOGIA) - POOL GC ION (FASE 2) - HARDWARE AGNÓSTICO BACKEND & GC ION [SOLUÇÃO]";2026-09-24 00:00:00,000;2026-10-18 00:00:00,000;2026-10-18 00:00:00,000;58495,479999999996
"30830";"Pool GC Vizrt ION (Fase 2)";"geonis.teixeira@g.globo";"Plataformas De Produção";"PLAT. DE PÓS-PROD. E DESIGN";"SOLUÇÃO";"RCGRJ10693073";"OCGCP10729210";"DELL COMPUTADORES DO BRASIL LTDA";"CAROLINE LOPES MENDONCA";"INCOMPLETE";"Aberto";"OC em aprovação";"APPROVED";2026-09-25 00:00:00,000;"CORE&SI (TECNOLOGIA) - POOL GC ION (FASE 2) - HARDWARE AGNÓSTICO BACKEND & GC ION [SOLUÇÃO]";2026-09-24 00:00:00,000;2026-10-18 00:00:00,000;2026-10-18 00:00:00,000;503109,6
"30830";"Pool GC Vizrt ION (Fase 2)";"geonis.teixeira@g.globo";"Plataformas De Produção";"PLAT. DE PÓS-PROD. E DESIGN";"SOLUÇÃO";"RCGSP10073335";"";"";"MARCUS VINICIUS DA SILVA GUEDES ALCOFORADO";"APPROVED";"Aberto";"APPROVED";"APPROVED";2026-08-31 00:00:00,000;"CORE&SI (TECNOLOGIA) - POOL GC VIZRT ION (FASE 2) - RENOVAÇÃO IPSUM WEATHER [12 MESES] - [SOLUÇÃO]";2026-09-10 00:00:00,000;2026-09-30 00:00:00,000;;140053,83000000002
"10814";"Pool Recursos Controles de Eventos";"rodrigo.ogura@g.globo";"Plataformas De Produção";"PLAT. DE CAPTAÇÃO E PRODUÇÃO";"SOLUÇÃO";"RCGDF10008532";"OCGCP10417284";"PAIXAO DISTRIBUICAO E COMERCIO LTDA";"JOSE MARIA AGUIAR AZEVEDO JUNIOR";"OPEN";"Aberto";"OPEN";"APPROVED";2024-09-09 00:00:00,000;"ISESC (TECNOLOGIA) - POOL DE RECURSOS - MATERIAL PARCERIA DF- B43845-A2158-M Capacitores - [SOLUÇÃO].";2024-09-06 00:00:00,000;2024-09-30 00:00:00,000;2024-09-30 00:00:00,000;78
"10814";"Pool Recursos Controles de Eventos";"rodrigo.ogura@g.globo";"Plataformas De Produção";"PLAT. DE CAPTAÇÃO E PRODUÇÃO";"SOLUÇÃO";"RCGRJ10230304";"OCGCP10233118";"GRASS VALLEY AQUISICAO DE MEDIA LTDA.";"VANUZA APARECIDA PIANES COELHO";"CLOSED FOR RECEIVING";"Aberto";"CLOSED FOR RECEIVING";"APPROVED";2023-06-28 00:00:00,000;"INFRAESTRUTURA E SEGURANÇA (TECNOLOGIA) – POOL DE RECURSOS ION - AQUISIÇÃO DE PROFESSIONAL SERVICES E SUPORTE DE MVW IP GRASS VALLEY [SOLUÇÃO]";2023-06-08 00:00:00,000;2023-06-02 00:00:00,000;2023-12-31 00:00:00,000;0,03
"10814";"Pool Recursos Controles de Eventos";"rodrigo.ogura@g.globo";"Plataformas De Produção";"PLAT. DE CAPTAÇÃO E PRODUÇÃO";"SOLUÇÃO";"RCGRJ10585141";"OCGCP10608157";"EXBIZ INTERMEDIACAO DE NEGOCIOS TECNOLOGICOS LTDA";"THAIS OLIVEIRA SPEZANI";"CLOSED FOR RECEIVING";"Aberto";"CLOSED FOR RECEIVING";"APPROVED";2025-12-01 00:00:00,000;"ISESC (TECNOLOGIA) - POOL RECURSOS CONTROLES DE EVENTOS - INSTALAÇÃO EXBIZ [SOLUÇÂO]";2025-12-01 00:00:00,000;2026-01-01 00:00:00,000;2026-01-01 00:00:00,000;4276,94
"29428";"Produção Central Multisites + HLD de Conectividade";"";"Plataformas De Produção";"PLAT. DE CAPTAÇÃO E PRODUÇÃO";"SOLUÇÃO";"RCGRJ10673003";"OCGCP10705204";"NET INSIGHT AB";"ISADORA DE MATOS GONCALVES SANTOS";"CLOSED FOR RECEIVING";"Aberto";"CLOSED FOR RECEIVING";"APPROVED";2026-07-28 00:00:00,000;"[Infra & Telecom - 29428] Aquisição de Nimbra 1060 com placas para o projeto do Prod. Central de BH";2026-07-24 00:00:00,000;2026-08-20 00:00:00,000;2026-08-20 00:00:00,000;425219,71
"20887";"Produção de conteúdos MPEG-H Rio e SP";"roberta.mesquita@g.globo";"Plataformas De Produção";"PLAT. DE CAPTAÇÃO E PRODUÇÃO";"SOLUÇÃO";"RCGMG10013038";"OCGCP10655281";"NGN TELECOM TECNOLOGIA LTDA";"MARCELO EDUARDO DE LIMA";"CLOSED FOR RECEIVING";"Aberto";"CLOSED FOR RECEIVING";"APPROVED";2026-03-27 00:00:00,000;"ISESC (TECNOLOGIA) - PRODUÇÃO DE CONTEÚDOS MPEG H RIO E SP - TREINAMENTO 2110 E PTP PARA BH E SP [SOLUÇÃO]";2026-02-10 00:00:00,000;2026-03-05 00:00:00,000;2026-03-05 00:00:00,000;48735
"20887";"Produção de conteúdos MPEG-H Rio e SP";"roberta.mesquita@g.globo";"Plataformas De Produção";"PLAT. DE CAPTAÇÃO E PRODUÇÃO";"MDO";"RCGRJ10415189";"OCGCP10429690";"AD DIGITAL COMERCIO DE ELETRONICOS LTDA";"MONIQUE MALTA DA SILVA FERNANDES MACHADO";"CLOSED FOR RECEIVING";"Aberto";"CLOSED FOR RECEIVING";"APPROVED";2024-10-07 00:00:00,000;"ISESC (TECNOLOGIA) - PRODUÇÃO DE CONTEÚDOS MPEG-H RIO E SP - MDO - NOVEMBRO/24 A FEVEREIRO/25 - RC3-28 - AD DIGITAL COMERCIO DE ELETRONICOS LTDA";2024-10-07 00:00:00,000;2024-10-04 00:00:00,000;2024-10-04 00:00:00,000;128
"20887";"Produção de conteúdos MPEG-H Rio e SP";"roberta.mesquita@g.globo";"Plataformas De Produção";"PLAT. DE CAPTAÇÃO E PRODUÇÃO";"SOLUÇÃO";"RCGRJ10415604";"OCGCP10430682";"AD DIGITAL COMERCIO DE ELETRONICOS LTDA";"MONIQUE MALTA DA SILVA FERNANDES MACHADO";"CLOSED FOR RECEIVING";"Aberto";"CLOSED FOR RECEIVING";"APPROVED";2024-10-08 00:00:00,000;"ISESC (TECNOLOGIA) - ROADMAP DE CÂMERAS – OBSOLESCÊNCIA, PRODUÇÃO DE CONTEÚDOS MPEG-H RIO E SP E UPR – UNIDADE DE PRODUÇÃO REMOTA - MDO - NOVEMBRO/24 A FEVEREIRO/25 - RC3-72 - AD DIGITAL COMERCIO DE ELETRONICOS LTDA";2024-10-08 00:00:00,000;2024-10-04 00:00:00,000;2024-10-04 00:00:00,000;1626,79
"20887";"Produção de conteúdos MPEG-H Rio e SP";"roberta.mesquita@g.globo";"Plataformas De Produção";"PLAT. DE CAPTAÇÃO E PRODUÇÃO";"SOLUÇÃO";"RCGRJ10504278";"OCGCP10549257";"GRASS VALLEY AQUISICAO DE MEDIA LTDA.";"VANUZA APARECIDA PIANES COELHO";"CLOSED FOR RECEIVING";"Aberto";"CLOSED FOR RECEIVING";"APPROVED";2025-07-09 00:00:00,000;"ISESC (TECNOLOGIA) - PRODUCAO DE CONTEUDO MPEG-H RIO E SP - MICROFONES SEM FIO E PAINEIS DE COMUNICACAO - GRASS VALLEY - CTL 5 JB";2025-05-01 00:00:00,000;2025-05-22 00:00:00,000;2025-05-22 00:00:00,000;2495,02
"20887";"Produção de conteúdos MPEG-H Rio e SP";"roberta.mesquita@g.globo";"Plataformas De Produção";"PLAT. DE CAPTAÇÃO E PRODUÇÃO";"SOLUÇÃO";"RCGRJ10506353";"OCGCP10516025";"DIMENSIONAL BRASIL SOLUCOES LTDA";"RUBENS RODRIGO MARQUES DE OLIVEIRA";"CLOSED";"Fechado";"CLOSED";"APPROVED";2025-04-28 00:00:00,000;"Produção de conteúdo MPEG-H Rio e SP - Infra MC";2025-04-28 00:00:00,000;2025-05-09 00:00:00,000;2025-05-09 00:00:00,000;71
"25982";"Produção Futebol+ em 4K HDR";"victor.chagas@g.globo";"Plataformas De Produção";"PLAT. DE CAPTAÇÃO E PRODUÇÃO";"SOLUÇÃO";"RCGPE10011786";"OCGCP10692067";"YOU CAST COMERCIO DE EQUIPAMENTOS ELETRONICOS LTDA";"CAROLINE LOPES MENDONCA";"CLOSED FOR RECEIVING";"Aberto";"CLOSED FOR RECEIVING";"APPROVED";2026-06-24 00:00:00,000;"ISESC (TECNOLOGIA) - Produção Futebol + em 4K HDR - SERVICO INTEGRACAO ALL IN ONE RECIFE - (YOUCAST [SOLUÇÃO])";2026-06-24 00:00:00,000;2026-06-24 00:00:00,000;2026-06-24 00:00:00,000;0,12
"25982";"Produção Futebol+ em 4K HDR";"victor.chagas@g.globo";"Plataformas De Produção";"PLAT. DE CAPTAÇÃO E PRODUÇÃO";"MDO";"RCGRJ10525220";"OCGCP10536590";"AD DIGITAL COMERCIO DE ELETRONICOS LTDA";"MONIQUE MALTA DA SILVA FERNANDES MACHADO";"CLOSED FOR RECEIVING";"Aberto";"CLOSED FOR RECEIVING";"APPROVED";2025-06-11 00:00:00,000;"ISESC (TECNOLOGIA) - PRODUÇÃO FUTEBOL+ EM 4K HDR - RESERVA MDO - AD DIGITAL COMERCIO DE ELETRONICOS LTDA";2025-06-11 00:00:00,000;2025-07-10 00:00:00,000;2025-07-10 00:00:00,000;8813,48
"25982";"Produção Futebol+ em 4K HDR";"victor.chagas@g.globo";"Plataformas De Produção";"PLAT. DE CAPTAÇÃO E PRODUÇÃO";"MDO";"RCGRJ10576423";"OCGCP10594615";"NTT BRASIL COMERCIO E SERVICOS DE TECNOLOGIA LTDA";"LUIZ FERNANDO CONCEICAO VARGAS";"CLOSED FOR RECEIVING";"Aberto";"CLOSED FOR RECEIVING";"APPROVED";2025-10-28 00:00:00,000;"ISESC (TECNOLOGIA) - PLATAFORMA DE CONTROLES RJ - CTL 1 SP - RESERVA MDO - RC2036 - NTT BRASIL COMERCIO E SERVICOS DE TECNOLOGIA LTDA";2025-10-28 00:00:00,000;2025-11-26 00:00:00,000;2025-11-26 00:00:00,000;7851,24
"25981";"Produção Remota para Missa SP";"arthurnsantos@g.globo";"Plataformas De Produção";"PLAT. DE CAPTAÇÃO E PRODUÇÃO";"MDO";"RCGRJ10570850";"OCGCP10587691";"SAVANA COMUNICACOES LTDA";"MONIQUE MALTA DA SILVA FERNANDES MACHADO";"CLOSED FOR RECEIVING";"Aberto";"CLOSED FOR RECEIVING";"APPROVED";2025-10-10 00:00:00,000;"ISESC (TECNOLOGIA) - PRODUÇÃO REMOTA PARA MISSA SP - RESERVA MDO - RC2015 - SAVANA";2025-10-10 00:00:00,000;2025-11-09 00:00:00,000;2025-11-09 00:00:00,000;5178,25
"25981";"Produção Remota para Missa SP";"arthurnsantos@g.globo";"Plataformas De Produção";"PLAT. DE CAPTAÇÃO E PRODUÇÃO";"MDO";"RCGRJ10576489";"OCGCP10593730";"AD DIGITAL COMERCIO DE ELETRONICOS LTDA";"MONIQUE MALTA DA SILVA FERNANDES MACHADO";"CLOSED FOR RECEIVING";"Aberto";"CLOSED FOR RECEIVING";"APPROVED";2025-10-27 00:00:00,000;"ISESC (TECNOLOGIA) -  PRODUÇÃO REMOTA PARA MISSA SP - RC2050 -  AD DIGITAL COMERCIO DE ELETRONICOS LTDA";2025-10-27 00:00:00,000;2025-11-26 00:00:00,000;2025-11-26 00:00:00,000;1593
"25943";"Produção Virtual EG - Fase 2";"julia.maia.rodrigues@g.globo";"Plataformas De Produção";"PLAT. DE PÓS-PROD. E DESIGN";"SOLUÇÃO";"RCGRJ10462732";"OCGCP10472481";"BMONT ENGENHARIA LTDA";"DENISE MARIA DA SILVA";"CLOSED FOR RECEIVING";"Aberto";"CLOSED FOR RECEIVING";"APPROVED";2025-01-21 00:00:00,000;"ISESC (TECNOLOGIA) - PRODUÇÃO VIRTUAL EG (FASE-2) - MDO LINHA REDUNDANTE BOX VIRTUAL";2025-01-16 00:00:00,000;2025-03-03 00:00:00,000;2025-03-03 00:00:00,000;1296
"25943";"Produção Virtual EG - Fase 2";"julia.maia.rodrigues@g.globo";"Plataformas De Produção";"PLAT. DE PÓS-PROD. E DESIGN";"MDO";"RCGRJ10525228";"OCGCP10536951";"AD DIGITAL COMERCIO DE ELETRONICOS LTDA";"MONIQUE MALTA DA SILVA FERNANDES MACHADO";"CLOSED FOR RECEIVING";"Aberto";"CLOSED FOR RECEIVING";"APPROVED";2025-06-11 00:00:00,000;"ISESC (TECNOLOGIA) - PRODUÇÃO VIRTUAL EG - FASE 2 - RESERVA MDO - AD DIGITAL COMERCIO DE ELETRONICOS LTDA";2025-06-11 00:00:00,000;2025-07-10 00:00:00,000;2025-07-10 00:00:00,000;4049,97
"25943";"Produção Virtual EG - Fase 2";"julia.maia.rodrigues@g.globo";"Plataformas De Produção";"PLAT. DE PÓS-PROD. E DESIGN";"MDO";"RCGRJ10587438";"OCGCP10607899";"INSI DIGITAL EVOLUTION S.A";"PAULA REGIS QUEIROZ AFONSO MUNIZ";"CLOSED FOR RECEIVING";"Aberto";"CLOSED FOR RECEIVING";"APPROVED";2025-12-01 00:00:00,000;"ISESC (TECNOLOGIA) - PRODUÇÃO VIRTUAL EG - FASE 2 - RESERVA MDO - META SERVICOS EM INFORMATICA SA";2025-12-01 00:00:00,000;2025-12-26 00:00:00,000;2025-12-26 00:00:00,000;749,6
"25943";"Produção Virtual EG - Fase 2";"julia.maia.rodrigues@g.globo";"Plataformas De Produção";"PLAT. DE PÓS-PROD. E DESIGN";"MDO";"RCGRJ10590308";"OCGCP10612840";"INSI DIGITAL EVOLUTION S.A";"PAULA REGIS QUEIROZ AFONSO MUNIZ";"CLOSED FOR RECEIVING";"Aberto";"CLOSED FOR RECEIVING";"APPROVED";2025-12-10 00:00:00,000;"ISESC (TECNOLOGIA) - PRODUÇÃO VIRTUAL EG - FASE 2 - RC2051 - META SERVICOS EM INFORMATICA SA";2025-12-10 00:00:00,000;2026-01-02 00:00:00,000;2026-01-02 00:00:00,000;6025,09
"30831";"Render (16) - EG";"geonis.teixeira@g.globo";"Plataformas De Produção";"PLAT. DE PÓS-PROD. E DESIGN";"SOLUÇÃO";"RCGMG10014585";"OCGCP10722751";"VIZRT INC";"BRUNO DOMINGOS SIMOES";"CLOSED FOR RECEIVING";"Aberto";"CLOSED FOR RECEIVING";"APPROVED";2026-09-11 00:00:00,000;"CORE&SI (TECNOLOGIA) – RENDER (16) EG - CONTINUIDADE MVP NEWSROOM DE BH - SOFTWARE VIZRT PILOT EDGE HTML5 - [SOLUÇÃO]";2026-09-10 00:00:00,000;2026-09-23 00:00:00,000;2026-11-14 00:00:00,000;507620,12
"30831";"Render (16) - EG";"geonis.teixeira@g.globo";"Plataformas De Produção";"PLAT. DE PÓS-PROD. E DESIGN";"SOLUÇÃO";"RCGRJ10624185";"OCGCP10702977";"LENOVO TECNOLOGIA (BRASIL) LIMITADA";"CAROLINE LOPES MENDONCA";"CLOSED FOR RECEIVING";"Aberto";"CLOSED FOR RECEIVING";"APPROVED";2026-07-21 00:00:00,000;"CORE&SI (TECNOLOGIA) – RENDER FARM - NOVA ARQUITETURA 2026 [SOLUÇÃO]";2026-07-20 00:00:00,000;2026-08-15 00:00:00,000;2026-11-30 00:00:00,000;955760,84999999986
"30831";"Render (16) - EG";"geonis.teixeira@g.globo";"Plataformas De Produção";"PLAT. DE PÓS-PROD. E DESIGN";"MDO";"RCGRJ10639765";"OCGCP10666515";"NTT BRASIL COMERCIO E SERVICOS DE TECNOLOGIA LTDA";"RAFAEL GOUVEIA DE SOUZA";"CLOSED FOR RECEIVING";"Aberto";"CLOSED FOR RECEIVING";"APPROVED";2026-04-27 00:00:00,000;"PLATAFORMAS DE PRODUÇÃO (TECNOLOGIA) - RENDER (16) - EG - OUTSOURCING - ID732026 - NTT.";2026-04-27 00:00:00,000;2026-05-20 00:00:00,000;2026-05-20 00:00:00,000;21960,07
"30831";"Render (16) - EG";"geonis.teixeira@g.globo";"Plataformas De Produção";"PLAT. DE PÓS-PROD. E DESIGN";"SOLUÇÃO";"RCGRJ10693073";"OCGCP10729210";"DELL COMPUTADORES DO BRASIL LTDA";"CAROLINE LOPES MENDONCA";"INCOMPLETE";"Aberto";"OC em aprovação";"APPROVED";2026-09-25 00:00:00,000;"CORE&SI (TECNOLOGIA) - POOL GC ION (FASE 2) - HARDWARE AGNÓSTICO BACKEND & GC ION [SOLUÇÃO]";2026-09-24 00:00:00,000;2026-10-18 00:00:00,000;2026-10-18 00:00:00,000;79824,68
"25939";"Renders VFX (35)";"geonis.teixeira@g.globo";"Plataformas De Produção";"PLAT. DE PÓS-PROD. E DESIGN";"MDO";"RCGRJ10539049";"OCGCP10552775";"AD DIGITAL COMERCIO DE ELETRONICOS LTDA";"MONIQUE MALTA DA SILVA FERNANDES MACHADO";"CLOSED FOR RECEIVING";"Aberto";"CLOSED FOR RECEIVING";"APPROVED";2025-07-17 00:00:00,000;"ISESC (TECNOLOGIA) - RENDERS VFX (35) - RESERVA MDO - RC10055 - AD DIGITAL COMERCIO DE ELETRONICOS LTDA";2025-07-17 00:00:00,000;2025-08-15 00:00:00,000;2025-08-15 00:00:00,000;9190,67
"25939";"Renders VFX (35)";"geonis.teixeira@g.globo";"Plataformas De Produção";"PLAT. DE PÓS-PROD. E DESIGN";"RESERVA";"RCGRJ10571842";"OCGCP10598206";"DELL COMPUTADORES DO BRASIL LTDA";"CAROLINE LOPES MENDONCA";"CLOSED FOR RECEIVING";"Aberto";"CLOSED FOR RECEIVING";"APPROVED";2025-11-06 00:00:00,000;"ISESC (TECNOLOGIA) - RENDERS VFX (35) - MINI PC - DELL - [RESERVA]";2025-11-02 00:00:00,000;2025-11-13 00:00:00,000;2025-11-24 00:00:00,000;0,01
"25939";"Renders VFX (35)";"geonis.teixeira@g.globo";"Plataformas De Produção";"PLAT. DE PÓS-PROD. E DESIGN";"MDO";"RCGRJ10573801";"OCGCP10594035";"BLACK ICE SECURITY LTDA";"PAULA REGIS QUEIROZ AFONSO MUNIZ";"CLOSED FOR RECEIVING";"Aberto";"CLOSED FOR RECEIVING";"APPROVED";2025-10-27 00:00:00,000;"ISESC (TECNOLOGIA) - RENDERS VFX (35) -RESERVA MDO - RC2023 - BLACK ICE SECURITY LTDA";2025-10-27 00:00:00,000;2025-11-19 00:00:00,000;2025-11-19 00:00:00,000;4225,97
"25939";"Renders VFX (35)";"geonis.teixeira@g.globo";"Plataformas De Produção";"PLAT. DE PÓS-PROD. E DESIGN";"SOLUÇÃO";"RCGRJ10695601";"";"QUARK TECNOLOGIA LTDA";"PAULA REGIS QUEIROZ AFONSO MUNIZ";"PENDING APPROVAL";"Em aprovação";"PENDING APPROVAL";"PENDING APPROVAL";2026-09-25 00:00:00,000;"PLATAFORMAS DE PRODUÇÃO (TECNOLOGIA) - RENDERS VFX (35) | MDO - QUARK";;2026-10-06 00:00:00,000;;20783,51
"14365";"Roadmap Câmeras de Cinema 4K";"arthurnsantos@g.globo";"Plataformas De Produção";"PLAT. DE CAPTAÇÃO E PRODUÇÃO";"SOLUÇÃO";"RCGRJ10278656";"OCGCP10278598";"SYS MANAGER INFORMATICA LTDA";"PAULA REGIS QUEIROZ AFONSO MUNIZ";"CLOSED FOR RECEIVING";"Aberto";"CLOSED FOR RECEIVING";"APPROVED";2023-10-11 00:00:00,000;"INFRAESTRUTURA E SEGURANÇA - RESERVA -   PROJETO Roadmap Câmeras de Cinema 4K  - Sysmanager - Outsourcing Jcorp";2023-10-11 00:00:00,000;2023-10-27 00:00:00,000;2023-10-27 00:00:00,000;0,63
"14365";"Roadmap Câmeras de Cinema 4K";"arthurnsantos@g.globo";"Plataformas De Produção";"PLAT. DE CAPTAÇÃO E PRODUÇÃO";"SOLUÇÃO";"RCGRJ10291997";"OCGCP10288196";"RBR COMERCIO E ASSITENCIA DE APARELHOS ELETRONICOS LTDA";"CAROLINE LOPES MENDONCA";"OPEN";"Aberto";"OPEN";"APPROVED";2023-11-06 00:00:00,000;"INFRAESTRUTURA E SEGURANÇA - Roadmap Câmeras de Cinema - Cabos Steadicam LEMO + Cabos SDI 50cm";2023-10-31 00:00:00,000;2023-10-31 00:00:00,000;2023-11-24 00:00:00,000;954,6
"18182";"Roadmap Câmeras de Cinema 4K - Fase 2";"arthurnsantos@g.globo";"Plataformas De Produção";"PLAT. DE CAPTAÇÃO E PRODUÇÃO";"SOLUÇÃO";"RCGRJ10278647";"OCGCP10278594";"SYS MANAGER INFORMATICA LTDA";"PAULA REGIS QUEIROZ AFONSO MUNIZ";"CLOSED FOR RECEIVING";"Aberto";"CLOSED FOR RECEIVING";"APPROVED";2023-10-11 00:00:00,000;"INFRAESTRUTURA E SEGURANÇA - SOLUÇÃO - PROJETO Roadmap Câmeras de Cinema 4K - Fase 2  - Sysmanager - Outsourcing Jcorp";2023-10-11 00:00:00,000;2023-10-27 00:00:00,000;2023-10-27 00:00:00,000;0,94
"18182";"Roadmap Câmeras de Cinema 4K - Fase 2";"arthurnsantos@g.globo";"Plataformas De Produção";"PLAT. DE CAPTAÇÃO E PRODUÇÃO";"SOLUÇÃO";"RCGRJ10278651";"OCGCP10279737";"SYS MANAGER INFORMATICA LTDA";"PAULA REGIS QUEIROZ AFONSO MUNIZ";"CLOSED FOR RECEIVING";"Aberto";"CLOSED FOR RECEIVING";"APPROVED";2023-10-14 00:00:00,000;"INFRAESTRUTURA E SEGURANÇA - SOLUÇÃO - PROJETO Roadmap Câmeras de Cinema 4K - Fase 2  - Sysmanager - Outsourcing Jcorp";2023-10-14 00:00:00,000;2023-10-27 00:00:00,000;2023-10-27 00:00:00,000;0,97
"18182";"Roadmap Câmeras de Cinema 4K - Fase 2";"arthurnsantos@g.globo";"Plataformas De Produção";"PLAT. DE CAPTAÇÃO E PRODUÇÃO";"SOLUÇÃO";"RCGRJ10278809";"OCGCP10279738";"SYS MANAGER INFORMATICA LTDA";"PAULA REGIS QUEIROZ AFONSO MUNIZ";"CLOSED FOR RECEIVING";"Aberto";"CLOSED FOR RECEIVING";"APPROVED";2023-10-14 00:00:00,000;"INFRAESTRUTURA E SEGURANÇA - SOLUÇÃO - PROJETO Roadmap Câmeras de Cinema 4K - Fase 2 - Outsourcing Jcorp (Planejamento estratégico)";2023-10-14 00:00:00,000;2023-10-27 00:00:00,000;2023-10-27 00:00:00,000;1,75
"18182";"Roadmap Câmeras de Cinema 4K - Fase 2";"arthurnsantos@g.globo";"Plataformas De Produção";"PLAT. DE CAPTAÇÃO E PRODUÇÃO";"SOLUÇÃO";"RCGRJ10288319";"OCGCP10285653";"SYS MANAGER INFORMATICA LTDA";"JUAREZ AURELIO TORRES DA SILVA";"CLOSED FOR RECEIVING";"Aberto";"CLOSED FOR RECEIVING";"APPROVED";2023-10-30 00:00:00,000;"Infraestrutura Segurança e Soluções de Conteúdo ISESC - SOLUÇÃO -  PROJETO Roadmap Câmeras de Cinema 4K - Fase 2; Obsolescência Ilhas Edção (G5) e Controle Mestre Tier-1 (TV Aberta)  - Outsourcing Jcorp - Evolução APIs IBMS";2023-10-30 00:00:00,000;2023-11-22 00:00:00,000;2023-11-22 00:00:00,000;0,56
"18182";"Roadmap Câmeras de Cinema 4K - Fase 2";"arthurnsantos@g.globo";"Plataformas De Produção";"PLAT. DE CAPTAÇÃO E PRODUÇÃO";"SOLUÇÃO";"RCGRJ10333103";"OCGCP10332419";"AD DIGITAL COMERCIO DE ELETRONICOS LTDA";"MONIQUE MALTA DA SILVA FERNANDES MACHADO";"CLOSED FOR RECEIVING";"Aberto";"CLOSED FOR RECEIVING";"APPROVED";2024-02-16 00:00:00,000;"ISESC (TECNOLOGIA) - Roadmap Câmeras de Cinema 4K - Fase 2 - AD DIGITAL - MDO - Fev/24";2024-02-16 00:00:00,000;2024-03-06 00:00:00,000;2024-03-06 00:00:00,000;328,54
"20890";"Roadmap Controles - Obsolescência Audio Mixer";"roberta.mesquita@g.globo";"Plataformas De Produção";"PLAT. DE CAPTAÇÃO E PRODUÇÃO";"SOLUÇÃO";"RCGMG10013997";"OCGCP10685664";"LOJA ELETRICA LTDA";"JOSE MARIA AGUIAR AZEVEDO JUNIOR";"OPEN";"Aberto";"OPEN";"APPROVED";2026-06-11 00:00:00,000;"PLATAFORMAS DE PRODUÇÃO (TECNOLOGIA) -  OBS. AUDIO MIXER - CTLA BH -  MATERIAIS PARA INSTALAÇÃO DOS RACKS NO ESTUDIO";2026-06-10 00:00:00,000;2026-07-10 00:00:00,000;2026-07-10 00:00:00,000;1126,8
"20890";"Roadmap Controles - Obsolescência Audio Mixer";"roberta.mesquita@g.globo";"Plataformas De Produção";"PLAT. DE CAPTAÇÃO E PRODUÇÃO";"SOLUÇÃO";"RCGMG10014034";"OCGCP10691133";"MANSERV FACILITIES LTDA";"RICARDO APPARECIDO ROCHA";"CLOSED FOR RECEIVING";"Aberto";"CLOSED FOR RECEIVING";"APPROVED";2026-06-23 00:00:00,000;"PLATAFORMAS DE PRODUÇÃO (TECNOLOGIA) - OBS. AUDIO MIXER - CTLA BH - SERVIÇO DE MDO PARA INSTALAÇÃO DOS RACKS - MANSERV";2026-06-23 00:00:00,000;2026-06-16 00:00:00,000;2026-06-16 00:00:00,000;1126,8
"20890";"Roadmap Controles - Obsolescência Audio Mixer";"roberta.mesquita@g.globo";"Plataformas De Produção";"PLAT. DE CAPTAÇÃO E PRODUÇÃO";"SOLUÇÃO";"RCGMG10014619";"OCGCP10722914";"DYNPRO SYSTEM INTEGRATOR LLC";"BRUNO DOMINGOS SIMOES";"OPEN";"Aberto";"OPEN";"APPROVED";2026-09-11 00:00:00,000;"PLATAFORMAS DE PRODUÇÃO (TECNOLOGIA) -  ROADMAP CONTROLES OBS. AUDIO MIXER - MIXER CONTROLE A BH - MIXER mc²56 MKIII 16+16C- LAWO";2026-09-03 00:00:00,000;2026-09-25 00:00:00,000;2026-12-15 00:00:00,000;1359886,6
"20890";"Roadmap Controles - Obsolescência Audio Mixer";"roberta.mesquita@g.globo";"Plataformas De Produção";"PLAT. DE CAPTAÇÃO E PRODUÇÃO";"SOLUÇÃO";"RCGMG10014619";"OCGCP10722908";"DYNPRO SYSTEM INTEGRATOR LLC";"BRUNO DOMINGOS SIMOES";"CLOSED FOR RECEIVING";"Aberto";"CLOSED FOR RECEIVING";"APPROVED";2026-09-11 00:00:00,000;"PLATAFORMAS DE PRODUÇÃO (TECNOLOGIA) -  ROADMAP CONTROLES OBS. AUDIO MIXER - MIXER CONTROLE A BH - MIXER mc²56 MKIII 16+16C- LAWO";2026-09-03 00:00:00,000;2026-09-25 00:00:00,000;2026-12-15 00:00:00,000;338482,75
"20890";"Roadmap Controles - Obsolescência Audio Mixer";"roberta.mesquita@g.globo";"Plataformas De Produção";"PLAT. DE CAPTAÇÃO E PRODUÇÃO";"SOLUÇÃO";"RCGMG10014619";"OCGCP10722914";"DYNPRO SYSTEM INTEGRATOR LLC";"BRUNO DOMINGOS SIMOES";"OPEN";"Aberto";"OPEN";"APPROVED";2026-09-11 00:00:00,000;"PLATAFORMAS DE PRODUÇÃO (TECNOLOGIA) -  ROADMAP CONTROLES OBS. AUDIO MIXER - MIXER CONTROLE A BH - MIXER mc²56 MKIII 16+16C- LAWO";2026-09-03 00:00:00,000;2026-09-24 00:00:00,000;2026-12-15 00:00:00,000;47971,53
"20890";"Roadmap Controles - Obsolescência Audio Mixer";"roberta.mesquita@g.globo";"Plataformas De Produção";"PLAT. DE CAPTAÇÃO E PRODUÇÃO";"SOLUÇÃO";"RCGMG10014875";"";"LAWO AG";"SNEJANA MOISEI VIEIRA LIMA";"PENDING APPROVAL";"Em aprovação";"PENDING APPROVAL";"PENDING APPROVAL";2026-09-25 00:00:00,000;"PLATAFORMAS DE PRODUÇÃO (TECNOLOGIA) - ROADMAP CONTROLES OBS. AUDIO MIXER - LICENÇA PARA O MIXER CONTROLE A BH- LAWO";;2026-10-25 00:00:00,000;;64981,85
"20890";"Roadmap Controles - Obsolescência Audio Mixer";"roberta.mesquita@g.globo";"Plataformas De Produção";"PLAT. DE CAPTAÇÃO E PRODUÇÃO";"SOLUÇÃO";"RCGRJ10462272";"OCGCP10482183";"DYNPRO SYSTEM INTEGRATOR LLC";"PATRICIA DE LIMA ALVES";"OPEN";"Aberto";"OPEN";"APPROVED";2025-02-13 00:00:00,000;"ISESC (TECNOLOGIA) - ROADMAP CONTROLES - OBSOLESCÊNCIA AUDIO MIXER (LAWO)";2025-01-24 00:00:00,000;2025-02-14 00:00:00,000;2025-05-30 00:00:00,000;7373,23
"20890";"Roadmap Controles - Obsolescência Audio Mixer";"roberta.mesquita@g.globo";"Plataformas De Produção";"PLAT. DE CAPTAÇÃO E PRODUÇÃO";"SOLUÇÃO";"RCGRJ10683052";"OCGCP10725810";"NTT BRASIL COMERCIO E SERVICOS DE TECNOLOGIA LTDA";"RAFAEL GOUVEIA DE SOUZA";"OPEN";"Aberto";"OPEN";"APPROVED";2026-09-18 00:00:00,000;"PLATAFORMAS DE PRODUÇÃO (TECNOLOGIA) -ROADMAP CONTROLES OBSOLESCÊNCIA AUDIO MIXER BH - SWITCHERS CISCO PARA DISTRIBUIÇÃO DE ÁUDIO - NTT";2026-09-18 00:00:00,000;2026-09-20 00:00:00,000;2026-11-09 00:00:00,000;454451,1
"20890";"Roadmap Controles - Obsolescência Audio Mixer";"roberta.mesquita@g.globo";"Plataformas De Produção";"PLAT. DE CAPTAÇÃO E PRODUÇÃO";"SOLUÇÃO";"RCGRJ10686535";"OCGCP10723956";"NEW AUDIO TECHNOLOGY";"MARCUS VINICIUS DA SILVA GUEDES ALCOFORADO";"OPEN";"Aberto";"OPEN";"APPROVED";2026-09-15 00:00:00,000;"PLATAFORMAS DE PRODUÇÃO (TECNOLOGIA) - ROADMAP CONTROLES OBSOLESCÊNCIA AUDIO MIXER - BH - SADP PARA CONTEÚDO DE ÁUDIO IMERSIVO - NEW AUDIO TECHNOLOGY";2026-09-03 00:00:00,000;2026-10-01 00:00:00,000;2026-10-19 00:00:00,000;245803,96
"20890";"Roadmap Controles - Obsolescência Audio Mixer";"roberta.mesquita@g.globo";"Plataformas De Produção";"PLAT. DE CAPTAÇÃO E PRODUÇÃO";"SOLUÇÃO";"RCGRJ10694384";"";"BRIDGE CONSULTING TECNOLOGIA DA INFORMACAO LTDA";"MARIANA GYBSON DE CARVALHO FONSECA";"APPROVED";"Aberto";"APPROVED";"APPROVED";2026-09-22 00:00:00,000;"PLATAFORMAS DE PRODUÇÃO (TECNOLOGIA) - ROADMAP CONTROLES OBS. AUDIO MIXER - AQUISIÇÃO DO NOVO SISTEMA DE MONITORAMENTO SINAIS 2110 E PTP REFERÊNCIA PARA O CORE IP - BRIDGE";2026-09-24 00:00:00,000;2026-09-29 00:00:00,000;;542613,59000000008
"20891";"Roadmap Controles - Obsolescência Multiviewer";"rodrigo.ogura@g.globo";"Plataformas De Produção";"PLAT. DE CAPTAÇÃO E PRODUÇÃO";"MDO";"RCGRJ10414911";"OCGCP10429692";"AD DIGITAL COMERCIO DE ELETRONICOS LTDA";"MONIQUE MALTA DA SILVA FERNANDES MACHADO";"CLOSED FOR RECEIVING";"Aberto";"CLOSED FOR RECEIVING";"APPROVED";2024-10-07 00:00:00,000;"ISESC (TECNOLOGIA) - ROADMAP CONTROLES - OBSOLESCÊNCIA MULTIVIEWER - MDO - NOVEMBRO/24 A FEVEREIRO/25 - RC3-15 - AD DIGITAL COMERCIO DE ELETRONICOS LTDA";2024-10-07 00:00:00,000;2024-10-04 00:00:00,000;2024-10-04 00:00:00,000;37,02
"20891";"Roadmap Controles - Obsolescência Multiviewer";"rodrigo.ogura@g.globo";"Plataformas De Produção";"PLAT. DE CAPTAÇÃO E PRODUÇÃO";"MDO";"RCGRJ10416145";"OCGCP10417641";"AD DIGITAL COMERCIO DE ELETRONICOS LTDA";"MONIQUE MALTA DA SILVA FERNANDES MACHADO";"CLOSED FOR RECEIVING";"Aberto";"CLOSED FOR RECEIVING";"APPROVED";2024-09-10 00:00:00,000;"ISESC (TECNOLOGIA) - ROADMAP CONTROLES - OBSOLESCÊNCIA MULTIVIEWER - ROADMAP DE CÂMERAS – DSLR - ROADMAP INSTANT REPLAY - OBSOLESCÊNCIA - SETEMBRO/24 A OUTUBRO/24 - RC2-18 - AD DIGITAL COMERCIO DE ELETRONICOS LTDA";2024-09-10 00:00:00,000;2024-10-05 00:00:00,000;2024-10-05 00:00:00,000;278,07
"20891";"Roadmap Controles - Obsolescência Multiviewer";"rodrigo.ogura@g.globo";"Plataformas De Produção";"PLAT. DE CAPTAÇÃO E PRODUÇÃO";"SOLUÇÃO";"RCGRJ10523562";"OCGCP10581146";"GRASS VALLEY AQUISICAO DE MEDIA LTDA.";"PATRICIA DE LIMA ALVES";"CLOSED FOR RECEIVING";"Aberto";"CLOSED FOR RECEIVING";"APPROVED";2025-09-25 00:00:00,000;"ISESC (TECNOLOGIA) - ROADMAP CONTROLES - OBSOLESCÊNCIA MULTVIWER JB  (FASE 1) - AQUISIÇÃO DA SOLUÇÃO, COMISSIONAMENTO E SUPORTE  DO MULTVIWER  PARA O COC JB - GRASS VALLEY [SOLUÇÃO]";2025-06-23 00:00:00,000;2025-07-11 00:00:00,000;2025-10-10 00:00:00,000;11936,19
"20891";"Roadmap Controles - Obsolescência Multiviewer";"rodrigo.ogura@g.globo";"Plataformas De Produção";"PLAT. DE CAPTAÇÃO E PRODUÇÃO";"SOLUÇÃO";"RCGRJ10582351";"OCGCP10602764";"CENTAURO ENGENHARIA E INFORMATICA LTDA";"THAIS OLIVEIRA SPEZANI";"CLOSED FOR RECEIVING";"Aberto";"CLOSED FOR RECEIVING";"APPROVED";2025-11-17 00:00:00,000;"ISESC (TECNOLOGIA) - Roadmap Controles - Obsolescência Multiviewer - AQUISIÇÃO DE MDO INTEGRAÇÃO JB DC2 COT - CENTAURO [SOLUÇÃO]";2025-11-17 00:00:00,000;2025-11-11 00:00:00,000;2025-11-11 00:00:00,000;2,41
"20891";"Roadmap Controles - Obsolescência Multiviewer";"rodrigo.ogura@g.globo";"Plataformas De Produção";"PLAT. DE CAPTAÇÃO E PRODUÇÃO";"SOLUÇÃO";"RCGRJ10630754";"OCGCP10659294";"UNIT IMPORT EXPORT LLC";"THAYSA ROCHA FERREIRA";"OPEN";"Aberto";"OPEN";"APPROVED";2026-04-08 00:00:00,000;"ISESC (TECNOLOGIA) - ROADMAP CONTROLES -OBSOLESCENCIA MULTIVIEWER - AQUISIÇÃO DE LICENÇAS E COMISSIONAMENTO PARA TALLY MULTIVIEWER/TSI3000- ALLIANCE TECHNOLOGIES LTDA [SOLUÇÃO]";2026-03-30 00:00:00,000;2026-05-26 00:00:00,000;2026-05-26 00:00:00,000;93233,89
"20896";"Roadmap de Câmeras - DSLR";"fparisi@g.globo";"Plataformas De Produção";"PLAT. DE CAPTAÇÃO E PRODUÇÃO";"SOLUÇÃO";"RCGRJ10414604";"OCGCP10415866";"AD DIGITAL COMERCIO DE ELETRONICOS LTDA";"MONIQUE MALTA DA SILVA FERNANDES MACHADO";"CLOSED FOR RECEIVING";"Aberto";"CLOSED FOR RECEIVING";"APPROVED";2024-09-05 00:00:00,000;"ISESC (TECNOLOGIA) - ROADMAP DE CÂMERAS - DSLR/ MICROFONES EARSET MG2/ ROADMAP DE ILUMINAÇÃO - OBS/ OBS - MICROFONE SEM FIO E PAINEIS DE COMUNICAÇÃO/ ROADMAP DE CÂMERAS - OBSOLESCÊNCIA - MDO - SETEMBRO/24 A OUTUBRO/24 - RC2-7 - AD DIGITAL";2024-09-05 00:00:00,000;2024-10-03 00:00:00,000;2024-10-03 00:00:00,000;334,07
"20896";"Roadmap de Câmeras - DSLR";"fparisi@g.globo";"Plataformas De Produção";"PLAT. DE CAPTAÇÃO E PRODUÇÃO";"MDO";"RCGRJ10415500";"OCGCP10431100";"AD DIGITAL COMERCIO DE ELETRONICOS LTDA";"MONIQUE MALTA DA SILVA FERNANDES MACHADO";"CLOSED FOR RECEIVING";"Aberto";"CLOSED FOR RECEIVING";"APPROVED";2024-10-09 00:00:00,000;"ISESC (TECNOLOGIA) - ROADMAP DE CÂMERAS - DSLR - MDO - NOVEMBRO/24 A FEVEREIRO/25 - RC3-44 - AD DIGITAL COMERCIO DE ELETRONICOS LTDA";2024-10-09 00:00:00,000;2024-10-04 00:00:00,000;2024-10-04 00:00:00,000;4316
"20896";"Roadmap de Câmeras - DSLR";"fparisi@g.globo";"Plataformas De Produção";"PLAT. DE CAPTAÇÃO E PRODUÇÃO";"MDO";"RCGRJ10416145";"OCGCP10417641";"AD DIGITAL COMERCIO DE ELETRONICOS LTDA";"MONIQUE MALTA DA SILVA FERNANDES MACHADO";"CLOSED FOR RECEIVING";"Aberto";"CLOSED FOR RECEIVING";"APPROVED";2024-09-10 00:00:00,000;"ISESC (TECNOLOGIA) - ROADMAP CONTROLES - OBSOLESCÊNCIA MULTIVIEWER - ROADMAP DE CÂMERAS – DSLR - ROADMAP INSTANT REPLAY - OBSOLESCÊNCIA - SETEMBRO/24 A OUTUBRO/24 - RC2-18 - AD DIGITAL COMERCIO DE ELETRONICOS LTDA";2024-09-10 00:00:00,000;2024-10-05 00:00:00,000;2024-10-05 00:00:00,000;567,89
"18913";"Roadmap de Controles - MVP Central Production";"victor.chagas@g.globo";"Plataformas De Produção";"PLAT. DE CAPTAÇÃO E PRODUÇÃO";"SOLUÇÃO";"RCGRJ10289163";"OCGCP10287652";"GRASS VALLEY AQUISICAO DE MEDIA LTDA.";"JULIANA NASCIMENTO BARRETO DE AZEVEDO";"CLOSED FOR RECEIVING";"Aberto";"CLOSED FOR RECEIVING";"APPROVED";2023-11-03 00:00:00,000;"RC EXCLUSIVA - [Infraestrutura , Segurança e Soluções de Conteúdo] Tecnologia - Central Production - MVP - Servidores GV para AMPP - Grass Valley";2023-10-29 00:00:00,000;2023-11-23 00:00:00,000;2023-11-23 00:00:00,000;0,01
"18913";"Roadmap de Controles - MVP Central Production";"victor.chagas@g.globo";"Plataformas De Produção";"PLAT. DE CAPTAÇÃO E PRODUÇÃO";"SOLUÇÃO";"RCGRJ10296134";"OCGCP10320091";"DELL COMPUTADORES DO BRASIL LTDA";"THAIS OLIVEIRA SPEZANI";"CLOSED FOR RECEIVING";"Aberto";"CLOSED FOR RECEIVING";"APPROVED";2024-01-16 00:00:00,000;"ISESC (TECNOLOGIA) - PRODUÇÃO CENTRAL - DELL - COMPRA DE SERVIDORES PARA O GC DO ION E BH PARA O MVP";2024-01-15 00:00:00,000;2024-02-11 00:00:00,000;2024-02-11 00:00:00,000;0,090000000000000011
"18913";"Roadmap de Controles - MVP Central Production";"victor.chagas@g.globo";"Plataformas De Produção";"PLAT. DE CAPTAÇÃO E PRODUÇÃO";"SOLUÇÃO";"RCGRJ10510159";"OCGCP10473613";"PacketStorm Communications, Inc";"VANUZA APARECIDA PIANES COELHO";"OPEN";"Aberto";"OPEN";"APPROVED";2025-05-16 00:00:00,000;"ISESC (TECNOLOGIA) - MVP CENTRAL PRODUCTION - PACKET STORM - EMPRÉSTIMO ANALISADOR SINAL VÍDEO";2025-05-08 00:00:00,000;2025-06-05 00:00:00,000;2025-06-05 00:00:00,000;18334,93
"20572";"Roadmap de GCs";"geonis.teixeira@g.globo";"Plataformas De Produção";"PLAT. DE PÓS-PROD. E DESIGN";"SOLUÇÃO";"RCGPE10009106";"OCGCP10513045";"VIZRT INC";"PATRICIA DE LIMA ALVES";"CLOSED FOR RECEIVING";"Aberto";"CLOSED FOR RECEIVING";"APPROVED";2025-04-17 00:00:00,000;"ISESC (TECNOLOGIA) - ROADMAP DE GCs - HARDWARES GC REC [FORN. VIZRT] [SOLUÇÃO]";2025-04-09 00:00:00,000;2025-04-30 00:00:00,000;2025-05-15 00:00:00,000;0,06
"20572";"Roadmap de GCs";"geonis.teixeira@g.globo";"Plataformas De Produção";"PLAT. DE PÓS-PROD. E DESIGN";"SOLUÇÃO";"RCGPE10009107";"OCGCP10511908";"LENOVO TECNOLOGIA (BRASIL) LIMITADA";"PATRICIA DE LIMA ALVES";"CLOSED FOR RECEIVING";"Aberto";"CLOSED FOR RECEIVING";"APPROVED";2025-04-16 00:00:00,000;"ISESC (TECNOLOGIA) - ROADMAP DE GCs - SERVIDORES & WORKSTATIONS GC REC [FORN. LENOVO] [SOLUÇÃO]";2025-04-09 00:00:00,000;2025-04-30 00:00:00,000;2025-06-27 00:00:00,000;0,17
"20572";"Roadmap de GCs";"geonis.teixeira@g.globo";"Plataformas De Produção";"PLAT. DE PÓS-PROD. E DESIGN";"MDO";"RCGRJ10415058";"OCGCP10420634";"ACCENTURE DO BRASIL LTDA";"BRUNO DUTRA GOMES";"CLOSED FOR RECEIVING";"Aberto";"CLOSED FOR RECEIVING";"APPROVED";2024-09-17 00:00:00,000;"ISESC (TECNOLOGIA) - ROADMAP DE GCS - MDO - SETEMBRO/24 A FEVEREIRO/25 - RC2-54 - ACCENTURE DO BRASIL LTDA";2024-09-17 00:00:00,000;2024-10-04 00:00:00,000;2024-10-04 00:00:00,000;1121,47
"20572";"Roadmap de GCs";"geonis.teixeira@g.globo";"Plataformas De Produção";"PLAT. DE PÓS-PROD. E DESIGN";"SOLUÇÃO";"RCGRJ10495069";"OCGCP10511890";"LENOVO TECNOLOGIA (BRASIL) LIMITADA";"PATRICIA DE LIMA ALVES";"CLOSED FOR RECEIVING";"Aberto";"CLOSED FOR RECEIVING";"APPROVED";2025-04-16 00:00:00,000;"ISESC (TECNOLOGIA) - ROADMAP DE GCs - OBS. CONTROLE 3 ION - SERVIDORES & WORKSTATONS GC [FORN. LENOVO] [SOLUÇÃO]";2025-04-09 00:00:00,000;2025-04-30 00:00:00,000;2025-06-27 00:00:00,000;0,06
"20572";"Roadmap de GCs";"geonis.teixeira@g.globo";"Plataformas De Produção";"PLAT. DE PÓS-PROD. E DESIGN";"SOLUÇÃO";"RCGRJ10551610";"OCGCP10576352";"LENOVO TECNOLOGIA (BRASIL) LIMITADA";"PATRICIA DE LIMA ALVES";"CLOSED FOR RECEIVING";"Aberto";"CLOSED FOR RECEIVING";"APPROVED";2025-09-15 00:00:00,000;"ISESC (TECNOLOGIA) - ROADMAP DE GCs - SERVIÇO LENOVO - SP+RJ+REC [SOLUÇÃO]";2025-08-28 00:00:00,000;2025-09-18 00:00:00,000;2025-10-15 00:00:00,000;0,06
"23397";"Roadmap de Iluminação - Carros de Iluminação EG";"fparisi@g.globo";"Plataformas De Produção";"PLAT. DE CAPTAÇÃO E PRODUÇÃO";"MDO";"RCGRJ10519672";"OCGCP10529990";"SYS MANAGER INFORMATICA LTDA";"JUAREZ AURELIO TORRES DA SILVA";"CLOSED FOR RECEIVING";"Aberto";"CLOSED FOR RECEIVING";"APPROVED";2025-05-27 00:00:00,000;"ISESC (TECNOLOGIA) - ROADMAP DE ILUMINAÇÃO - CARROS DE ILUMINAÇÃO EG - RESERVA MDO - RC141 - SYSMANAGER";2025-05-27 00:00:00,000;2025-06-26 00:00:00,000;2025-06-26 00:00:00,000;555,39
"23397";"Roadmap de Iluminação - Carros de Iluminação EG";"fparisi@g.globo";"Plataformas De Produção";"PLAT. DE CAPTAÇÃO E PRODUÇÃO";"MDO";"RCGRJ10525253";"OCGCP10536591";"NTT BRASIL COMERCIO E SERVICOS DE TECNOLOGIA LTDA";"LUIZ FERNANDO CONCEICAO VARGAS";"CLOSED FOR RECEIVING";"Aberto";"CLOSED FOR RECEIVING";"APPROVED";2025-06-11 00:00:00,000;"ISESC (TECNOLOGIA) - ROADMAP DE ILUMINAÇÃO - CARROS DE ILUMINAÇÃO EG - RESERVA MDO - NTT BRASIL COMERCIO E SERVICOS DE TECNOLOGIA LTDA";2025-06-11 00:00:00,000;2025-07-10 00:00:00,000;2025-07-10 00:00:00,000;8264,14
"23397";"Roadmap de Iluminação - Carros de Iluminação EG";"fparisi@g.globo";"Plataformas De Produção";"PLAT. DE CAPTAÇÃO E PRODUÇÃO";"MDO";"RCGRJ10526321";"OCGCP10537804";"CONVERGINT COMERCIO E SERVICOS DE TECNOLOGIA LTDA";"MONIQUE MALTA DA SILVA FERNANDES MACHADO";"CLOSED FOR RECEIVING";"Aberto";"CLOSED FOR RECEIVING";"APPROVED";2025-06-13 00:00:00,000;"ISESC (TECNOLOGIA) - ROADMAP DE ILUMINAÇÃO - CARROS DE ILUMINAÇÃO EG - RESERVA MDO - CONVERGINT/SEAL";2025-06-13 00:00:00,000;2025-07-11 00:00:00,000;2025-07-11 00:00:00,000;12227,21
"23397";"Roadmap de Iluminação - Carros de Iluminação EG";"fparisi@g.globo";"Plataformas De Produção";"PLAT. DE CAPTAÇÃO E PRODUÇÃO";"MDO";"RCGRJ10539106";"OCGCP10554406";"AD DIGITAL COMERCIO DE ELETRONICOS LTDA";"MONIQUE MALTA DA SILVA FERNANDES MACHADO";"CLOSED FOR RECEIVING";"Aberto";"CLOSED FOR RECEIVING";"APPROVED";2025-07-21 00:00:00,000;"ISESC (TECNOLOGIA) - ROADMAP DE ILUMINAÇÃO - CARROS DE ILUMINAÇÃO EG - RESERVA MDO - RC10031 - AD DIGITAL COMERCIO DE ELETRONICOS LTDA";2025-07-21 00:00:00,000;2025-08-15 00:00:00,000;2025-08-15 00:00:00,000;1354,27
"23397";"Roadmap de Iluminação - Carros de Iluminação EG";"fparisi@g.globo";"Plataformas De Produção";"PLAT. DE CAPTAÇÃO E PRODUÇÃO";"MDO";"RCGRJ10576474";"OCGCP10593943";"AD DIGITAL COMERCIO DE ELETRONICOS LTDA";"MONIQUE MALTA DA SILVA FERNANDES MACHADO";"CLOSED FOR RECEIVING";"Aberto";"CLOSED FOR RECEIVING";"APPROVED";2025-10-27 00:00:00,000;"ISESC (TECNOLOGIA) - CARROS DE ILUMINAÇÃO LED FASE 1 - RC2043 -  AD DIGITAL COMERCIO DE ELETRONICOS LTDA";2025-10-27 00:00:00,000;2025-11-26 00:00:00,000;2025-11-26 00:00:00,000;105
"23397";"Roadmap de Iluminação - Carros de Iluminação EG";"fparisi@g.globo";"Plataformas De Produção";"PLAT. DE CAPTAÇÃO E PRODUÇÃO";"SOLUÇÃO";"RCGRJ10635315";"OCGCP10689701";"DINSMORECOMPASS TECNOLOGIA DA INFORMACAO LTDA";"MONIQUE MALTA DA SILVA FERNANDES MACHADO";"CLOSED FOR RECEIVING";"Aberto";"CLOSED FOR RECEIVING";"APPROVED";2026-06-19 00:00:00,000;"SPOT - Segurança Empresarial SEG ELE | Operacional: Prestação de serviços de gerenciamento do projeto para controle de acesso no CCR - Térreo - SAUD - 583A E 591.";2026-06-16 00:00:00,000;2026-06-16 00:00:00,000;2026-06-16 00:00:00,000;0,87
"20897";"Roadmap de Iluminação - Obsolescência";"arthurnsantos@g.globo";"Plataformas De Produção";"PLAT. DE CAPTAÇÃO E PRODUÇÃO";"SOLUÇÃO";"RCGRJ10414604";"OCGCP10415866";"AD DIGITAL COMERCIO DE ELETRONICOS LTDA";"MONIQUE MALTA DA SILVA FERNANDES MACHADO";"CLOSED FOR RECEIVING";"Aberto";"CLOSED FOR RECEIVING";"APPROVED";2024-09-05 00:00:00,000;"ISESC (TECNOLOGIA) - ROADMAP DE CÂMERAS - DSLR/ MICROFONES EARSET MG2/ ROADMAP DE ILUMINAÇÃO - OBS/ OBS - MICROFONE SEM FIO E PAINEIS DE COMUNICAÇÃO/ ROADMAP DE CÂMERAS - OBSOLESCÊNCIA - MDO - SETEMBRO/24 A OUTUBRO/24 - RC2-7 - AD DIGITAL";2024-09-05 00:00:00,000;2024-10-03 00:00:00,000;2024-10-03 00:00:00,000;1225,93
"29986";"Roadmap Estudio Rede 4k - Cameras RJ";"fparisi@g.globo";"Plataformas De Produção";"PLAT. DE CAPTAÇÃO E PRODUÇÃO";"MDO";"RCGRJ10640154";"OCGCP10666339";"BLACK ICE SECURITY LTDA";"PAULA REGIS QUEIROZ AFONSO MUNIZ";"CLOSED FOR RECEIVING";"Aberto";"CLOSED FOR RECEIVING";"APPROVED";2026-04-27 00:00:00,000;"PLATAFORMAS DE PRODUÇÃO (TECNOLOGIA) - ROADMAP ESTUDIO REDE 4K - CAMERAS RJ - OUTSOURCING - ID1062026 - BLACK ICE";2026-04-27 00:00:00,000;2026-05-22 00:00:00,000;2026-05-22 00:00:00,000;30040,67
"30780";"Roadmap Estudio Rede 4k - Cameras SP";"arthurnsantos@g.globo";"Plataformas De Produção";"PLAT. DE CAPTAÇÃO E PRODUÇÃO";"MDO";"RCGRJ10639725";"OCGCP10670422";"NTT BRASIL COMERCIO E SERVICOS DE TECNOLOGIA LTDA";"RAFAEL GOUVEIA DE SOUZA";"INCOMPLETE";"Aberto";"OC em aprovação";"APPROVED";2026-05-07 00:00:00,000;"PLATAFORMAS DE PRODUÇÃO (TECNOLOGIA) - ROADMAP ESTUDIO REDE 4K - CAMERAS SP - OUTSOURCING - ID762026 - NTT";2026-05-07 00:00:00,000;2026-04-20 00:00:00,000;2026-04-20 00:00:00,000;123292
"30780";"Roadmap Estudio Rede 4k - Cameras SP";"arthurnsantos@g.globo";"Plataformas De Produção";"PLAT. DE CAPTAÇÃO E PRODUÇÃO";"SOLUÇÃO";"RCGSP10072044";"OCGCP10721005";"SONY PROFESSIONAL SOLUTIONS BRASIL LTDA";"BRUNO DOMINGOS SIMOES";"CLOSED FOR RECEIVING";"Aberto";"CLOSED FOR RECEIVING";"APPROVED";2026-09-08 00:00:00,000;"PLATAFORMAS DE PRODUÇÃO (TECNOLOGIA) - ROADMAP DE CAMERAS 4K - AQUISIÇÃO DE CAMERAS HDC E ACESSÓRIOS SONY PARA GLASS E ESTÚDIO 2 DE SP [SOLUÇÃO]";2026-07-28 00:00:00,000;2026-08-26 00:00:00,000;2026-08-26 00:00:00,000;145183,76
"30780";"Roadmap Estudio Rede 4k - Cameras SP";"arthurnsantos@g.globo";"Plataformas De Produção";"PLAT. DE CAPTAÇÃO E PRODUÇÃO";"SOLUÇÃO";"RCGSP10072044";"OCGCP10718224";"SONY LATIN AMERICA INC";"BRUNO DOMINGOS SIMOES";"OPEN";"Aberto";"OPEN";"APPROVED";2026-08-31 00:00:00,000;"PLATAFORMAS DE PRODUÇÃO (TECNOLOGIA) - ROADMAP DE CAMERAS 4K - AQUISIÇÃO DE CAMERAS HDC E ACESSÓRIOS SONY PARA GLASS E ESTÚDIO 2 DE SP [SOLUÇÃO]";2026-07-28 00:00:00,000;2026-08-26 00:00:00,000;2026-08-26 00:00:00,000;2124143,81
"30780";"Roadmap Estudio Rede 4k - Cameras SP";"arthurnsantos@g.globo";"Plataformas De Produção";"PLAT. DE CAPTAÇÃO E PRODUÇÃO";"SOLUÇÃO";"RCGSP10072342";"OCGCP10718834";"SONY LATIN AMERICA INC";"BRUNO DOMINGOS SIMOES";"OPEN";"Aberto";"OPEN";"APPROVED";2026-09-02 00:00:00,000;"PLATAFORMAS DE PRODUÇÃO (TECNOLOGIA) - ROADMAP ESTÚDIO REDE 4K CAMERAS SP - AQUISIÇÃO DE CAMERAS AM7 E ACESSÓRIOS SONY PARA ESTÚDIOS SP [SOLUÇÃO]";2026-08-11 00:00:00,000;2026-09-04 00:00:00,000;2026-12-20 00:00:00,000;594725,41999999993
"20895";"Roadmap Instant Replay - Obsolescência";"victor.chagas@g.globo";"Plataformas De Produção";"PLAT. DE CAPTAÇÃO E PRODUÇÃO";"SOLUÇÃO";"RCGRJ10348483";"OCGCP10347767";"ACEPLUS BRASIL LTDA";"CAROLINE LOPES MENDONCA";"OPEN";"Aberto";"OPEN";"APPROVED";2024-03-21 00:00:00,000;"ISESC (TECNOLOGIA) - ROADMAP INSTANT REPLAY OBSOLESCÊNCIA  - ACEPLUS - AQUISIÇÃO DE FIBRAS PARA USO NO MVP DO PRODUÇÃO CENTRAL - ÍON";2024-03-18 00:00:00,000;2024-04-12 00:00:00,000;2024-04-12 00:00:00,000;130
"20895";"Roadmap Instant Replay - Obsolescência";"victor.chagas@g.globo";"Plataformas De Produção";"PLAT. DE CAPTAÇÃO E PRODUÇÃO";"SOLUÇÃO";"RCGRJ10348525";"OCGCP10347973";"TELLYCOM BRASIL LTDA.";"CAROLINE LOPES MENDONCA";"OPEN";"Aberto";"OPEN";"APPROVED";2024-03-21 00:00:00,000;"ISESC (TECNOLOGIA) - ROADMAP INSTANT REPLAY OBSOLESCÊNCIA - TELLYCOM - AQUISIÇÃO DE FIBRAS PARA USO NO MVP DO PRODUÇÃO CENTRAL - ÍON";2024-03-18 00:00:00,000;2024-04-13 00:00:00,000;2024-04-05 00:00:00,000;185
"20895";"Roadmap Instant Replay - Obsolescência";"victor.chagas@g.globo";"Plataformas De Produção";"PLAT. DE CAPTAÇÃO E PRODUÇÃO";"MDO";"RCGRJ10414990";"OCGCP10430011";"AD DIGITAL COMERCIO DE ELETRONICOS LTDA";"MONIQUE MALTA DA SILVA FERNANDES MACHADO";"CLOSED FOR RECEIVING";"Aberto";"CLOSED FOR RECEIVING";"APPROVED";2024-10-07 00:00:00,000;"ISESC (TECNOLOGIA) - ROADMAP INSTANT REPLAY - OBSOLESCÊNCIA - MDO - NOVEMBRO/24 A FEVEREIRO/25 - RC3-20 - AD DIGITAL COMERCIO DE ELETRONICOS LTDA";2024-10-07 00:00:00,000;2024-10-04 00:00:00,000;2024-10-04 00:00:00,000;122,56
"20895";"Roadmap Instant Replay - Obsolescência";"victor.chagas@g.globo";"Plataformas De Produção";"PLAT. DE CAPTAÇÃO E PRODUÇÃO";"MDO";"RCGRJ10415092";"OCGCP10429849";"AD DIGITAL COMERCIO DE ELETRONICOS LTDA";"MONIQUE MALTA DA SILVA FERNANDES MACHADO";"CLOSED FOR RECEIVING";"Aberto";"CLOSED FOR RECEIVING";"APPROVED";2024-10-07 00:00:00,000;"ISESC (TECNOLOGIA) - ROADMAP INSTANT REPLAY - OBSOLESCÊNCIA - MDO - NOVEMBRO/24 A FEVEREIRO/25 - RC3-23 - AD DIGITAL COMERCIO DE ELETRONICOS LTDA";2024-10-07 00:00:00,000;2024-10-04 00:00:00,000;2024-10-04 00:00:00,000;734,55
"20895";"Roadmap Instant Replay - Obsolescência";"victor.chagas@g.globo";"Plataformas De Produção";"PLAT. DE CAPTAÇÃO E PRODUÇÃO";"MDO";"RCGRJ10416145";"OCGCP10417641";"AD DIGITAL COMERCIO DE ELETRONICOS LTDA";"MONIQUE MALTA DA SILVA FERNANDES MACHADO";"CLOSED FOR RECEIVING";"Aberto";"CLOSED FOR RECEIVING";"APPROVED";2024-09-10 00:00:00,000;"ISESC (TECNOLOGIA) - ROADMAP CONTROLES - OBSOLESCÊNCIA MULTIVIEWER - ROADMAP DE CÂMERAS – DSLR - ROADMAP INSTANT REPLAY - OBSOLESCÊNCIA - SETEMBRO/24 A OUTUBRO/24 - RC2-18 - AD DIGITAL COMERCIO DE ELETRONICOS LTDA";2024-09-10 00:00:00,000;2024-10-05 00:00:00,000;2024-10-05 00:00:00,000;94,56
"20895";"Roadmap Instant Replay - Obsolescência";"victor.chagas@g.globo";"Plataformas De Produção";"PLAT. DE CAPTAÇÃO E PRODUÇÃO";"MDO";"RCGRJ10442353";"OCGCP10447765";"AD DIGITAL COMERCIO DE ELETRONICOS LTDA";"MONIQUE MALTA DA SILVA FERNANDES MACHADO";"CLOSED FOR RECEIVING";"Aberto";"CLOSED FOR RECEIVING";"APPROVED";2024-11-19 00:00:00,000;"ISESC (TECNOLOGIA) - OBSOLESCÊNCIA - MICROFONE SEM FIO E PAINEIS DE COMUNICAÇÃO - ROADMAP CONTROLES - OBSOLESCÊNCIA AUDIO MIXER - ROADMAP INSTANT REPLAY - OBSOLESCÊNCIA - RC2-AD - AD DIGITAL";2024-11-19 00:00:00,000;2024-12-14 00:00:00,000;2024-12-14 00:00:00,000;4290,31
"20895";"Roadmap Instant Replay - Obsolescência";"victor.chagas@g.globo";"Plataformas De Produção";"PLAT. DE CAPTAÇÃO E PRODUÇÃO";"SOLUÇÃO";"RCGRJ10448437";"OCGCP10453930";"INTEGRAR TELECOMUNICACOES E SERVICOS";"DAIANE VIEIRA E SOUZA";"CLOSED FOR RECEIVING";"Aberto";"CLOSED FOR RECEIVING";"APPROVED";2024-12-04 00:00:00,000;"ISESC (TECNOLOGIA) - ROADMAP REPLAYS ION JB - SERVIÇO DE CABEAMENTO - MVP BH";2024-12-03 00:00:00,000;2025-01-02 00:00:00,000;2025-01-02 00:00:00,000;1140
"25947";"Roadmap Playout Controles - SP/JB/BSA";"lai@g.globo";"Plataformas De Produção";"PLAT. DE PÓS-PROD. E DESIGN";"MDO";"RCGRJ10525252";"OCGCP10536945";"NTT BRASIL COMERCIO E SERVICOS DE TECNOLOGIA LTDA";"LUIZ FERNANDO CONCEICAO VARGAS";"CLOSED FOR RECEIVING";"Aberto";"CLOSED FOR RECEIVING";"APPROVED";2025-06-11 00:00:00,000;"ISESC (TECNOLOGIA) - OBS. AIRSPEED SP, JB, BH E DF - RESERVA MDO - NTT BRASIL COMERCIO E SERVICOS DE TECNOLOGIA LTDA";2025-06-11 00:00:00,000;2025-07-10 00:00:00,000;2025-07-10 00:00:00,000;14193,34
"25947";"Roadmap Playout Controles - SP/JB/BSA";"lai@g.globo";"Plataformas De Produção";"PLAT. DE PÓS-PROD. E DESIGN";"SOLUÇÃO";"RCGRJ10526595";"OCGCP10547785";"CROSSPOINT ELETRONICA LTDA";"LUIZ FERNANDO CONCEICAO VARGAS";"CLOSED FOR RECEIVING";"Aberto";"CLOSED FOR RECEIVING";"APPROVED";2025-07-07 00:00:00,000;"ISESC (TECNOLOGIA) - OBSOLESCÊNCIA  AIRSPEED SP, JB E BH OU DF - AVID STREAM IO - CIS/CROSSPOINT";2025-07-04 00:00:00,000;2025-07-12 00:00:00,000;2025-07-12 00:00:00,000;7360,41
"25947";"Roadmap Playout Controles - SP/JB/BSA";"lai@g.globo";"Plataformas De Produção";"PLAT. DE PÓS-PROD. E DESIGN";"SOLUÇÃO";"RCGRJ10684039";"OCGCP10722368";"PAIXAO DISTRIBUICAO E COMERCIO LTDA";"RAFAEL LOPES ROSADO";"OPEN";"Aberto";"OPEN";"APPROVED";2026-09-10 00:00:00,000;"PLATAFORMA CORE&SI - TECNOLOGIA - OBS. AIRSPEED SP, JB, BHE E DF MATERIAIS PARA A INSTALAÇÃO DE FO [DIVERSOS]";2026-09-10 00:00:00,000;2026-09-10 00:00:00,000;2026-10-01 00:00:00,000;1560
"25947";"Roadmap Playout Controles - SP/JB/BSA";"lai@g.globo";"Plataformas De Produção";"PLAT. DE PÓS-PROD. E DESIGN";"SOLUÇÃO";"RCGRJ10687320";"";"";"";"";"Aberto";"";"";2026-09-03 00:00:00,000;"PLATAFORMA CORE&SI - TECNOLOGIA - OBS. AIRSPEED SP, JB, BHE E DF - CABO PARA EXTENSOR USB PARA XKey Command";2026-09-03 00:00:00,000;;;619,69
"25947";"Roadmap Playout Controles - SP/JB/BSA";"lai@g.globo";"Plataformas De Produção";"PLAT. DE PÓS-PROD. E DESIGN";"SOLUÇÃO";"RCGRJ10687541";"OCGCP10725201";"PAIXAO DISTRIBUICAO E COMERCIO LTDA";"RAPHAEL BAPTISTA DA SILVA";"OPEN";"Aberto";"OPEN";"APPROVED";2026-09-17 00:00:00,000;"PLATAFORMA CORE&SI - TECNOLOGIA - OBS. AIRSPEED SP, JB, BHE E DF - PATCH CORD PARA INSTALACAO DIO / SERVIDOR - BRAZIL MARKET";2026-09-16 00:00:00,000;2026-09-16 00:00:00,000;2026-10-08 00:00:00,000;4260
"25947";"Roadmap Playout Controles - SP/JB/BSA";"lai@g.globo";"Plataformas De Produção";"PLAT. DE PÓS-PROD. E DESIGN";"SOLUÇÃO";"RCGRJ10691929";"";"CIS GROUP CORPORATION";"BRUNO DOMINGOS SIMOES";"APPROVED";"Aberto";"APPROVED";"APPROVED";2026-09-16 00:00:00,000;"PLATAFORMA CORE&SI - TECNOLOGIA - Obs. Airspeed SP, JB, BH e DF - LICENÇAS STREAM IO [CIS]";2026-09-24 00:00:00,000;2026-09-24 00:00:00,000;;395096,87
"25947";"Roadmap Playout Controles - SP/JB/BSA";"lai@g.globo";"Plataformas De Produção";"PLAT. DE PÓS-PROD. E DESIGN";"SOLUÇÃO";"RCGRJ10693625";"OCGCP10729180";"YOU CAST COMERCIO DE EQUIPAMENTOS ELETRONICOS LTDA";"CAROLINE LOPES MENDONCA";"CLOSED FOR RECEIVING";"Aberto";"CLOSED FOR RECEIVING";"APPROVED";2026-09-25 00:00:00,000;"PLATAFORMA CORE&SI - TECNOLOGIA - OBS. AIRSPEED SP, JB, BHE E DF - SERVIÇO FIBRAS [YOUCAST]";2026-09-22 00:00:00,000;2026-10-21 00:00:00,000;2026-10-21 00:00:00,000;10155,6
"31998";"Sistema de Estabilização de Câmera";"fparisi@g.globo";"Plataformas De Produção";"PLAT. DE CAPTAÇÃO E PRODUÇÃO";"SOLUÇÃO";"RCGDF10012132";"OCGCP10671100";"VIDEO SUPPLY COMERCIO DE EQUIPAMENTOS LTDA";"MARIANA GYBSON DE CARVALHO FONSECA";"OPEN";"Aberto";"OPEN";"APPROVED";2026-05-08 00:00:00,000;"PLATAFORMAS DE PRODUÇÃO (TECNOLOGIA) - SISTEMA DE ESTABILIZAÇÃO DE CÂMERA - Aquisição de 2 kits para o sistema de movimentação de BSA + 1 kit spare [SOLUÇÃO]";2026-05-07 00:00:00,000;2026-05-07 00:00:00,000;2026-06-25 00:00:00,000;12944
"31998";"Sistema de Estabilização de Câmera";"fparisi@g.globo";"Plataformas De Produção";"PLAT. DE CAPTAÇÃO E PRODUÇÃO";"SOLUÇÃO";"RCGPE10011428";"OCGCP10672651";"PROAV STORE LTDA";"MARCUS VINICIUS DA SILVA GUEDES ALCOFORADO";"CLOSED FOR RECEIVING";"Aberto";"CLOSED FOR RECEIVING";"APPROVED";2026-05-11 00:00:00,000;"LATAFORMAS DE PRODUÇÃO (TECNOLOGIA) - SISTEMA DE ESTABILIZAÇÃO DE CÂMERA - Aquisição de 1 kit para o sistema de movimentação de RECIFE [SOLUÇÃO";2026-05-08 00:00:00,000;2026-05-08 00:00:00,000;2026-05-08 00:00:00,000;500
"25966";"Sistema de Movimentação BSA - Obs. Crítica";"fparisi@g.globo";"Plataformas De Produção";"PLAT. DE CAPTAÇÃO E PRODUÇÃO";"SOLUÇÃO";"RCGDF10012717";"OCGCP10705501";"ESTABILI TECNOLOGIA LTDA";"MATHEUS OLIVEIRA DE JESUS SILVA";"OPEN";"Aberto";"OPEN";"APPROVED";2026-07-28 00:00:00,000;"PLATAFORMAS DE PRODUÇÃO (TECNOLOGIA) - SISTEMA DE MOVIMENTAÇÃO BSA - OBS, CRÍTICA - AQUISIÇÃO E INSTALAÇÃO DE TRILHO AÉREO COM MICRO DOLLY M11 PARA PTZ [SOLUÇÃO]";2026-07-24 00:00:00,000;2026-07-22 00:00:00,000;2026-10-06 00:00:00,000;97413
"25966";"Sistema de Movimentação BSA - Obs. Crítica";"fparisi@g.globo";"Plataformas De Produção";"PLAT. DE CAPTAÇÃO E PRODUÇÃO";"MDO";"RCGRJ10587459";"OCGCP10606042";"INSI DIGITAL EVOLUTION S.A";"PAULA REGIS QUEIROZ AFONSO MUNIZ";"CLOSED FOR RECEIVING";"Aberto";"CLOSED FOR RECEIVING";"APPROVED";2025-11-26 00:00:00,000;"ISESC (TECNOLOGIA) - SISTEMA DE MOVIMENTAÇÃO BSA - OBS. CRÍTICA - RESERVA MDO - META SERVICOS EM INFORMATICA SA";2025-11-26 00:00:00,000;2025-12-26 00:00:00,000;2025-12-26 00:00:00,000;1654,39
"25965";"Sistemas de TP - Obs. crítica BSA";"arthurnsantos@g.globo";"Plataformas De Produção";"PLAT. DE CAPTAÇÃO E PRODUÇÃO";"SOLUÇÃO";"RCGDF10012172";"OCGCP10697029";"VIDEOINTEGRATORS EXPORT COMPANY";"MARCUS VINICIUS DA SILVA GUEDES ALCOFORADO";"OPEN";"Aberto";"OPEN";"APPROVED";2026-07-08 00:00:00,000;"PLATAFORMAS DE PRODUÇÃO (TECNOLOGIA) - SISTEMAS DE TP - OBS. CRÍTICA BSA - TPs de Estúdio BSA - AUTOSCRIPT - [SOLUÇÃO]";2026-07-03 00:00:00,000;2026-07-18 00:00:00,000;2026-07-20 00:00:00,000;67710,150000000009
"25965";"Sistemas de TP - Obs. crítica BSA";"arthurnsantos@g.globo";"Plataformas De Produção";"PLAT. DE CAPTAÇÃO E PRODUÇÃO";"SOLUÇÃO";"RCGDF10012172";"OCGCP10697029";"VIDEOINTEGRATORS EXPORT COMPANY";"MARCUS VINICIUS DA SILVA GUEDES ALCOFORADO";"OPEN";"Aberto";"OPEN";"APPROVED";2026-07-08 00:00:00,000;"PLATAFORMAS DE PRODUÇÃO (TECNOLOGIA) - SISTEMAS DE TP - OBS. CRÍTICA BSA - TPs de Estúdio BSA - AUTOSCRIPT - [SOLUÇÃO]";2026-07-03 00:00:00,000;2026-07-18 00:00:00,000;2026-07-21 00:00:00,000;417180,69
"25965";"Sistemas de TP - Obs. crítica BSA";"arthurnsantos@g.globo";"Plataformas De Produção";"PLAT. DE CAPTAÇÃO E PRODUÇÃO";"SOLUÇÃO";"RCGDF10012697";"OCGCP10697029";"VIDEOINTEGRATORS EXPORT COMPANY";"MARCUS VINICIUS DA SILVA GUEDES ALCOFORADO";"OPEN";"Aberto";"OPEN";"APPROVED";2026-08-02 00:00:00,000;"PLATAFORMAS DE PRODUÇÃO (TECNOLOGIA) - SISTEMAS DE TP - OBS. CRÍTICA BSA - TPs de Estúdio BSA - AUTOSCRIPT - [SOLUÇÃO]";2026-07-24 00:00:00,000;2026-07-24 00:00:00,000;2026-07-24 00:00:00,000;8044,69
"21739";"Solução Tier 3 JB";"victor.chagas@g.globo";"Plataformas De Produção";"PLAT. DE CAPTAÇÃO E PRODUÇÃO";"SOLUÇÃO";"RCGRJ10355979";"OCGCP10355683";"DELL COMPUTADORES DO BRASIL LTDA";"THAIS OLIVEIRA SPEZANI";"CLOSED FOR RECEIVING";"Aberto";"CLOSED FOR RECEIVING";"APPROVED";2024-04-10 00:00:00,000;"ISESC (TECNOLOGIA) -SOLUÇÃO TIER 3 JB - DELL - AQUISIÇÃO DE SERVIDOR PARA IMPLEMENTAÇÃO DA SOLUÇÃO CRE8 - JB";2024-04-09 00:00:00,000;2024-05-03 00:00:00,000;2024-05-31 00:00:00,000;0,02
"21739";"Solução Tier 3 JB";"victor.chagas@g.globo";"Plataformas De Produção";"PLAT. DE CAPTAÇÃO E PRODUÇÃO";"SOLUÇÃO";"RCGRJ10383700";"OCGCP10384721";"TECNAC DO BRASIL INDUSTRIA E COMERCIO LTDA";"RUBENS RODRIGO MARQUES DE OLIVEIRA";"CLOSED FOR RECEIVING";"Aberto";"CLOSED FOR RECEIVING";"APPROVED";2024-06-25 00:00:00,000;"ISESC (TECNOLOGIA) - SOLUÇÃO TIER 3-TECNAC- AQUISIÇÃO DE RETROFIT PARA ADEQUAÇÃO DO CONTROLE TIER 3 - JB";2024-06-24 00:00:00,000;2024-07-19 00:00:00,000;2024-07-19 00:00:00,000;2160
"21739";"Solução Tier 3 JB";"victor.chagas@g.globo";"Plataformas De Produção";"PLAT. DE CAPTAÇÃO E PRODUÇÃO";"MDO";"RCGRJ10414867";"OCGCP10415865";"AD DIGITAL COMERCIO DE ELETRONICOS LTDA";"MONIQUE MALTA DA SILVA FERNANDES MACHADO";"CLOSED FOR RECEIVING";"Aberto";"CLOSED FOR RECEIVING";"APPROVED";2024-09-05 00:00:00,000;"ISESC (TECNOLOGIA) - ROADMAP DE ILUMINAÇÃO - OBSOLESCÊNCIA/ SOLUÇÃO TIER JB/ OBSOLESCÊNCIA - AUDIO MIXER - LINHA DE SHOW - MDO - SETEMBRO/24 A OUTUBRO/24 - RC2-14 - AD DIGITAL COMERCIO DE ELETRONICOS LTDA";2024-09-05 00:00:00,000;2024-10-03 00:00:00,000;2024-10-03 00:00:00,000;7111,63
"21739";"Solução Tier 3 JB";"victor.chagas@g.globo";"Plataformas De Produção";"PLAT. DE CAPTAÇÃO E PRODUÇÃO";"SOLUÇÃO";"RCGRJ10599135";"";"";"";"";"Aberto";"";"";2025-12-30 00:00:00,000;"ISESC (TECNOLOGIA) - MONITOR WALL G5, MULTIVIEWER CTL2 SP, COT CPP EG E MONITORAÇÃO DE ÁUDIO JB - AQUISIÇÃO DE MATERIAL DE INTEGRAÇÃO PARA CONTROLE ALL IN ONE RECIFE - ALMOXARIFADO- [SOLUÇÃO]";2025-12-30 00:00:00,000;;;11561,35
"31319";"Tecnologia Nova Sede Brasília";"tiago.faria@g.globo";"Plataformas De Produção";"PLAT. DE CAPTAÇÃO E PRODUÇÃO";"SOLUÇÃO";"RCGDF10012481";"OCGCP10692986";"HITSS DO BRASIL SERVICOS TECNOLOGICOS LTDA";"JUAREZ AURELIO TORRES DA SILVA";"CLOSED FOR RECEIVING";"Aberto";"CLOSED FOR RECEIVING";"APPROVED";2026-06-26 00:00:00,000;"PLATAFORMAS DE PRODUÇÃO (TECNOLOGIA) - TECNOLOGIA NOVA SEDE BRASILIA - OUTSOURCING - [S10050298] - HITTS DO BRASIL";2026-06-26 00:00:00,000;2026-07-22 00:00:00,000;2026-07-22 00:00:00,000;38004
"31319";"Tecnologia Nova Sede Brasília";"tiago.faria@g.globo";"Plataformas De Produção";"PLAT. DE CAPTAÇÃO E PRODUÇÃO";"SOLUÇÃO";"RCGDF10012918";"OCGCP10717590";"ENGEFAME ESTRUTURAS METALICAS LTDA";"JOSE MARIA AGUIAR AZEVEDO JUNIOR";"CLOSED FOR RECEIVING";"Aberto";"CLOSED FOR RECEIVING";"APPROVED";2026-08-28 00:00:00,000;"PLATAFORMA DE PRODUÇÃO (TECNOLOGIA) - NOVA SEDE BRASILIA - CALCULO ESTRUTURAL TORRE - ENGEFAME";2026-08-26 00:00:00,000;2026-09-23 00:00:00,000;2026-09-23 00:00:00,000;24000
"31319";"Tecnologia Nova Sede Brasília";"tiago.faria@g.globo";"Plataformas De Produção";"PLAT. DE CAPTAÇÃO E PRODUÇÃO";"SOLUÇÃO";"RCGRJ10642750";"OCGCP10673525";"CONVERGINT COMERCIO E SERVICOS DE TECNOLOGIA LTDA";"MONIQUE MALTA DA SILVA FERNANDES MACHADO";"CLOSED FOR RECEIVING";"Aberto";"CLOSED FOR RECEIVING";"APPROVED";2026-05-13 00:00:00,000;"PLATAFORMAS DE PRODUÇÃO (TECNOLOGIA) - TECNOLOGIA NOVA SEDE BRASILIA - OUTSOURCING - ID S30009301 - CONVERGINT COMERCIO E SERVICOS DE TECNOLOGIA LTDA";2026-05-04 00:00:00,000;2026-05-29 00:00:00,000;2026-05-29 00:00:00,000;732,96
"31319";"Tecnologia Nova Sede Brasília";"tiago.faria@g.globo";"Plataformas De Produção";"PLAT. DE CAPTAÇÃO E PRODUÇÃO";"SOLUÇÃO";"RCGRJ10643144";"OCGCP10672689";"Arkona Technologies GmbH";"MARIANA GYBSON DE CARVALHO FONSECA";"OPEN";"Aberto";"OPEN";"APPROVED";2026-05-12 00:00:00,000;"PLATAFORMA DE PRODUÇÃO (TECNOLOGIA) - NOVA SEDE BRASILIA - AQUISIÇÃO DE PROCESSADORES PARA SOLUÇÃO ALL IN ONE PARA O PARQUE BSA - ARKONA/SAVANA [SOLUÇÃO]";2026-05-11 00:00:00,000;2026-08-30 00:00:00,000;2026-08-30 00:00:00,000;619550,29999999993
"31319";"Tecnologia Nova Sede Brasília";"tiago.faria@g.globo";"Plataformas De Produção";"PLAT. DE CAPTAÇÃO E PRODUÇÃO";"SOLUÇÃO";"RCGRJ10647787";"OCGCP10675331";"SAVANA COMUNICACOES LTDA";"MONIQUE MALTA DA SILVA FERNANDES MACHADO";"CLOSED FOR RECEIVING";"Aberto";"CLOSED FOR RECEIVING";"APPROVED";2026-05-18 00:00:00,000;"PLATAFORMAS DE PRODUÇÃO (TECNOLOGIA) - NOVA SEDE BRASILIA - TURNKEY - RC1 - SAVANA";2026-05-18 00:00:00,000;2026-06-13 00:00:00,000;2026-06-13 00:00:00,000;182837
"31319";"Tecnologia Nova Sede Brasília";"tiago.faria@g.globo";"Plataformas De Produção";"PLAT. DE CAPTAÇÃO E PRODUÇÃO";"SOLUÇÃO";"RCGRJ10647807";"OCGCP10674316";"SAVANA COMUNICACOES LTDA";"MONIQUE MALTA DA SILVA FERNANDES MACHADO";"CLOSED FOR RECEIVING";"Aberto";"CLOSED FOR RECEIVING";"APPROVED";2026-05-15 00:00:00,000;"PLATAFORMAS DE PRODUÇÃO (TECNOLOGIA) - NOVA SEDE BRASILIA - TURNKEY - RC4 - SAVANA";2026-05-15 00:00:00,000;2026-06-13 00:00:00,000;2026-06-13 00:00:00,000;7820,07
"31319";"Tecnologia Nova Sede Brasília";"tiago.faria@g.globo";"Plataformas De Produção";"PLAT. DE CAPTAÇÃO E PRODUÇÃO";"SOLUÇÃO";"RCGRJ10648173";"OCGCP10675316";"AD DIGITAL COMERCIO DE ELETRONICOS LTDA";"MONIQUE MALTA DA SILVA FERNANDES MACHADO";"CLOSED FOR RECEIVING";"Aberto";"CLOSED FOR RECEIVING";"APPROVED";2026-05-18 00:00:00,000;"PLATAFORMAS DE PRODUÇÃO (TECNOLOGIA) - TECNOLOGIA NOVA SEDE BRASILIA - OUTSOURCING - S30009301 - AD DIGITAL";2026-05-18 00:00:00,000;2026-05-20 00:00:00,000;2026-05-20 00:00:00,000;79872,4
"31319";"Tecnologia Nova Sede Brasília";"tiago.faria@g.globo";"Plataformas De Produção";"PLAT. DE CAPTAÇÃO E PRODUÇÃO";"SOLUÇÃO";"RCGRJ10652078";"OCGCP10678867";"AD DIGITAL COMERCIO DE ELETRONICOS LTDA";"MONIQUE MALTA DA SILVA FERNANDES MACHADO";"CLOSED FOR RECEIVING";"Aberto";"CLOSED FOR RECEIVING";"APPROVED";2026-05-26 00:00:00,000;"PLATAFORMAS DE PRODUÇÃO (TECNOLOGIA) - TECNOLOGIA NOVA SEDE BRASILIA - OUTSOURCING - S30009317 - AD DIGITAL";2026-05-26 00:00:00,000;2026-06-01 00:00:00,000;2026-06-01 00:00:00,000;77847
"31319";"Tecnologia Nova Sede Brasília";"tiago.faria@g.globo";"Plataformas De Produção";"PLAT. DE CAPTAÇÃO E PRODUÇÃO";"SOLUÇÃO";"RCGRJ10678421";"OCGCP10712424";"LANTELE COMERCIAL ELETRICA LTDA";"RAFAEL GOUVEIA DE SOUZA";"OPEN";"Aberto";"OPEN";"APPROVED";2026-08-14 00:00:00,000;"PLATAFORMA DE PRODUÇÃO (TECNOLOGIA) - NOVA SEDE BRASILIA - AQUISIÇÃO DE TESTADOR DE CABO E REDE LINKIQ C/ CONJUNTO LIQ-KIT 5226619 E FTK1475,SINGLE AND MULTIMODE FIBER POWER METER - FLUKE [SOLUÇÃO]";2026-08-10 00:00:00,000;2026-08-30 00:00:00,000;2026-10-16 00:00:00,000;59831,92
"31319";"Tecnologia Nova Sede Brasília";"tiago.faria@g.globo";"Plataformas De Produção";"PLAT. DE CAPTAÇÃO E PRODUÇÃO";"SOLUÇÃO";"RCGRJ10685873";"OCGCP10728505";"PAIXAO DISTRIBUICAO E COMERCIO LTDA";"RAPHAEL BAPTISTA DA SILVA";"OPEN";"Aberto";"OPEN";"APPROVED";2026-09-24 00:00:00,000;"PLATAFORMA DE PRODUÇÃO (TECNOLOGIA) - NOVA SEDE BRASILIA - AQUISIÇÃO DE 1X MALA PARA FERRAMENTAS FIBERGLASS COM FECHO E RODAS EM NYLON - MALIGAN [SOLUÇÃO]";2026-09-22 00:00:00,000;2026-10-01 00:00:00,000;2026-10-19 00:00:00,000;4700
"31319";"Tecnologia Nova Sede Brasília";"tiago.faria@g.globo";"Plataformas De Produção";"PLAT. DE CAPTAÇÃO E PRODUÇÃO";"SOLUÇÃO";"RCGRJ10686002";"OCGCP10725698";"RTECH COMERCIO E DISTRIBUICAO DE INFORMATICA E ELETRONICOS LTDA";"LETICIA DOS SANTOS SILVA";"OPEN";"Aberto";"OPEN";"APPROVED";2026-09-18 00:00:00,000;"PLATAFORMA DE PRODUÇÃO (TECNOLOGIA) - NOVA SEDE BRASILIA - AQUISIÇÃO DE TRENA LASER ALCANCE 100M COM BLUETOOTH - BOSCH [SOLUÇÃO]";2026-09-16 00:00:00,000;2026-11-30 00:00:00,000;2026-11-30 00:00:00,000;2699
"31319";"Tecnologia Nova Sede Brasília";"tiago.faria@g.globo";"Plataformas De Produção";"PLAT. DE CAPTAÇÃO E PRODUÇÃO";"SOLUÇÃO";"RCGRJ10686038";"OCGCP10719672";"COMERCIAL ELETRICA P.J.LTDA";"LETICIA DOS SANTOS SILVA";"OPEN";"Aberto";"OPEN";"APPROVED";2026-09-03 00:00:00,000;"PLATAFORMA DE PRODUÇÃO (TECNOLOGIA) - NOVA SEDE BRASILIA - AQUISIÇÃO DE ALICATE CORTA E DESENCAPA CABOS E LANTERNA RECARREGAVEL DE INSPEÇÃO ARTICULADA - VONDER [SOLUÇÃO]";2026-09-02 00:00:00,000;2026-10-01 00:00:00,000;2026-10-01 00:00:00,000;283,07
"31319";"Tecnologia Nova Sede Brasília";"tiago.faria@g.globo";"Plataformas De Produção";"PLAT. DE CAPTAÇÃO E PRODUÇÃO";"SOLUÇÃO";"RCGRJ10686599";"OCGCP10719823";"RTECH COMERCIO E DISTRIBUICAO DE INFORMATICA E ELETRONICOS LTDA";"LETICIA DOS SANTOS SILVA";"OPEN";"Aberto";"OPEN";"APPROVED";2026-09-04 00:00:00,000;"PLATAFORMA DE PRODUÇÃO (TECNOLOGIA) - NOVA SEDE BRASILIA - AQUISIÇÃO DE CONJUNTO DE CHAVES WERA KRAFTFORM MICRO 25PÇS PARA ELETRONICA - WERA [SOLUÇÃO]";2026-09-03 00:00:00,000;2026-10-30 00:00:00,000;2026-10-30 00:00:00,000;949
"31319";"Tecnologia Nova Sede Brasília";"tiago.faria@g.globo";"Plataformas De Produção";"PLAT. DE CAPTAÇÃO E PRODUÇÃO";"SOLUÇÃO";"RCGRJ10687803";"OCGCP10724486";"VIDEOLINEA SYSTEM SNC";"RAPHAEL BAPTISTA DA SILVA";"OPEN";"Aberto";"OPEN";"APPROVED";2026-09-16 00:00:00,000;"PLATAFORMA DE PRODUÇÃO (TECNOLOGIA) - NOVA SEDE BRASILIA - AQUISIÇÃO DE CANARE BET-HBNC EXTRACTION TOOL - CANARE [SOLUÇÃO]";2026-09-10 00:00:00,000;2026-10-01 00:00:00,000;2026-10-16 00:00:00,000;1702,85
"31319";"Tecnologia Nova Sede Brasília";"tiago.faria@g.globo";"Plataformas De Produção";"PLAT. DE CAPTAÇÃO E PRODUÇÃO";"SOLUÇÃO";"RCGRJ10689261";"OCGCP10729982";"VIDEOLINEA SYSTEM SNC";"THAYSA ROCHA FERREIRA";"OPEN";"Aberto";"OPEN";"APPROVED";2026-09-28 00:00:00,000;"PLATAFORMA DE PRODUÇÃO (TECNOLOGIA) - NOVA SEDE BRASILIA - AQUISIÇÃO DE ANALISADOR DE AUDIO ANALOGICO E GERADOR DE SINAL MINIRADOR - AUDIO ANALOGICO - NTI [SOLUÇÃO]";2026-09-24 00:00:00,000;2026-11-11 00:00:00,000;2026-11-11 00:00:00,000;29721,3
"31319";"Tecnologia Nova Sede Brasília";"tiago.faria@g.globo";"Plataformas De Produção";"PLAT. DE CAPTAÇÃO E PRODUÇÃO";"SOLUÇÃO";"RCGRJ10693082";"";"GP CABLING DISTRIBUIDORA E COMERCIO LTDA";"CAROLINE MENDONCA";"APPROVED";"Aberto";"APPROVED";"APPROVED";2026-09-18 00:00:00,000;"PLATAFORMA DE PRODUÇÃO (TECNOLOGIA) - NOVA SEDE BRASILIA - AQUISIÇÃO DE MATERIAIS PARA INTEGRAÇÃO DA NOVA SEDE BRASILIA - COMMSCOPE [SOLUÇÃO]";2026-09-28 00:00:00,000;2026-10-18 00:00:00,000;;1289501,2100000002
"31319";"Tecnologia Nova Sede Brasília";"tiago.faria@g.globo";"Plataformas De Produção";"PLAT. DE CAPTAÇÃO E PRODUÇÃO";"SOLUÇÃO";"RCGRJ10693082";"";"GP CABLING DISTRIBUIDORA E COMERCIO LTDA";"CAROLINE MENDONCA";"APPROVED";"Aberto";"APPROVED";"APPROVED";2026-09-23 00:00:00,000;"PLATAFORMA DE PRODUÇÃO (TECNOLOGIA) - NOVA SEDE BRASILIA - AQUISIÇÃO DE MATERIAIS PARA INTEGRAÇÃO DA NOVA SEDE BRASILIA - COMMSCOPE [SOLUÇÃO]";2026-09-28 00:00:00,000;2026-10-23 00:00:00,000;;6055,68
"31319";"Tecnologia Nova Sede Brasília";"tiago.faria@g.globo";"Plataformas De Produção";"PLAT. DE CAPTAÇÃO E PRODUÇÃO";"SOLUÇÃO";"RCGRJ10693148";"";"VIDEO SUPPLY COMERCIO DE EQUIPAMENTOS LTDA";"CAROLINE MENDONCA";"APPROVED";"Aberto";"APPROVED";"APPROVED";2026-09-18 00:00:00,000;"PLATAFORMA DE PRODUÇÃO (TECNOLOGIA) - NOVA SEDE BRASILIA - AQUISIÇÃO DE MATERIAIS PARA INTEGRAÇÃO DA NOVA SEDE BRASILIA - VIDEO SUPLLY[SOLUÇÃO]";2026-09-28 00:00:00,000;2026-10-18 00:00:00,000;;760396,6
"31319";"Tecnologia Nova Sede Brasília";"tiago.faria@g.globo";"Plataformas De Produção";"PLAT. DE CAPTAÇÃO E PRODUÇÃO";"SOLUÇÃO";"RCGRJ10693148";"";"VIDEO SUPPLY COMERCIO DE EQUIPAMENTOS LTDA";"CAROLINE MENDONCA";"APPROVED";"Aberto";"APPROVED";"APPROVED";2026-09-23 00:00:00,000;"PLATAFORMA DE PRODUÇÃO (TECNOLOGIA) - NOVA SEDE BRASILIA - AQUISIÇÃO DE MATERIAIS PARA INTEGRAÇÃO DA NOVA SEDE BRASILIA - VIDEO SUPLLY[SOLUÇÃO]";2026-09-28 00:00:00,000;2026-10-23 00:00:00,000;;90158
"31319";"Tecnologia Nova Sede Brasília";"tiago.faria@g.globo";"Plataformas De Produção";"PLAT. DE CAPTAÇÃO E PRODUÇÃO";"SOLUÇÃO";"RCGRJ10694627";"OCGCP10728454";"BROADCAST EQUIPMENT CORPORATION";"THAISSA CHAGAS BRAGA";"OPEN";"Aberto";"OPEN";"APPROVED";2026-09-24 00:00:00,000;"PLATAFORMA DE PRODUÇÃO (TECNOLOGIA) - NOVA SEDE BRASILIA - AQUISIÇÃO DE CABLE STRIPPER (DECAPADOR DE CABO DE VIDEO) - CANARE [SOLUAÇÃO]";2026-09-24 00:00:00,000;2026-10-01 00:00:00,000;2026-10-01 00:00:00,000;3125,57
"31319";"Tecnologia Nova Sede Brasília";"tiago.faria@g.globo";"Plataformas De Produção";"PLAT. DE CAPTAÇÃO E PRODUÇÃO";"SOLUÇÃO";"RCGRJ10695243";"";"";"CONECTA ERP";"APPROVED";"Aberto";"APPROVED";"APPROVED";2026-09-24 00:00:00,000;"PLATAFORMA DE PRODUÇÃO (TECNOLOGIA) - NOVA SEDE BRASILIA - AQUISIÇÃO DE FS BOX V4, KIT DE FERRAMENTAS MULTIFUNCIONAIS PARA TRANSCEPTORES (GRAVADOR) - FS BOX [SOLUÇÃO]";2026-09-24 00:00:00,000;2026-10-02 00:00:00,000;;8010,3
"31319";"Tecnologia Nova Sede Brasília";"tiago.faria@g.globo";"Plataformas De Produção";"PLAT. DE CAPTAÇÃO E PRODUÇÃO";"SOLUÇÃO";"RCGRJ10696399";"";"INSI DIGITAL EVOLUTION S.A";"SNEJANA MOISEI VIEIRA LIMA";"PENDING APPROVAL";"Em aprovação";"PENDING APPROVAL";"PENDING APPROVAL";2026-09-28 00:00:00,000;"PLATAFORMAS DE PRODUÇÃO (TECNOLOGIA)- TECNOLOGIA NOVA SEDE BRASÍLIA - MDO - INSI";;2026-10-28 00:00:00,000;;123640,62
"31319";"Tecnologia Nova Sede Brasília";"tiago.faria@g.globo";"Plataformas De Produção";"PLAT. DE CAPTAÇÃO E PRODUÇÃO";"SOLUÇÃO";"RCGRJ10696693";"";"AD DIGITAL COMERCIO DE ELETRONICOS LTDA";"MONIQUE MALTA DA SILVA FERNANDES MACHADO";"PENDING APPROVAL";"Em aprovação";"PENDING APPROVAL";"PENDING APPROVAL";2026-09-29 00:00:00,000;"PLATAFORMAS DE PRODUÇÃO (TECNOLOGIA) - TECNOLOGIA NOVA SEDE BRASILIA - OUTSOURCING - S30009317 - AD DIGITAL";;2026-10-29 00:00:00,000;;64320
"25944";"Telas e touch - EG, SP e ION";"julia.maia.rodrigues@g.globo";"Plataformas De Produção";"PLAT. DE PÓS-PROD. E DESIGN";"INSTALAÇÃO";"RCGRJ10492427";"OCGCP10502404";"V74 SOLUCOES E SERVICOS LTDA";"PATRICIA DE LIMA ALVES";"CLOSED FOR RECEIVING";"Aberto";"CLOSED FOR RECEIVING";"APPROVED";2025-03-27 00:00:00,000;"ISESC (TECNOLOGIA) - TELAS E TOUCH - EG, SP E ION - RESERVA INSTALAÇÃO - RC15 - RJ - CADLAB/V74";2025-03-27 00:00:00,000;2025-04-24 00:00:00,000;2025-04-24 00:00:00,000;6943,36
"25944";"Telas e touch - EG, SP e ION";"julia.maia.rodrigues@g.globo";"Plataformas De Produção";"PLAT. DE PÓS-PROD. E DESIGN";"MDO";"RCGRJ10615998";"OCGCP10647652";"AD DIGITAL COMERCIO DE ELETRONICOS LTDA";"MONIQUE MALTA DA SILVA FERNANDES MACHADO";"CLOSED FOR RECEIVING";"Aberto";"CLOSED FOR RECEIVING";"APPROVED";2026-03-11 00:00:00,000;"PLATAFORMAS DE PRODUÇÃO - Telas e touch - EG, SP e ION - RC1005 - RESERVA MDO - AD DIGITAL COMERCIO DE ELETRONICOS LTDA";2026-03-11 00:00:00,000;2026-03-15 00:00:00,000;2026-03-15 00:00:00,000;27439
"25226";"Upgrade da Aplicação do MAM/PAM VIZRT";"marcio.rocha@g.globo";"Plataformas De Produção";"PLAT. DE METADADOS E MÍDIAS";"INSTALAÇÃO";"RCGRJ10484730";"OCGCP10495622";"V74 SOLUCOES E SERVICOS LTDA";"PATRICIA DE LIMA ALVES";"CLOSED FOR RECEIVING";"Aberto";"CLOSED FOR RECEIVING";"APPROVED";2025-03-17 00:00:00,000;"ISESC (TECNOLOGIA) - UPGRADE DA APLICAÇÃO DO MAM/PAM VIZRT - RESERVA INSTALAÇÃO - RC3 - RJ - CADLAB/V74";2025-03-17 00:00:00,000;2025-04-10 00:00:00,000;2025-04-10 00:00:00,000;209,02
"30816";"Upgrade Mecalux";"marcio.rocha@g.globo";"Plataformas De Produção";"PLAT. DE METADADOS E MÍDIAS";"MDO";"RCGRJ10639711";"OCGCP10668123";"ESX ENGENHARIA DE SOFTWARE LTDA";"PAULA REGIS QUEIROZ AFONSO MUNIZ";"CLOSED FOR RECEIVING";"Aberto";"CLOSED FOR RECEIVING";"APPROVED";2026-04-30 00:00:00,000;"PLATAFORMAS DE PRODUÇÃO (TECNOLOGIA) - UPGRADE MECALUX - OUTSOURCING - ID652026 - ESX";2026-04-30 00:00:00,000;2026-04-20 00:00:00,000;2026-04-20 00:00:00,000;116705
"10869";"UPPs Dramaturgia - Sistemas de TV";"";"Plataformas De Produção";"PLAT. DE CAPTAÇÃO E PRODUÇÃO";"SOLUÇÃO";"RCGRJ10172908";"OCGCP10195040";"AD DIGITAL COMERCIO DE ELETRONICOS LTDA";"MONIQUE MALTA DA SILVA FERNANDES MACHADO";"CLOSED FOR RECEIVING";"Aberto";"CLOSED FOR RECEIVING";"APPROVED";2023-03-30 00:00:00,000;"INFRAESTRUTURA E SEGURANÇA (TECNOLOGIA) - UPPS DRAMATURGIA - MDO SUPORTE - FORNECEDOR AD DIGITAL - [SUPORTE]";2023-01-26 00:00:00,000;2023-02-10 00:00:00,000;2023-02-10 00:00:00,000;62839,04
"10869";"UPPs Dramaturgia - Sistemas de TV";"";"Plataformas De Produção";"PLAT. DE CAPTAÇÃO E PRODUÇÃO";"SOLUÇÃO";"RCGRJ10172932";"OCGCP10195040";"AD DIGITAL COMERCIO DE ELETRONICOS LTDA";"MONIQUE MALTA DA SILVA FERNANDES MACHADO";"CLOSED FOR RECEIVING";"Aberto";"CLOSED FOR RECEIVING";"APPROVED";2023-03-30 00:00:00,000;"INFRAESTRUTURA E SEGURANÇA (TECNOLOGIA) - UPPS DRAMATURGIA - MDO SUPORTE - FORNECEDOR AD DIGITAL - [SUPORTE]";2023-01-26 00:00:00,000;2023-02-10 00:00:00,000;2023-02-10 00:00:00,000;62839,04
"10869";"UPPs Dramaturgia - Sistemas de TV";"";"Plataformas De Produção";"PLAT. DE CAPTAÇÃO E PRODUÇÃO";"SOLUÇÃO";"RCGRJ10172935";"OCGCP10195040";"AD DIGITAL COMERCIO DE ELETRONICOS LTDA";"MONIQUE MALTA DA SILVA FERNANDES MACHADO";"CLOSED FOR RECEIVING";"Aberto";"CLOSED FOR RECEIVING";"APPROVED";2023-03-30 00:00:00,000;"INFRAESTRUTURA E SEGURANÇA (TECNOLOGIA) - UPPS DRAMATURGIA - MDO SUPORTE - FORNECEDOR AD DIGITAL - [SUPORTE]";2023-01-26 00:00:00,000;2023-02-10 00:00:00,000;2023-02-10 00:00:00,000;62839,04
"20898";"UPR – Unidade de Produção Remota";"rodrigo.candido.andrade@g.globo";"Plataformas De Produção";"PLAT. DE CAPTAÇÃO E PRODUÇÃO";"SOLUÇÃO";"RCGRJ10415604";"OCGCP10430682";"AD DIGITAL COMERCIO DE ELETRONICOS LTDA";"MONIQUE MALTA DA SILVA FERNANDES MACHADO";"CLOSED FOR RECEIVING";"Aberto";"CLOSED FOR RECEIVING";"APPROVED";2024-10-08 00:00:00,000;"ISESC (TECNOLOGIA) - ROADMAP DE CÂMERAS – OBSOLESCÊNCIA, PRODUÇÃO DE CONTEÚDOS MPEG-H RIO E SP E UPR – UNIDADE DE PRODUÇÃO REMOTA - MDO - NOVEMBRO/24 A FEVEREIRO/25 - RC3-72 - AD DIGITAL COMERCIO DE ELETRONICOS LTDA";2024-10-08 00:00:00,000;2024-10-04 00:00:00,000;2024-10-04 00:00:00,000;2493,21
"20898";"UPR – Unidade de Produção Remota";"rodrigo.candido.andrade@g.globo";"Plataformas De Produção";"PLAT. DE CAPTAÇÃO E PRODUÇÃO";"SOLUÇÃO";"RCGRJ10416707";"OCGCP10439466";"SUPERCOMM S.A.";"LUIZ FERNANDO CONCEICAO VARGAS";"OPEN";"Aberto";"OPEN";"APPROVED";2024-10-30 00:00:00,000;"ISESC (TECNOLOGIA) - UPR - UNIDADE DE PRODUÇÃO REMOTA - HUAWEI - CORE 5G TELECOM";2024-09-11 00:00:00,000;2025-01-31 00:00:00,000;2025-01-31 00:00:00,000;47,3
"20898";"UPR – Unidade de Produção Remota";"rodrigo.candido.andrade@g.globo";"Plataformas De Produção";"PLAT. DE CAPTAÇÃO E PRODUÇÃO";"SOLUÇÃO";"RCGRJ10427735";"OCGCP10429190";"ELLAN S/A";"FILIPE FROMENT COELHO";"CLOSED FOR RECEIVING";"Aberto";"CLOSED FOR RECEIVING";"APPROVED";2024-10-04 00:00:00,000;"SOLICITAÇÃO DE RC - ISESC (TECNOLOGIA) - UPR UNIDADE DE PRODUÇÃO REMOTA - ELLAN - PAINEL PDU- SOL FABIO ESTEVAO";2024-10-04 00:00:00,000;2024-10-03 00:00:00,000;2024-10-03 00:00:00,000;1792
"20898";"UPR – Unidade de Produção Remota";"rodrigo.candido.andrade@g.globo";"Plataformas De Produção";"PLAT. DE CAPTAÇÃO E PRODUÇÃO";"SOLUÇÃO";"RCGRJ10433162";"OCGCP10437568";"VIDEO SUPPLY COMERCIO DE EQUIPAMENTOS LTDA";"MARCELLE LIZ FRANZI VICHI DA SILVA";"CLOSED";"Fechado";"CLOSED";"APPROVED";2024-10-24 00:00:00,000;"ISESC (TECNOLOGIA) - UPR UNIDADE DE PRODUÇÃO REMOTA - MATERIAIS DE INTEGRAÇÃO";2024-10-24 00:00:00,000;2024-10-24 00:00:00,000;2024-11-11 00:00:00,000;1300
"20898";"UPR – Unidade de Produção Remota";"rodrigo.candido.andrade@g.globo";"Plataformas De Produção";"PLAT. DE CAPTAÇÃO E PRODUÇÃO";"SOLUÇÃO";"RCGRJ10440613";"OCGCP10445702";"CENTAURO ENGENHARIA E INFORMATICA LTDA";"THAIS OLIVEIRA SPEZANI";"CLOSED FOR RECEIVING";"Aberto";"CLOSED FOR RECEIVING";"APPROVED";2024-11-14 00:00:00,000;"ISESC (TECNOLOGIA) - UPR UNIDADE DE PRODUÇÃO REMOTA - CENTAURO - INTEGRAÇÃO ION";2024-11-14 00:00:00,000;2024-12-13 00:00:00,000;2024-12-13 00:00:00,000;50,4
"20898";"UPR – Unidade de Produção Remota";"rodrigo.candido.andrade@g.globo";"Plataformas De Produção";"PLAT. DE CAPTAÇÃO E PRODUÇÃO";"SOLUÇÃO";"RCGRJ10446276";"OCGCP10454579";"ZPE BRASIL SISTEMAS LTDA";"RAFAEL GOUVEIA DE SOUZA";"CLOSED FOR RECEIVING";"Aberto";"CLOSED FOR RECEIVING";"APPROVED";2024-12-05 00:00:00,000;"ISESC (TECNOLOGIA) - UPR UNIDADE DE PRODUÇÃO REMOTA - ZPE - ROTEADOR";2024-11-28 00:00:00,000;2024-12-27 00:00:00,000;2024-12-27 00:00:00,000;351,24
"20898";"UPR – Unidade de Produção Remota";"rodrigo.candido.andrade@g.globo";"Plataformas De Produção";"PLAT. DE CAPTAÇÃO E PRODUÇÃO";"SOLUÇÃO";"RCGRJ10452360";"OCGCP10462341";"DELL COMPUTADORES DO BRASIL LTDA";"CAROLINE LOPES MENDONCA";"CLOSED FOR RECEIVING";"Aberto";"CLOSED FOR RECEIVING";"APPROVED";2024-12-19 00:00:00,000;"ISESC (TECNOLOGIA) - UPR UNIDADE DE PRODUÇÃO REMOTA - DELL - WINDOWS SERVER";2024-12-15 00:00:00,000;2025-01-12 00:00:00,000;2025-01-24 00:00:00,000;0,12
"20898";"UPR – Unidade de Produção Remota";"rodrigo.candido.andrade@g.globo";"Plataformas De Produção";"PLAT. DE CAPTAÇÃO E PRODUÇÃO";"SOLUÇÃO";"RCGRJ10491704";"OCGCP10439466";"SUPERCOMM S.A.";"LUIZ FERNANDO CONCEICAO VARGAS";"OPEN";"Aberto";"OPEN";"APPROVED";2025-05-05 00:00:00,000;"SESC (TECNOLOGIA) - UPR UNIDADE DE PRODUÇÃO REMOTA – Huawei – Sistema 5G";2025-03-25 00:00:00,000;2025-04-23 00:00:00,000;2025-04-23 00:00:00,000;1202,8
"20898";"UPR – Unidade de Produção Remota";"rodrigo.candido.andrade@g.globo";"Plataformas De Produção";"PLAT. DE CAPTAÇÃO E PRODUÇÃO";"SOLUÇÃO";"RCGSP10047131";"OCGCP10423890";"RF COM SISTEMAS LTDA";"FILIPE FROMENT COELHO";"CLOSED FOR RECEIVING";"Aberto";"CLOSED FOR RECEIVING";"APPROVED";2024-11-27 00:00:00,000;"ISESC (TECNOLOGIA) - UPR UNIDADE DE PRODUÇÃO REMOTA - RFCOM- READEQUAÇÃO DA UM10";2024-11-26 00:00:00,000;2024-12-16 00:00:00,000;2024-12-16 00:00:00,000;300
"25948";"Workflow 4K de edição";"rodrigo.freitas@g.globo";"Plataformas De Produção";"PLAT. DE PÓS-PROD. E DESIGN";"SOLUÇÃO";"RCGMG10014309";"OCGCP10703986";"INTEGRAR TELECOMUNICACOES E SERVICOS";"RAPHAEL BAPTISTA DA SILVA";"CLOSED FOR RECEIVING";"Aberto";"CLOSED FOR RECEIVING";"APPROVED";2026-07-23 00:00:00,000;"ISESC (TECNOLOGIA) - WORKFLOW 4K DE EDIÇÃO - MDO INTEGRAÇÃO DE TELECOM BH - Integrar Telecom";2026-07-21 00:00:00,000;2026-08-20 00:00:00,000;2026-08-20 00:00:00,000;1410
"25948";"Workflow 4K de edição";"rodrigo.freitas@g.globo";"Plataformas De Produção";"PLAT. DE PÓS-PROD. E DESIGN";"MDO";"RCGRJ10525226";"OCGCP10536953";"AD DIGITAL COMERCIO DE ELETRONICOS LTDA";"MONIQUE MALTA DA SILVA FERNANDES MACHADO";"CLOSED FOR RECEIVING";"Aberto";"CLOSED FOR RECEIVING";"APPROVED";2025-06-11 00:00:00,000;"ISESC (TECNOLOGIA) - WORKFLOW 4K DE EDIÇÃO - RESERVA MDO - AD DIGITAL COMERCIO DE ELETRONICOS LTDA";2025-06-11 00:00:00,000;2025-07-10 00:00:00,000;2025-07-10 00:00:00,000;1332,66
"25948";"Workflow 4K de edição";"rodrigo.freitas@g.globo";"Plataformas De Produção";"PLAT. DE PÓS-PROD. E DESIGN";"SOLUÇÃO";"RCGRJ10623107";"OCGCP10663766";"HEWLETT-PACKARD BRASIL LTDA";"ISADORA DE MATOS GONCALVES SANTOS";"CLOSED FOR RECEIVING";"Aberto";"CLOSED FOR RECEIVING";"APPROVED";2026-04-17 00:00:00,000;"PLAT. PROD (TECNOLOGIA) - Workflow 4K de edição - Contrato de Serviço e Suporte dos Storages do Banco de Dados dos PAMs EG";2026-03-12 00:00:00,000;2026-03-06 00:00:00,000;2026-03-06 00:00:00,000;33705
"25948";"Workflow 4K de edição";"rodrigo.freitas@g.globo";"Plataformas De Produção";"PLAT. DE PÓS-PROD. E DESIGN";"SOLUÇÃO";"RCGRJ10640227";"OCGCP10672671";"QUARK TECNOLOGIA LTDA";"PAULA REGIS QUEIROZ AFONSO MUNIZ";"CLOSED FOR RECEIVING";"Aberto";"CLOSED FOR RECEIVING";"APPROVED";2026-05-12 00:00:00,000;"PLAT. PROD (TECNOLOGIA) - WORKFLOW 4K DE EDIÇÃO (CAPEX)- AQUISIÇÃO DE SERVIÇO - STORM GROUP - [SOLUÇÃO].";2026-05-12 00:00:00,000;2026-05-22 00:00:00,000;2026-05-22 00:00:00,000;52405,92
"25948";"Workflow 4K de edição";"rodrigo.freitas@g.globo";"Plataformas De Produção";"PLAT. DE PÓS-PROD. E DESIGN";"SOLUÇÃO";"RCGRJ10658675";"OCGCP10688361";"MULTI COMERCIAL & IMPORTADORA LTDA";"RAPHAEL BAPTISTA DA SILVA";"OPEN";"Aberto";"OPEN";"APPROVED";2026-06-17 00:00:00,000;"Compra de peças para reparo - ASTERA TITAN TUBE - MG1 - WO0341518 WO0341519";2026-06-15 00:00:00,000;2026-06-11 00:00:00,000;2026-06-24 00:00:00,000;9438
"25948";"Workflow 4K de edição";"rodrigo.freitas@g.globo";"Plataformas De Produção";"PLAT. DE PÓS-PROD. E DESIGN";"SOLUÇÃO";"RCGRJ10658868";"OCGCP10690798";"LUMENTECH SERVICOS DE ASSISTENCIA TECNICA EM ILUMINACAO LTDA";"THAYSA ROCHA FERREIRA";"OPEN";"Aberto";"OPEN";"APPROVED";2026-06-22 00:00:00,000;"Compra de peças para reparo em Mesa de Iluminação - WO0345368 - Andre Mendes";2026-06-16 00:00:00,000;2026-10-05 00:00:00,000;2026-10-05 00:00:00,000;15890
"25948";"Workflow 4K de edição";"rodrigo.freitas@g.globo";"Plataformas De Produção";"PLAT. DE PÓS-PROD. E DESIGN";"SOLUÇÃO";"RCGRJ10658868";"OCGCP10690808";"LUMENTECH SERVICOS DE ASSISTENCIA TECNICA EM ILUMINACAO LTDA";"THAYSA ROCHA FERREIRA";"OPEN";"Aberto";"OPEN";"APPROVED";2026-06-22 00:00:00,000;"Compra de peças para reparo em Mesa de Iluminação - WO0345368 - Andre Mendes";2026-06-16 00:00:00,000;2026-10-05 00:00:00,000;2026-10-05 00:00:00,000;5137
"25948";"Workflow 4K de edição";"rodrigo.freitas@g.globo";"Plataformas De Produção";"PLAT. DE PÓS-PROD. E DESIGN";"SOLUÇÃO";"RCGRJ10669045";"OCGCP10700654";"OUTRA COISA PRODUCOES & SOFTWARES LTDA";"MARCELLE LIZ FRANZI VICHI DA SILVA";"CLOSED FOR RECEIVING";"Aberto";"CLOSED FOR RECEIVING";"APPROVED";2026-07-15 00:00:00,000;"PLAT. PROD (TECNOLOGIA) - WORKFLOW 4K DE EDIÇÃO (CAPEX) - MDO DE UX PARA DEMANDAS DE DESENVOLVIMENTO - OUTRACOISA - [SOLUÇÃO]";2026-07-15 00:00:00,000;2026-08-08 00:00:00,000;2026-08-08 00:00:00,000;276817,54
"25948";"Workflow 4K de edição";"rodrigo.freitas@g.globo";"Plataformas De Produção";"PLAT. DE PÓS-PROD. E DESIGN";"SOLUÇÃO";"RCGRJ10669807";"OCGCP10701118";"GRUPO MULTILASER S.A.";"RAPHAEL BAPTISTA DA SILVA";"OPEN";"Aberto";"OPEN";"APPROVED";2026-07-16 00:00:00,000;"Compra de peças para reparo em equipamento - SENNHEISER SK2000XP Pat: 278196 - CDEP - WO0095801";2026-07-10 00:00:00,000;2026-08-09 00:00:00,000;2026-08-16 00:00:00,000;926,57
"25948";"Workflow 4K de edição";"rodrigo.freitas@g.globo";"Plataformas De Produção";"PLAT. DE PÓS-PROD. E DESIGN";"SOLUÇÃO";"RCGRJ10669807";"OCGCP10701118";"GRUPO MULTILASER S.A.";"RAPHAEL BAPTISTA DA SILVA";"OPEN";"Aberto";"OPEN";"APPROVED";2026-07-16 00:00:00,000;"Compra de peças para reparo em equipamento - SENNHEISER SK2000XP Pat: 278196 - CDEP - WO0095801";2026-07-10 00:00:00,000;2026-07-24 00:00:00,000;2026-08-16 00:00:00,000;54,64
"25948";"Workflow 4K de edição";"rodrigo.freitas@g.globo";"Plataformas De Produção";"PLAT. DE PÓS-PROD. E DESIGN";"SOLUÇÃO";"RCGRJ10669834";"OCGCP10701118";"GRUPO MULTILASER S.A.";"RAPHAEL BAPTISTA DA SILVA";"OPEN";"Aberto";"OPEN";"APPROVED";2026-07-16 00:00:00,000;"Compra de peças para reparo em equipamento - SENNHEISER HMD300PRO Pat: 635909 - MG3 - WO0097069";2026-07-10 00:00:00,000;2026-07-24 00:00:00,000;2026-08-16 00:00:00,000;553,48
"25948";"Workflow 4K de edição";"rodrigo.freitas@g.globo";"Plataformas De Produção";"PLAT. DE PÓS-PROD. E DESIGN";"SOLUÇÃO";"RCGRJ10669839";"OCGCP10701118";"GRUPO MULTILASER S.A.";"RAPHAEL BAPTISTA DA SILVA";"OPEN";"Aberto";"OPEN";"APPROVED";2026-07-16 00:00:00,000;"Compra de peças para reparo em equipamento - SENNHEISER HMD300PRO Pat: 629868 - MG1- WO0106827";2026-07-10 00:00:00,000;2026-07-24 00:00:00,000;2026-08-16 00:00:00,000;553,48
"25948";"Workflow 4K de edição";"rodrigo.freitas@g.globo";"Plataformas De Produção";"PLAT. DE PÓS-PROD. E DESIGN";"SOLUÇÃO";"RCGRJ10670447";"OCGCP10701118";"GRUPO MULTILASER S.A.";"RAPHAEL BAPTISTA DA SILVA";"OPEN";"Aberto";"OPEN";"APPROVED";2026-07-16 00:00:00,000;"Compra de peças para reparo em equipamento - SENNHEISER SK2000XP Pat: 278226 sn: 4215001942 - CDEP - WO0099532";2026-07-13 00:00:00,000;2026-07-25 00:00:00,000;2026-08-16 00:00:00,000;1637,3600000000001
"25948";"Workflow 4K de edição";"rodrigo.freitas@g.globo";"Plataformas De Produção";"PLAT. DE PÓS-PROD. E DESIGN";"SOLUÇÃO";"RCGRJ10670912";"OCGCP10701118";"GRUPO MULTILASER S.A.";"RAPHAEL BAPTISTA DA SILVA";"OPEN";"Aberto";"OPEN";"APPROVED";2026-07-16 00:00:00,000;"Compra de peças para reparo em equipamento - SENNHEISER MD431 - UM1 - WO0303479 WO0319139 WO0319144";2026-07-14 00:00:00,000;2026-07-28 00:00:00,000;2026-08-16 00:00:00,000;1940,17
"25948";"Workflow 4K de edição";"rodrigo.freitas@g.globo";"Plataformas De Produção";"PLAT. DE PÓS-PROD. E DESIGN";"SOLUÇÃO";"RCGRJ10670922";"OCGCP10701118";"GRUPO MULTILASER S.A.";"RAPHAEL BAPTISTA DA SILVA";"OPEN";"Aberto";"OPEN";"APPROVED";2026-07-16 00:00:00,000;"Compra de peças para reparo em equipamento - SENNHEISER MD431 - UM1 - WO0112019 WO0268710 WO0268714";2026-07-14 00:00:00,000;2026-07-30 00:00:00,000;2026-08-16 00:00:00,000;1473,6799999999998
"25948";"Workflow 4K de edição";"rodrigo.freitas@g.globo";"Plataformas De Produção";"PLAT. DE PÓS-PROD. E DESIGN";"SOLUÇÃO";"RCGRJ10670974";"OCGCP10701118";"GRUPO MULTILASER S.A.";"RAPHAEL BAPTISTA DA SILVA";"OPEN";"Aberto";"OPEN";"APPROVED";2026-07-16 00:00:00,000;"Compra de peças para reparo em equipamento: Bodypack Transmitter Sennheiser SK500 G4 Prod code: 577692 Sér:5123001283 - MG1 - WO0160299";2026-07-14 00:00:00,000;2026-07-29 00:00:00,000;2026-08-16 00:00:00,000;1175,39
"25948";"Workflow 4K de edição";"rodrigo.freitas@g.globo";"Plataformas De Produção";"PLAT. DE PÓS-PROD. E DESIGN";"SOLUÇÃO";"RCGRJ10671092";"OCGCP10701748";"ZIEMERTRONICS, Inc.";"RAFAEL LOPES ROSADO";"OPEN";"Aberto";"OPEN";"APPROVED";2026-07-17 00:00:00,000;"Compra de peças para reparo em LECTROSONICS IFBR1B-C1 SN: 4537 Pat: 336414 - CDEP - WO0187589";2026-07-17 00:00:00,000;2026-07-30 00:00:00,000;2026-08-14 00:00:00,000;1969,51
"25948";"Workflow 4K de edição";"rodrigo.freitas@g.globo";"Plataformas De Produção";"PLAT. DE PÓS-PROD. E DESIGN";"SOLUÇÃO";"RCGRJ10671823";"OCGCP10706965";"MULTI COMERCIAL & IMPORTADORA LTDA";"RAFAEL LOPES ROSADO";"OPEN";"Aberto";"OPEN";"APPROVED";2026-07-31 00:00:00,000;"Compra de peça para reparo em equipamento - Pat: 55343107 ASTERABOX e ASTERA TITAN - CDF - WO0363093 WO0374318 WO0370924 WO0372828";2026-07-30 00:00:00,000;2026-07-30 00:00:00,000;2026-08-31 00:00:00,000;3607,56
"25948";"Workflow 4K de edição";"rodrigo.freitas@g.globo";"Plataformas De Produção";"PLAT. DE PÓS-PROD. E DESIGN";"SOLUÇÃO";"RCGRJ10671823";"OCGCP10706965";"MULTI COMERCIAL & IMPORTADORA LTDA";"RAFAEL LOPES ROSADO";"OPEN";"Aberto";"OPEN";"APPROVED";2026-07-31 00:00:00,000;"Compra de peça para reparo em equipamento - Pat: 55343107 ASTERABOX e ASTERA TITAN - CDF - WO0363093 WO0374318 WO0370924 WO0372828";2026-07-30 00:00:00,000;2026-08-15 00:00:00,000;2026-08-31 00:00:00,000;3630
"25948";"Workflow 4K de edição";"rodrigo.freitas@g.globo";"Plataformas De Produção";"PLAT. DE PÓS-PROD. E DESIGN";"SOLUÇÃO";"RCGRJ10672066";"OCGCP10705326";"ZIEMERTRONICS, Inc.";"RAFAEL LOPES ROSADO";"OPEN";"Aberto";"OPEN";"APPROVED";2026-07-28 00:00:00,000;"Compra de peças para reparo em LECTROSONICS IFBR1B-C1 - WO0170816 WO0288678 WO0302134";2026-07-23 00:00:00,000;2026-07-29 00:00:00,000;2026-08-25 00:00:00,000;604,61
"25948";"Workflow 4K de edição";"rodrigo.freitas@g.globo";"Plataformas De Produção";"PLAT. DE PÓS-PROD. E DESIGN";"SOLUÇÃO";"RCGRJ10672507";"OCGCP10704941";"EUROBRAS USA LLC";"RAFAEL LOPES ROSADO";"OPEN";"Aberto";"OPEN";"APPROVED";2026-07-27 00:00:00,000;"Compra de peça para reparo em Refletor LITEPANELS 2 X 1 GEMINI Pat: 318851 - MG1 - WO0310038";2026-07-22 00:00:00,000;2026-08-03 00:00:00,000;2026-09-30 00:00:00,000;1168,63
"25948";"Workflow 4K de edição";"rodrigo.freitas@g.globo";"Plataformas De Produção";"PLAT. DE PÓS-PROD. E DESIGN";"SOLUÇÃO";"RCGRJ10672584";"OCGCP10705355";"CLEARCOM LLC";"RAFAEL LOPES ROSADO";"OPEN";"Aberto";"OPEN";"APPROVED";2026-07-28 00:00:00,000;"Compra de peças para reparo em Headset Clearcom CC26 - UM3 e MG2 - WO0265998 WO0319698";2026-07-23 00:00:00,000;2026-08-03 00:00:00,000;2026-08-25 00:00:00,000;503,84
"25948";"Workflow 4K de edição";"rodrigo.freitas@g.globo";"Plataformas De Produção";"PLAT. DE PÓS-PROD. E DESIGN";"SOLUÇÃO";"RCGRJ10672613";"OCGCP10706955";"GRUPO MULTILASER S.A.";"RAFAEL LOPES ROSADO";"OPEN";"Aberto";"OPEN";"APPROVED";2026-07-31 00:00:00,000;"Compra de peças para reparo em equipamento - SEENHEISER Microfone K6 - UM1 - WO0199345";2026-07-28 00:00:00,000;2026-07-31 00:00:00,000;2026-08-31 00:00:00,000;553,48
"25948";"Workflow 4K de edição";"rodrigo.freitas@g.globo";"Plataformas De Produção";"PLAT. DE PÓS-PROD. E DESIGN";"SOLUÇÃO";"RCGRJ10672704";"OCGCP10703469";"GRUPO MULTILASER S.A.";"RAPHAEL BAPTISTA DA SILVA";"OPEN";"Aberto";"OPEN";"APPROVED";2026-07-22 00:00:00,000;"Compra de peças para reparo em equipamento - SEENHEISER RECEPTOR EK6042 - MG1 - WO0284509";2026-07-28 00:00:00,000;2026-07-31 00:00:00,000;2026-08-23 00:00:00,000;279,85
"25948";"Workflow 4K de edição";"rodrigo.freitas@g.globo";"Plataformas De Produção";"PLAT. DE PÓS-PROD. E DESIGN";"SOLUÇÃO";"RCGRJ10672704";"OCGCP10706955";"GRUPO MULTILASER S.A.";"RAFAEL LOPES ROSADO";"OPEN";"Aberto";"OPEN";"APPROVED";2026-07-31 00:00:00,000;"Compra de peças para reparo em equipamento - SEENHEISER RECEPTOR EK6042 - MG1 - WO0284509";2026-07-28 00:00:00,000;2026-07-31 00:00:00,000;2026-08-31 00:00:00,000;124,41
"25948";"Workflow 4K de edição";"rodrigo.freitas@g.globo";"Plataformas De Produção";"PLAT. DE PÓS-PROD. E DESIGN";"SOLUÇÃO";"RCGRJ10672801";"OCGCP10703563";"ZIEMERTRONICS, Inc.";"RAFAEL LOPES ROSADO";"OPEN";"Aberto";"OPEN";"APPROVED";2026-07-22 00:00:00,000;"Compra de peças para reparo em LECTROSONICS LR-B1 SN: 6021 - CDEP - WO0284125";2026-07-21 00:00:00,000;2026-08-03 00:00:00,000;2026-08-19 00:00:00,000;997,04999999999984
"25948";"Workflow 4K de edição";"rodrigo.freitas@g.globo";"Plataformas De Produção";"PLAT. DE PÓS-PROD. E DESIGN";"SOLUÇÃO";"RCGRJ10674834";"OCGCP10706479";"SONY LATIN AMERICA INC";"BRUNO DOMINGOS SIMOES";"OPEN";"Aberto";"OPEN";"APPROVED";2026-07-30 00:00:00,000;"ISESC (TECNOLOGIA) - Migração dos Sistemas legados do Acervo EG e WORKFLOW 4K de Edição - PARCERIA EG - Peças para reparo em Robótica SONY ODA - [BASE].";2026-07-29 00:00:00,000;2026-08-26 00:00:00,000;2026-10-30 00:00:00,000;40837,29
"25948";"Workflow 4K de edição";"rodrigo.freitas@g.globo";"Plataformas De Produção";"PLAT. DE PÓS-PROD. E DESIGN";"SOLUÇÃO";"RCGRJ10676243";"OCGCP10707177";"NESHOP COM DE PEÇAS E COMPONENTES ELET";"RAFAEL LOPES ROSADO";"OPEN";"Aberto";"OPEN";"APPROVED";2026-08-03 00:00:00,000;"Compra de peças para reparo em SAMSUNG TELEVISOR 43"" Pat: 310289 e Pat: 310263 - MG4 - WO0355776 e WO0356636";2026-07-31 00:00:00,000;2026-08-14 00:00:00,000;2026-08-14 00:00:00,000;1231,98
"25948";"Workflow 4K de edição";"rodrigo.freitas@g.globo";"Plataformas De Produção";"PLAT. DE PÓS-PROD. E DESIGN";"SOLUÇÃO";"RCGRJ10678081";"OCGCP10708939";"ALL EXPRESS SERVICE LTDA";"JOAO VICTOR OLIVEIRA COELHO";"CLOSED FOR RECEIVING";"Aberto";"CLOSED FOR RECEIVING";"APPROVED";2026-08-06 00:00:00,000;"FATURA 14919 ALL TIME - EG";2026-08-06 00:00:00,000;2026-09-05 00:00:00,000;2026-09-05 00:00:00,000;599,42
"25948";"Workflow 4K de edição";"rodrigo.freitas@g.globo";"Plataformas De Produção";"PLAT. DE PÓS-PROD. E DESIGN";"SOLUÇÃO";"RCGRJ10680249";"OCGCP10717011";"LUMATEK ILUMINACAO TECNICA E COMERCIO LTDA";"THAYSA ROCHA FERREIRA";"OPEN";"Aberto";"OPEN";"APPROVED";2026-08-27 00:00:00,000;"Compra de alças para refletores DEXEL - Pole Operated quebrado - PARCERIA EG - 35 unidades";2026-08-20 00:00:00,000;2026-10-30 00:00:00,000;2026-10-30 00:00:00,000;55860
"25948";"Workflow 4K de edição";"rodrigo.freitas@g.globo";"Plataformas De Produção";"PLAT. DE PÓS-PROD. E DESIGN";"SOLUÇÃO";"RCGRJ10680624";"OCGCP10713451";"QI ENTERTAINMENT LLC";"RAFAEL LOPES ROSADO";"OPEN";"Aberto";"OPEN";"APPROVED";2026-08-18 00:00:00,000;"Compra de peças para reparo em Caixa acústica Genelec 8040A - JORN - WO0345731";2026-08-14 00:00:00,000;2026-09-13 00:00:00,000;2026-09-15 00:00:00,000;3586,54
"25948";"Workflow 4K de edição";"rodrigo.freitas@g.globo";"Plataformas De Produção";"PLAT. DE PÓS-PROD. E DESIGN";"MDO";"RCGRJ10680700";"OCGCP10714307";"NTT BRASIL COMERCIO E SERVICOS DE TECNOLOGIA LTDA";"LUIZ FERNANDO CONCEICAO VARGAS";"CLOSED FOR RECEIVING";"Aberto";"CLOSED FOR RECEIVING";"APPROVED";2026-08-19 00:00:00,000;"PLATAFORMAS DE PRODUÇÃO (TECNOLOGIA) - PROJETO Workflow 4K de edição - SERVIÇO DE MÃO DE OBRA - AGOSTO - NTT";2026-08-19 00:00:00,000;2026-08-17 00:00:00,000;2026-08-17 00:00:00,000;0,08
"25948";"Workflow 4K de edição";"rodrigo.freitas@g.globo";"Plataformas De Produção";"PLAT. DE PÓS-PROD. E DESIGN";"SOLUÇÃO";"RCGRJ10682052";"OCGCP10714917";"ZIEMERTRONICS, Inc.";"RAFAEL LOPES ROSADO";"OPEN";"Aberto";"OPEN";"APPROVED";2026-08-21 00:00:00,000;"Compra de peças para reparo em Receptor Lectrosonic LR-31 - CDEP - WO0099820";2026-08-20 00:00:00,000;2026-08-29 00:00:00,000;2026-09-18 00:00:00,000;1016,5
"25948";"Workflow 4K de edição";"rodrigo.freitas@g.globo";"Plataformas De Produção";"PLAT. DE PÓS-PROD. E DESIGN";"SOLUÇÃO";"RCGRJ10682525";"OCGCP10722565";"TREVISAN'S LENS & CAMERAS SERVICE LTDA";"THAYSA ROCHA FERREIRA";"CLOSED FOR RECEIVING";"Aberto";"CLOSED FOR RECEIVING";"APPROVED";2026-09-11 00:00:00,000;"Aprovação de orçamento TREVISANS referente a OS 8222 - Lente Fujinon HA42x9.7BERD-U48 Pat: 208472 sn: 428749 - UM1 - WO0319098";2026-08-24 00:00:00,000;2026-10-13 00:00:00,000;2026-10-13 00:00:00,000;11200
"25948";"Workflow 4K de edição";"rodrigo.freitas@g.globo";"Plataformas De Produção";"PLAT. DE PÓS-PROD. E DESIGN";"SOLUÇÃO";"RCGRJ10684243";"OCGCP10718687";"MULTI COMERCIAL & IMPORTADORA LTDA";"RAFAEL LOPES ROSADO";"OPEN";"Aberto";"OPEN";"APPROVED";2026-09-01 00:00:00,000;"Compra de peças para reparo - ASTERA TITAN TUBE - CDF - WO0392203 WO0395141 WO0396762";2026-08-27 00:00:00,000;2026-09-16 00:00:00,000;2026-09-30 00:00:00,000;4479,26
"25948";"Workflow 4K de edição";"rodrigo.freitas@g.globo";"Plataformas De Produção";"PLAT. DE PÓS-PROD. E DESIGN";"SOLUÇÃO";"RCGRJ10685348";"OCGCP10725633";"Press Play Labs, Inc.";"RAFAEL RANGEL CASIMIRO";"INCOMPLETE";"Aberto";"OC em aprovação";"APPROVED";2026-09-18 00:00:00,000;"POC da ferramenta HEY EDDIE";2026-09-01 00:00:00,000;2026-09-27 00:00:00,000;2026-09-27 00:00:00,000;35325,57
"25948";"Workflow 4K de edição";"rodrigo.freitas@g.globo";"Plataformas De Produção";"PLAT. DE PÓS-PROD. E DESIGN";"SOLUÇÃO";"RCGRJ10687529";"OCGCP10720287";"NITSOUND COMERCIO DE APARELHOS ELETRONICOS";"RAFAEL LOPES ROSADO";"CLOSED FOR RECEIVING";"Aberto";"CLOSED FOR RECEIVING";"APPROVED";2026-09-04 00:00:00,000;"Aprovação de Orçamento Nitsound OS 41579 - Caixa Acústica JBL PARTYBOX 310 - CDEP - WO0373560";2026-09-03 00:00:00,000;2026-10-03 00:00:00,000;2026-10-03 00:00:00,000;1126
"25948";"Workflow 4K de edição";"rodrigo.freitas@g.globo";"Plataformas De Produção";"PLAT. DE PÓS-PROD. E DESIGN";"SOLUÇÃO";"RCGRJ10689852";"OCGCP10723308";"QUALYTECH QUALIDADE E TECNOLOGIA LTDA EPP";"RAPHAEL BAPTISTA DA SILVA";"CLOSED FOR RECEIVING";"Aberto";"CLOSED FOR RECEIVING";"APPROVED";2026-09-14 00:00:00,000;"Aprovação de reparo QUALYTECH referente as OSs 2025 2026 2027 - Multishack Pat: 319971 319976 C18069- BBB - WO0401452 WO0401453 WO0401455";2026-09-10 00:00:00,000;2026-09-21 00:00:00,000;2026-09-21 00:00:00,000;1520
"25948";"Workflow 4K de edição";"rodrigo.freitas@g.globo";"Plataformas De Produção";"PLAT. DE PÓS-PROD. E DESIGN";"SOLUÇÃO";"RCGRJ10689923";"OCGCP10723315";"INVICTA SOLUCOES METALURGICA EIRELI ME";"RAPHAEL BAPTISTA DA SILVA";"CLOSED FOR RECEIVING";"Aberto";"CLOSED FOR RECEIVING";"APPROVED";2026-09-14 00:00:00,000;"Aprovação de reparo INVICTA referente a OS 1075 - Tripé Super Cranck Pat: 091701 - CDF - WO382750";2026-09-10 00:00:00,000;2026-09-21 00:00:00,000;2026-09-21 00:00:00,000;800
"25948";"Workflow 4K de edição";"rodrigo.freitas@g.globo";"Plataformas De Produção";"PLAT. DE PÓS-PROD. E DESIGN";"SOLUÇÃO";"RCGRJ10690281";"OCGCP10724690";"INVICTA SOLUCOES METALURGICA EIRELI ME";"RAPHAEL BAPTISTA DA SILVA";"CLOSED FOR RECEIVING";"Aberto";"CLOSED FOR RECEIVING";"APPROVED";2026-09-16 00:00:00,000;"Aprovação de reparo INVICTA referente a OS 1077 - Vara de Boom KTEK pat: c04449 - CDEP - WO0381774";2026-09-11 00:00:00,000;2026-10-11 00:00:00,000;2026-10-11 00:00:00,000;350
"25948";"Workflow 4K de edição";"rodrigo.freitas@g.globo";"Plataformas De Produção";"PLAT. DE PÓS-PROD. E DESIGN";"SOLUÇÃO";"RCGRJ10691014";"OCGCP10724690";"INVICTA SOLUCOES METALURGICA EIRELI ME";"RAPHAEL BAPTISTA DA SILVA";"CLOSED FOR RECEIVING";"Aberto";"CLOSED FOR RECEIVING";"APPROVED";2026-09-16 00:00:00,000;"Aprovação de reparo INVICTA referente a OS 1079 - Vara de Boom KTEK - MG3 - WO0393268";2026-09-14 00:00:00,000;2026-10-14 00:00:00,000;2026-10-14 00:00:00,000;350
"25948";"Workflow 4K de edição";"rodrigo.freitas@g.globo";"Plataformas De Produção";"PLAT. DE PÓS-PROD. E DESIGN";"SOLUÇÃO";"RCGRJ10691026";"OCGCP10724690";"INVICTA SOLUCOES METALURGICA EIRELI ME";"RAPHAEL BAPTISTA DA SILVA";"CLOSED FOR RECEIVING";"Aberto";"CLOSED FOR RECEIVING";"APPROVED";2026-09-16 00:00:00,000;"Aprovação de reparo INVICTA referente a OS 1078 - Vara de Boom KTEK - MG3 - WO0393267";2026-09-14 00:00:00,000;2026-10-14 00:00:00,000;2026-10-14 00:00:00,000;350
"25948";"Workflow 4K de edição";"rodrigo.freitas@g.globo";"Plataformas De Produção";"PLAT. DE PÓS-PROD. E DESIGN";"SOLUÇÃO";"RCGRJ10692464";"OCGCP10726941";"NITSOUND COMERCIO DE APARELHOS ELETRONICOS";"RAPHAEL BAPTISTA DA SILVA";"CLOSED FOR RECEIVING";"Aberto";"CLOSED FOR RECEIVING";"APPROVED";2026-09-21 00:00:00,000;"Aprovação de orçamento NITSOUND referente a OS 41758 - Caixa Acústica JBL EON615 sn: P1391-353254 - WO0323801";2026-09-17 00:00:00,000;2026-09-25 00:00:00,000;2026-09-25 00:00:00,000;1562
"25948";"Workflow 4K de edição";"rodrigo.freitas@g.globo";"Plataformas De Produção";"PLAT. DE PÓS-PROD. E DESIGN";"SOLUÇÃO";"RCGRJ10694855";"OCGCP10728154";"QUALYTECH QUALIDADE E TECNOLOGIA LTDA EPP";"CAROLINE LOPES MENDONCA";"CLOSED FOR RECEIVING";"Aberto";"CLOSED FOR RECEIVING";"APPROVED";2026-09-23 00:00:00,000;"Aprovação de orçamento Qualytech referente as OS 2016 - Reparo em cabos de fibra óptica SMPTE - UM1 - WO0383286";2026-09-23 00:00:00,000;2026-10-05 00:00:00,000;2026-10-05 00:00:00,000;979,8
"25948";"Workflow 4K de edição";"rodrigo.freitas@g.globo";"Plataformas De Produção";"PLAT. DE PÓS-PROD. E DESIGN";"SOLUÇÃO";"RCGRJ10694870";"OCGCP10728163";"QUALYTECH QUALIDADE E TECNOLOGIA LTDA EPP";"CAROLINE LOPES MENDONCA";"CLOSED FOR RECEIVING";"Aberto";"CLOSED FOR RECEIVING";"APPROVED";2026-09-23 00:00:00,000;"Aprovação de orçamento Qualytech referente as OS 2012 - Reparo em cabos de fibra óptica SMPTE - UM1 - WO0383274";2026-09-23 00:00:00,000;2026-10-02 00:00:00,000;2026-10-02 00:00:00,000;479,8
"25948";"Workflow 4K de edição";"rodrigo.freitas@g.globo";"Plataformas De Produção";"PLAT. DE PÓS-PROD. E DESIGN";"SOLUÇÃO";"RCGRJ10694883";"OCGCP10728172";"QUALYTECH QUALIDADE E TECNOLOGIA LTDA EPP";"CAROLINE LOPES MENDONCA";"CLOSED FOR RECEIVING";"Aberto";"CLOSED FOR RECEIVING";"APPROVED";2026-09-23 00:00:00,000;"Aprovação de orçamento Qualytech referente as OS 2019 - Reparo em cabos de fibra óptica SMPTE - UM1 - WO0394147";2026-09-23 00:00:00,000;2026-10-05 00:00:00,000;2026-10-05 00:00:00,000;900
"25948";"Workflow 4K de edição";"rodrigo.freitas@g.globo";"Plataformas De Produção";"PLAT. DE PÓS-PROD. E DESIGN";"SOLUÇÃO";"RCGRJ10694909";"OCGCP10728432";"QUALYTECH QUALIDADE E TECNOLOGIA LTDA EPP";"CAROLINE LOPES MENDONCA";"CLOSED FOR RECEIVING";"Aberto";"CLOSED FOR RECEIVING";"APPROVED";2026-09-24 00:00:00,000;"Aprovação de orçamento Qualytech referente as OS 2021 - Reparo em cabos de fibra óptica SMPTE - UM1 - WO0383276";2026-09-24 00:00:00,000;2026-10-06 00:00:00,000;2026-10-06 00:00:00,000;1201,98
"25948";"Workflow 4K de edição";"rodrigo.freitas@g.globo";"Plataformas De Produção";"PLAT. DE PÓS-PROD. E DESIGN";"SOLUÇÃO";"RCGRJ10695113";"OCGCP10728420";"QUALYTECH QUALIDADE E TECNOLOGIA LTDA EPP";"CAROLINE LOPES MENDONCA";"CLOSED FOR RECEIVING";"Aberto";"CLOSED FOR RECEIVING";"APPROVED";2026-09-24 00:00:00,000;"Aprovação de orçamento Qualytech referente as OS 2014 - Reparo em cabos de fibra optica SMPTE - UM1 - WO0383279";2026-09-24 00:00:00,000;2026-10-05 00:00:00,000;2026-10-05 00:00:00,000;1460,5
"25948";"Workflow 4K de edição";"rodrigo.freitas@g.globo";"Plataformas De Produção";"PLAT. DE PÓS-PROD. E DESIGN";"SOLUÇÃO";"RCGRJ10695698";"OCGCP10728973";"QUALYTECH QUALIDADE E TECNOLOGIA LTDA EPP";"CAROLINE LOPES MENDONCA";"CLOSED FOR RECEIVING";"Aberto";"CLOSED FOR RECEIVING";"APPROVED";2026-09-25 00:00:00,000;"Aprovação de orçamento Qualytech referente as OS 2006 - Reparo em cabos de fibra óptica SMPTE - MG3 - WO0377852";2026-09-25 00:00:00,000;2026-10-25 00:00:00,000;2026-10-25 00:00:00,000;400
"25948";"Workflow 4K de edição";"rodrigo.freitas@g.globo";"Plataformas De Produção";"PLAT. DE PÓS-PROD. E DESIGN";"SOLUÇÃO";"RCGRJ10695738";"OCGCP10729002";"QUALYTECH QUALIDADE E TECNOLOGIA LTDA EPP";"CAROLINE LOPES MENDONCA";"CLOSED FOR RECEIVING";"Aberto";"CLOSED FOR RECEIVING";"APPROVED";2026-09-25 00:00:00,000;"Aprovação de orçamento Qualytech referente as OS 2015 - Reparo em cabos de fibra óptica SMPTE - UM1 - WO0391386";2026-09-25 00:00:00,000;2026-10-25 00:00:00,000;2026-10-25 00:00:00,000;400
"25948";"Workflow 4K de edição";"rodrigo.freitas@g.globo";"Plataformas De Produção";"PLAT. DE PÓS-PROD. E DESIGN";"SOLUÇÃO";"RCGRJ10695739";"OCGCP10729004";"QUALYTECH QUALIDADE E TECNOLOGIA LTDA EPP";"CAROLINE LOPES MENDONCA";"CLOSED FOR RECEIVING";"Aberto";"CLOSED FOR RECEIVING";"APPROVED";2026-09-25 00:00:00,000;"Aprovação de orçamento Qualytech referente as OS 2018 - Reparo em cabos de fibra óptica SMPTE - UM1 - WO0394152";2026-09-25 00:00:00,000;2026-10-25 00:00:00,000;2026-10-25 00:00:00,000;400
"25948";"Workflow 4K de edição";"rodrigo.freitas@g.globo";"Plataformas De Produção";"PLAT. DE PÓS-PROD. E DESIGN";"SOLUÇÃO";"RCGRJ10695750";"OCGCP10729013";"QUALYTECH QUALIDADE E TECNOLOGIA LTDA EPP";"CAROLINE LOPES MENDONCA";"CLOSED FOR RECEIVING";"Aberto";"CLOSED FOR RECEIVING";"APPROVED";2026-09-25 00:00:00,000;"Aprovação de orçamento Qualytech referente as OS 2009 - Reparo em cabos de fibra óptica SMPTE - UM1 - WO0383272";2026-09-25 00:00:00,000;2026-10-25 00:00:00,000;2026-10-25 00:00:00,000;948,4
"25948";"Workflow 4K de edição";"rodrigo.freitas@g.globo";"Plataformas De Produção";"PLAT. DE PÓS-PROD. E DESIGN";"SOLUÇÃO";"RCGRJ10695751";"OCGCP10729018";"QUALYTECH QUALIDADE E TECNOLOGIA LTDA EPP";"CAROLINE LOPES MENDONCA";"CLOSED FOR RECEIVING";"Aberto";"CLOSED FOR RECEIVING";"APPROVED";2026-09-25 00:00:00,000;"Aprovação de orçamento Qualytech referente as OS 2007 - Reparo em cabos de fibra óptica SMPTE - MG3 - WO0377849";2026-09-25 00:00:00,000;2026-10-25 00:00:00,000;2026-10-25 00:00:00,000;988,3
"25948";"Workflow 4K de edição";"rodrigo.freitas@g.globo";"Plataformas De Produção";"PLAT. DE PÓS-PROD. E DESIGN";"SOLUÇÃO";"RCGRJ10695782";"OCGCP10729048";"QUALYTECH QUALIDADE E TECNOLOGIA LTDA EPP";"CAROLINE LOPES MENDONCA";"CLOSED FOR RECEIVING";"Aberto";"CLOSED FOR RECEIVING";"APPROVED";2026-09-25 00:00:00,000;"Aprovação de orçamento Qualytech referente as OS 2020 - Reparo em cabos de fibra óptica SMPTE - UM1 - WO0394144";2026-09-25 00:00:00,000;2026-10-25 00:00:00,000;2026-10-25 00:00:00,000;908,5
"25948";"Workflow 4K de edição";"rodrigo.freitas@g.globo";"Plataformas De Produção";"PLAT. DE PÓS-PROD. E DESIGN";"SOLUÇÃO";"RCGRJ10695787";"OCGCP10729049";"QUALYTECH QUALIDADE E TECNOLOGIA LTDA EPP";"CAROLINE LOPES MENDONCA";"CLOSED FOR RECEIVING";"Aberto";"CLOSED FOR RECEIVING";"APPROVED";2026-09-25 00:00:00,000;"Aprovação de orçamento Qualytech referente as OS 2023 - Reparo em cabos de fibra óptica SMPTE - UM1 - WO0383288";2026-09-25 00:00:00,000;2026-10-25 00:00:00,000;2026-10-25 00:00:00,000;908,5
"25948";"Workflow 4K de edição";"rodrigo.freitas@g.globo";"Plataformas De Produção";"PLAT. DE PÓS-PROD. E DESIGN";"SOLUÇÃO";"RCGRJ10695835";"OCGCP10729100";"QUALYTECH QUALIDADE E TECNOLOGIA LTDA EPP";"CAROLINE LOPES MENDONCA";"CLOSED FOR RECEIVING";"Aberto";"CLOSED FOR RECEIVING";"APPROVED";2026-09-25 00:00:00,000;"Aprovação de orçamento Qualytech referente as OS 2028 - Reparo em cabos de fibra óptica SMPTE - MG3 - WO0401541";2026-09-25 00:00:00,000;2026-10-06 00:00:00,000;2026-10-06 00:00:00,000;400
"25948";"Workflow 4K de edição";"rodrigo.freitas@g.globo";"Plataformas De Produção";"PLAT. DE PÓS-PROD. E DESIGN";"SOLUÇÃO";"RCGRJ10695840";"OCGCP10729105";"QUALYTECH QUALIDADE E TECNOLOGIA LTDA EPP";"CAROLINE LOPES MENDONCA";"CLOSED FOR RECEIVING";"Aberto";"CLOSED FOR RECEIVING";"APPROVED";2026-09-25 00:00:00,000;"Aprovação de orçamento Qualytech referente as OS 2030 - Reparo em cabos de fibra óptica SMPTE - MG3 - WO0402468";2026-09-25 00:00:00,000;2026-10-25 00:00:00,000;2026-10-25 00:00:00,000;1380
"25948";"Workflow 4K de edição";"rodrigo.freitas@g.globo";"Plataformas De Produção";"PLAT. DE PÓS-PROD. E DESIGN";"SOLUÇÃO";"RCGRJ10695846";"OCGCP10729110";"QUALYTECH QUALIDADE E TECNOLOGIA LTDA EPP";"CAROLINE LOPES MENDONCA";"CLOSED FOR RECEIVING";"Aberto";"CLOSED FOR RECEIVING";"APPROVED";2026-09-25 00:00:00,000;"Aprovação de orçamento Qualytech referente as OS 2029 - Reparo em cabos de fibra óptica SMPTE - MG3 - WO0402465";2026-09-25 00:00:00,000;2026-10-25 00:00:00,000;2026-10-25 00:00:00,000;1380
"25948";"Workflow 4K de edição";"rodrigo.freitas@g.globo";"Plataformas De Produção";"PLAT. DE PÓS-PROD. E DESIGN";"SOLUÇÃO";"RCGRJ10695884";"";"";"";"";"Aberto";"";"";2026-09-25 00:00:00,000;"Compra de peças para reparo em cabos de Fibra Óptica - UMs - WO0383279 WO0383277 - OSs 2014 2022";2026-09-25 00:00:00,000;;;1580,8400000000001
