N4;NomeLB;Ano;Nome do Mês;BG_Q3
"PLAT. DE CAPTAÇÃO E PRODUÇÃO";"Aquisição Kit diretor pro Entretenimento";2026;"abril";0
"PLAT. DE CAPTAÇÃO E PRODUÇÃO";"Aquisição Kit diretor pro Entretenimento";2026;"agosto";70790,33
"PLAT. DE CAPTAÇÃO E PRODUÇÃO";"Aquisição Kit diretor pro Entretenimento";2026;"dezembro";38295
"PLAT. DE CAPTAÇÃO E PRODUÇÃO";"Aquisição Kit diretor pro Entretenimento";2026;"fevereiro";0
"PLAT. DE CAPTAÇÃO E PRODUÇÃO";"Aquisição Kit diretor pro Entretenimento";2026;"janeiro";0
"PLAT. DE CAPTAÇÃO E PRODUÇÃO";"Aquisição Kit diretor pro Entretenimento";2026;"julho";217466,84
"PLAT. DE CAPTAÇÃO E PRODUÇÃO";"Aquisição Kit diretor pro Entretenimento";2026;"junho";49788,27
"PLAT. DE CAPTAÇÃO E PRODUÇÃO";"Aquisição Kit diretor pro Entretenimento";2026;"maio";76232,4
"PLAT. DE CAPTAÇÃO E PRODUÇÃO";"Aquisição Kit diretor pro Entretenimento";2026;"março";0
"PLAT. DE CAPTAÇÃO E PRODUÇÃO";"Aquisição Kit diretor pro Entretenimento";2026;"novembro";104820
"PLAT. DE CAPTAÇÃO E PRODUÇÃO";"Aquisição Kit diretor pro Entretenimento";2026;"outubro";0
"PLAT. DE CAPTAÇÃO E PRODUÇÃO";"Aquisição Kit diretor pro Entretenimento";2026;"setembro";293607,36
"PLAT. DE CAPTAÇÃO E PRODUÇÃO";"Aquisição Kit diretor pro Entretenimento";2027;"fevereiro";0
"PLAT. DE CAPTAÇÃO E PRODUÇÃO";"Aquisição Kit diretor pro Entretenimento";2027;"janeiro";0
"PLAT. DE CAPTAÇÃO E PRODUÇÃO";"Aquisição Kit diretor pro Entretenimento";2027;"março";0
"PLAT. DE CAPTAÇÃO E PRODUÇÃO";"Automação Hoists MG2 - Obs. Crítica e Mesa de Iluminação EST-3 SP";2026;"abril";101001,41
"PLAT. DE CAPTAÇÃO E PRODUÇÃO";"Automação Hoists MG2 - Obs. Crítica e Mesa de Iluminação EST-3 SP";2026;"agosto";26202
"PLAT. DE CAPTAÇÃO E PRODUÇÃO";"Automação Hoists MG2 - Obs. Crítica e Mesa de Iluminação EST-3 SP";2026;"dezembro";0
"PLAT. DE CAPTAÇÃO E PRODUÇÃO";"Automação Hoists MG2 - Obs. Crítica e Mesa de Iluminação EST-3 SP";2026;"fevereiro";330891,32
"PLAT. DE CAPTAÇÃO E PRODUÇÃO";"Automação Hoists MG2 - Obs. Crítica e Mesa de Iluminação EST-3 SP";2026;"janeiro";172658,55
"PLAT. DE CAPTAÇÃO E PRODUÇÃO";"Automação Hoists MG2 - Obs. Crítica e Mesa de Iluminação EST-3 SP";2026;"julho";25245,88
"PLAT. DE CAPTAÇÃO E PRODUÇÃO";"Automação Hoists MG2 - Obs. Crítica e Mesa de Iluminação EST-3 SP";2026;"junho";18355,98
"PLAT. DE CAPTAÇÃO E PRODUÇÃO";"Automação Hoists MG2 - Obs. Crítica e Mesa de Iluminação EST-3 SP";2026;"maio";75350,18
"PLAT. DE CAPTAÇÃO E PRODUÇÃO";"Automação Hoists MG2 - Obs. Crítica e Mesa de Iluminação EST-3 SP";2026;"março";184398,32
"PLAT. DE CAPTAÇÃO E PRODUÇÃO";"Automação Hoists MG2 - Obs. Crítica e Mesa de Iluminação EST-3 SP";2026;"novembro";59197
"PLAT. DE CAPTAÇÃO E PRODUÇÃO";"Automação Hoists MG2 - Obs. Crítica e Mesa de Iluminação EST-3 SP";2026;"outubro";0
"PLAT. DE CAPTAÇÃO E PRODUÇÃO";"Automação Hoists MG2 - Obs. Crítica e Mesa de Iluminação EST-3 SP";2026;"setembro";24619,32
"PLAT. DE CAPTAÇÃO E PRODUÇÃO";"Automação Hoists MG2 - Obs. Crítica e Mesa de Iluminação EST-3 SP";2027;"fevereiro";0
"PLAT. DE CAPTAÇÃO E PRODUÇÃO";"Automação Hoists MG2 - Obs. Crítica e Mesa de Iluminação EST-3 SP";2027;"janeiro";0
"PLAT. DE CAPTAÇÃO E PRODUÇÃO";"Automação Hoists MG2 - Obs. Crítica e Mesa de Iluminação EST-3 SP";2027;"março";0
"PLAT. DE CAPTAÇÃO E PRODUÇÃO";"BBB 2026 Reposição Microfones";2026;"abril";0
"PLAT. DE CAPTAÇÃO E PRODUÇÃO";"BBB 2026 Reposição Microfones";2026;"agosto";0
"PLAT. DE CAPTAÇÃO E PRODUÇÃO";"BBB 2026 Reposição Microfones";2026;"dezembro";13693
"PLAT. DE CAPTAÇÃO E PRODUÇÃO";"BBB 2026 Reposição Microfones";2026;"fevereiro";0
"PLAT. DE CAPTAÇÃO E PRODUÇÃO";"BBB 2026 Reposição Microfones";2026;"janeiro";0
"PLAT. DE CAPTAÇÃO E PRODUÇÃO";"BBB 2026 Reposição Microfones";2026;"julho";53750,15
"PLAT. DE CAPTAÇÃO E PRODUÇÃO";"BBB 2026 Reposição Microfones";2026;"junho";0
"PLAT. DE CAPTAÇÃO E PRODUÇÃO";"BBB 2026 Reposição Microfones";2026;"maio";25218
"PLAT. DE CAPTAÇÃO E PRODUÇÃO";"BBB 2026 Reposição Microfones";2026;"março";0
"PLAT. DE CAPTAÇÃO E PRODUÇÃO";"BBB 2026 Reposição Microfones";2026;"novembro";38046
"PLAT. DE CAPTAÇÃO E PRODUÇÃO";"BBB 2026 Reposição Microfones";2026;"outubro";188463
"PLAT. DE CAPTAÇÃO E PRODUÇÃO";"BBB 2026 Reposição Microfones";2026;"setembro";-103000
"PLAT. DE CAPTAÇÃO E PRODUÇÃO";"BBB 2026 Reposição Microfones";2027;"fevereiro";0
"PLAT. DE CAPTAÇÃO E PRODUÇÃO";"BBB 2026 Reposição Microfones";2027;"janeiro";0
"PLAT. DE CAPTAÇÃO E PRODUÇÃO";"BBB 2026 Reposição Microfones";2027;"março";0
"PLAT. DE CAPTAÇÃO E PRODUÇÃO";"BBB Página em Branco Fase 1";2026;"abril";0
"PLAT. DE CAPTAÇÃO E PRODUÇÃO";"BBB Página em Branco Fase 1";2026;"agosto";0
"PLAT. DE CAPTAÇÃO E PRODUÇÃO";"BBB Página em Branco Fase 1";2026;"dezembro";0
"PLAT. DE CAPTAÇÃO E PRODUÇÃO";"BBB Página em Branco Fase 1";2026;"fevereiro";0
"PLAT. DE CAPTAÇÃO E PRODUÇÃO";"BBB Página em Branco Fase 1";2026;"janeiro";903,13
"PLAT. DE CAPTAÇÃO E PRODUÇÃO";"BBB Página em Branco Fase 1";2026;"julho";0
"PLAT. DE CAPTAÇÃO E PRODUÇÃO";"BBB Página em Branco Fase 1";2026;"junho";0
"PLAT. DE CAPTAÇÃO E PRODUÇÃO";"BBB Página em Branco Fase 1";2026;"maio";0
"PLAT. DE CAPTAÇÃO E PRODUÇÃO";"BBB Página em Branco Fase 1";2026;"março";0
"PLAT. DE CAPTAÇÃO E PRODUÇÃO";"BBB Página em Branco Fase 1";2026;"novembro";0
"PLAT. DE CAPTAÇÃO E PRODUÇÃO";"BBB Página em Branco Fase 1";2026;"outubro";0
"PLAT. DE CAPTAÇÃO E PRODUÇÃO";"BBB Página em Branco Fase 1";2026;"setembro";0
"PLAT. DE CAPTAÇÃO E PRODUÇÃO";"BBB Página em Branco Fase 1";2027;"fevereiro";0
"PLAT. DE CAPTAÇÃO E PRODUÇÃO";"BBB Página em Branco Fase 1";2027;"janeiro";0
"PLAT. DE CAPTAÇÃO E PRODUÇÃO";"BBB Página em Branco Fase 1";2027;"março";0
"PLAT. DE CAPTAÇÃO E PRODUÇÃO";"BC - Servidores Sistemas de Realities";2026;"abril";15316,4
"PLAT. DE CAPTAÇÃO E PRODUÇÃO";"BC - Servidores Sistemas de Realities";2026;"agosto";2176,15
"PLAT. DE CAPTAÇÃO E PRODUÇÃO";"BC - Servidores Sistemas de Realities";2026;"dezembro";0
"PLAT. DE CAPTAÇÃO E PRODUÇÃO";"BC - Servidores Sistemas de Realities";2026;"fevereiro";0
"PLAT. DE CAPTAÇÃO E PRODUÇÃO";"BC - Servidores Sistemas de Realities";2026;"janeiro";0
"PLAT. DE CAPTAÇÃO E PRODUÇÃO";"BC - Servidores Sistemas de Realities";2026;"julho";208896,83
"PLAT. DE CAPTAÇÃO E PRODUÇÃO";"BC - Servidores Sistemas de Realities";2026;"junho";404688,08
"PLAT. DE CAPTAÇÃO E PRODUÇÃO";"BC - Servidores Sistemas de Realities";2026;"maio";59409,45
"PLAT. DE CAPTAÇÃO E PRODUÇÃO";"BC - Servidores Sistemas de Realities";2026;"março";0
"PLAT. DE CAPTAÇÃO E PRODUÇÃO";"BC - Servidores Sistemas de Realities";2026;"novembro";101089
"PLAT. DE CAPTAÇÃO E PRODUÇÃO";"BC - Servidores Sistemas de Realities";2026;"outubro";0
"PLAT. DE CAPTAÇÃO E PRODUÇÃO";"BC - Servidores Sistemas de Realities";2026;"setembro";64423,85
"PLAT. DE CAPTAÇÃO E PRODUÇÃO";"BC - Servidores Sistemas de Realities";2027;"fevereiro";0
"PLAT. DE CAPTAÇÃO E PRODUÇÃO";"BC - Servidores Sistemas de Realities";2027;"janeiro";0
"PLAT. DE CAPTAÇÃO E PRODUÇÃO";"BC - Servidores Sistemas de Realities";2027;"março";0
"PLAT. DE CAPTAÇÃO E PRODUÇÃO";"BC DSLR para UPs 2026";2026;"abril";0
"PLAT. DE CAPTAÇÃO E PRODUÇÃO";"BC DSLR para UPs 2026";2026;"agosto";136035,01
"PLAT. DE CAPTAÇÃO E PRODUÇÃO";"BC DSLR para UPs 2026";2026;"dezembro";0
"PLAT. DE CAPTAÇÃO E PRODUÇÃO";"BC DSLR para UPs 2026";2026;"fevereiro";0
"PLAT. DE CAPTAÇÃO E PRODUÇÃO";"BC DSLR para UPs 2026";2026;"janeiro";0
"PLAT. DE CAPTAÇÃO E PRODUÇÃO";"BC DSLR para UPs 2026";2026;"julho";309919,07
"PLAT. DE CAPTAÇÃO E PRODUÇÃO";"BC DSLR para UPs 2026";2026;"junho";272442,7
"PLAT. DE CAPTAÇÃO E PRODUÇÃO";"BC DSLR para UPs 2026";2026;"maio";30160
"PLAT. DE CAPTAÇÃO E PRODUÇÃO";"BC DSLR para UPs 2026";2026;"março";0
"PLAT. DE CAPTAÇÃO E PRODUÇÃO";"BC DSLR para UPs 2026";2026;"novembro";32300
"PLAT. DE CAPTAÇÃO E PRODUÇÃO";"BC DSLR para UPs 2026";2026;"outubro";228848,99
"PLAT. DE CAPTAÇÃO E PRODUÇÃO";"BC DSLR para UPs 2026";2026;"setembro";5294,32
"PLAT. DE CAPTAÇÃO E PRODUÇÃO";"BC DSLR para UPs 2026";2027;"fevereiro";0
"PLAT. DE CAPTAÇÃO E PRODUÇÃO";"BC DSLR para UPs 2026";2027;"janeiro";0
"PLAT. DE CAPTAÇÃO E PRODUÇÃO";"BC DSLR para UPs 2026";2027;"março";0
"PLAT. DE CAPTAÇÃO E PRODUÇÃO";"BC Iluminação Branca Estúdio 1 SP";2026;"abril";0
"PLAT. DE CAPTAÇÃO E PRODUÇÃO";"BC Iluminação Branca Estúdio 1 SP";2026;"agosto";0
"PLAT. DE CAPTAÇÃO E PRODUÇÃO";"BC Iluminação Branca Estúdio 1 SP";2026;"dezembro";14547,22
"PLAT. DE CAPTAÇÃO E PRODUÇÃO";"BC Iluminação Branca Estúdio 1 SP";2026;"fevereiro";0
"PLAT. DE CAPTAÇÃO E PRODUÇÃO";"BC Iluminação Branca Estúdio 1 SP";2026;"janeiro";0
"PLAT. DE CAPTAÇÃO E PRODUÇÃO";"BC Iluminação Branca Estúdio 1 SP";2026;"julho";0
"PLAT. DE CAPTAÇÃO E PRODUÇÃO";"BC Iluminação Branca Estúdio 1 SP";2026;"junho";43664,78
"PLAT. DE CAPTAÇÃO E PRODUÇÃO";"BC Iluminação Branca Estúdio 1 SP";2026;"maio";0
"PLAT. DE CAPTAÇÃO E PRODUÇÃO";"BC Iluminação Branca Estúdio 1 SP";2026;"março";0
"PLAT. DE CAPTAÇÃO E PRODUÇÃO";"BC Iluminação Branca Estúdio 1 SP";2026;"novembro";0
"PLAT. DE CAPTAÇÃO E PRODUÇÃO";"BC Iluminação Branca Estúdio 1 SP";2026;"outubro";335188
"PLAT. DE CAPTAÇÃO E PRODUÇÃO";"BC Iluminação Branca Estúdio 1 SP";2026;"setembro";0
"PLAT. DE CAPTAÇÃO E PRODUÇÃO";"BC Iluminação Branca Estúdio 1 SP";2027;"fevereiro";0
"PLAT. DE CAPTAÇÃO E PRODUÇÃO";"BC Iluminação Branca Estúdio 1 SP";2027;"janeiro";0
"PLAT. DE CAPTAÇÃO E PRODUÇÃO";"BC Iluminação Branca Estúdio 1 SP";2027;"março";0
"PLAT. DE CAPTAÇÃO E PRODUÇÃO";"Caixas Acústicas de PA do MG-2 - Obs. crítica";2026;"abril";0
"PLAT. DE CAPTAÇÃO E PRODUÇÃO";"Caixas Acústicas de PA do MG-2 - Obs. crítica";2026;"agosto";0
"PLAT. DE CAPTAÇÃO E PRODUÇÃO";"Caixas Acústicas de PA do MG-2 - Obs. crítica";2026;"dezembro";10361
"PLAT. DE CAPTAÇÃO E PRODUÇÃO";"Caixas Acústicas de PA do MG-2 - Obs. crítica";2026;"fevereiro";96064,62
"PLAT. DE CAPTAÇÃO E PRODUÇÃO";"Caixas Acústicas de PA do MG-2 - Obs. crítica";2026;"janeiro";63512,7
"PLAT. DE CAPTAÇÃO E PRODUÇÃO";"Caixas Acústicas de PA do MG-2 - Obs. crítica";2026;"julho";0
"PLAT. DE CAPTAÇÃO E PRODUÇÃO";"Caixas Acústicas de PA do MG-2 - Obs. crítica";2026;"junho";0
"PLAT. DE CAPTAÇÃO E PRODUÇÃO";"Caixas Acústicas de PA do MG-2 - Obs. crítica";2026;"maio";0
"PLAT. DE CAPTAÇÃO E PRODUÇÃO";"Caixas Acústicas de PA do MG-2 - Obs. crítica";2026;"março";0
"PLAT. DE CAPTAÇÃO E PRODUÇÃO";"Caixas Acústicas de PA do MG-2 - Obs. crítica";2026;"novembro";0
"PLAT. DE CAPTAÇÃO E PRODUÇÃO";"Caixas Acústicas de PA do MG-2 - Obs. crítica";2026;"outubro";0
"PLAT. DE CAPTAÇÃO E PRODUÇÃO";"Caixas Acústicas de PA do MG-2 - Obs. crítica";2026;"setembro";12026
"PLAT. DE CAPTAÇÃO E PRODUÇÃO";"Caixas Acústicas de PA do MG-2 - Obs. crítica";2027;"fevereiro";0
"PLAT. DE CAPTAÇÃO E PRODUÇÃO";"Caixas Acústicas de PA do MG-2 - Obs. crítica";2027;"janeiro";0
"PLAT. DE CAPTAÇÃO E PRODUÇÃO";"Caixas Acústicas de PA do MG-2 - Obs. crítica";2027;"março";0
"PLAT. DE CAPTAÇÃO E PRODUÇÃO";"Caixas Acústicas de PA MG-2";2026;"abril";21490,06
"PLAT. DE CAPTAÇÃO E PRODUÇÃO";"Caixas Acústicas de PA MG-2";2026;"agosto";0
"PLAT. DE CAPTAÇÃO E PRODUÇÃO";"Caixas Acústicas de PA MG-2";2026;"dezembro";31739
"PLAT. DE CAPTAÇÃO E PRODUÇÃO";"Caixas Acústicas de PA MG-2";2026;"fevereiro";0
"PLAT. DE CAPTAÇÃO E PRODUÇÃO";"Caixas Acústicas de PA MG-2";2026;"janeiro";0
"PLAT. DE CAPTAÇÃO E PRODUÇÃO";"Caixas Acústicas de PA MG-2";2026;"julho";0
"PLAT. DE CAPTAÇÃO E PRODUÇÃO";"Caixas Acústicas de PA MG-2";2026;"junho";0
"PLAT. DE CAPTAÇÃO E PRODUÇÃO";"Caixas Acústicas de PA MG-2";2026;"maio";1386,6
"PLAT. DE CAPTAÇÃO E PRODUÇÃO";"Caixas Acústicas de PA MG-2";2026;"março";0
"PLAT. DE CAPTAÇÃO E PRODUÇÃO";"Caixas Acústicas de PA MG-2";2026;"novembro";0
"PLAT. DE CAPTAÇÃO E PRODUÇÃO";"Caixas Acústicas de PA MG-2";2026;"outubro";0
"PLAT. DE CAPTAÇÃO E PRODUÇÃO";"Caixas Acústicas de PA MG-2";2026;"setembro";1854,94
"PLAT. DE CAPTAÇÃO E PRODUÇÃO";"Caixas Acústicas de PA MG-2";2027;"fevereiro";0
"PLAT. DE CAPTAÇÃO E PRODUÇÃO";"Caixas Acústicas de PA MG-2";2027;"janeiro";0
"PLAT. DE CAPTAÇÃO E PRODUÇÃO";"Caixas Acústicas de PA MG-2";2027;"março";0
"PLAT. DE CAPTAÇÃO E PRODUÇÃO";"Câmeras de Externa - Obs. crítica G5";2026;"abril";54952,08
"PLAT. DE CAPTAÇÃO E PRODUÇÃO";"Câmeras de Externa - Obs. crítica G5";2026;"agosto";209090,41
"PLAT. DE CAPTAÇÃO E PRODUÇÃO";"Câmeras de Externa - Obs. crítica G5";2026;"dezembro";0
"PLAT. DE CAPTAÇÃO E PRODUÇÃO";"Câmeras de Externa - Obs. crítica G5";2026;"fevereiro";82943,82
"PLAT. DE CAPTAÇÃO E PRODUÇÃO";"Câmeras de Externa - Obs. crítica G5";2026;"janeiro";17580,6
"PLAT. DE CAPTAÇÃO E PRODUÇÃO";"Câmeras de Externa - Obs. crítica G5";2026;"julho";35215,81
"PLAT. DE CAPTAÇÃO E PRODUÇÃO";"Câmeras de Externa - Obs. crítica G5";2026;"junho";1811773,63
"PLAT. DE CAPTAÇÃO E PRODUÇÃO";"Câmeras de Externa - Obs. crítica G5";2026;"maio";14095,67
"PLAT. DE CAPTAÇÃO E PRODUÇÃO";"Câmeras de Externa - Obs. crítica G5";2026;"março";36926,41
"PLAT. DE CAPTAÇÃO E PRODUÇÃO";"Câmeras de Externa - Obs. crítica G5";2026;"novembro";0
"PLAT. DE CAPTAÇÃO E PRODUÇÃO";"Câmeras de Externa - Obs. crítica G5";2026;"outubro";300408
"PLAT. DE CAPTAÇÃO E PRODUÇÃO";"Câmeras de Externa - Obs. crítica G5";2026;"setembro";39290
"PLAT. DE CAPTAÇÃO E PRODUÇÃO";"Câmeras de Externa - Obs. crítica G5";2027;"fevereiro";0
"PLAT. DE CAPTAÇÃO E PRODUÇÃO";"Câmeras de Externa - Obs. crítica G5";2027;"janeiro";0
"PLAT. DE CAPTAÇÃO E PRODUÇÃO";"Câmeras de Externa - Obs. crítica G5";2027;"março";0
"PLAT. DE CAPTAÇÃO E PRODUÇÃO";"Câmeras Robô - Obs. crítica ION";2026;"abril";4713
"PLAT. DE CAPTAÇÃO E PRODUÇÃO";"Câmeras Robô - Obs. crítica ION";2026;"agosto";0
"PLAT. DE CAPTAÇÃO E PRODUÇÃO";"Câmeras Robô - Obs. crítica ION";2026;"dezembro";0
"PLAT. DE CAPTAÇÃO E PRODUÇÃO";"Câmeras Robô - Obs. crítica ION";2026;"fevereiro";0
"PLAT. DE CAPTAÇÃO E PRODUÇÃO";"Câmeras Robô - Obs. crítica ION";2026;"janeiro";4224,98
"PLAT. DE CAPTAÇÃO E PRODUÇÃO";"Câmeras Robô - Obs. crítica ION";2026;"julho";0
"PLAT. DE CAPTAÇÃO E PRODUÇÃO";"Câmeras Robô - Obs. crítica ION";2026;"junho";0
"PLAT. DE CAPTAÇÃO E PRODUÇÃO";"Câmeras Robô - Obs. crítica ION";2026;"maio";0
"PLAT. DE CAPTAÇÃO E PRODUÇÃO";"Câmeras Robô - Obs. crítica ION";2026;"março";0
"PLAT. DE CAPTAÇÃO E PRODUÇÃO";"Câmeras Robô - Obs. crítica ION";2026;"novembro";269614
"PLAT. DE CAPTAÇÃO E PRODUÇÃO";"Câmeras Robô - Obs. crítica ION";2026;"outubro";269614
"PLAT. DE CAPTAÇÃO E PRODUÇÃO";"Câmeras Robô - Obs. crítica ION";2026;"setembro";8481
"PLAT. DE CAPTAÇÃO E PRODUÇÃO";"Câmeras Robô - Obs. crítica ION";2027;"fevereiro";0
"PLAT. DE CAPTAÇÃO E PRODUÇÃO";"Câmeras Robô - Obs. crítica ION";2027;"janeiro";0
"PLAT. DE CAPTAÇÃO E PRODUÇÃO";"Câmeras Robô - Obs. crítica ION";2027;"março";0
"PLAT. DE CAPTAÇÃO E PRODUÇÃO";"Câmeras Robóticas G5";2026;"abril";473,85
"PLAT. DE CAPTAÇÃO E PRODUÇÃO";"Câmeras Robóticas G5";2026;"agosto";471,61
"PLAT. DE CAPTAÇÃO E PRODUÇÃO";"Câmeras Robóticas G5";2026;"dezembro";0
"PLAT. DE CAPTAÇÃO E PRODUÇÃO";"Câmeras Robóticas G5";2026;"fevereiro";70417,74
"PLAT. DE CAPTAÇÃO E PRODUÇÃO";"Câmeras Robóticas G5";2026;"janeiro";1981,91
"PLAT. DE CAPTAÇÃO E PRODUÇÃO";"Câmeras Robóticas G5";2026;"julho";8912,56
"PLAT. DE CAPTAÇÃO E PRODUÇÃO";"Câmeras Robóticas G5";2026;"junho";5632,44
"PLAT. DE CAPTAÇÃO E PRODUÇÃO";"Câmeras Robóticas G5";2026;"maio";1053,84
"PLAT. DE CAPTAÇÃO E PRODUÇÃO";"Câmeras Robóticas G5";2026;"março";792,68
"PLAT. DE CAPTAÇÃO E PRODUÇÃO";"Câmeras Robóticas G5";2026;"novembro";0
"PLAT. DE CAPTAÇÃO E PRODUÇÃO";"Câmeras Robóticas G5";2026;"outubro";0
"PLAT. DE CAPTAÇÃO E PRODUÇÃO";"Câmeras Robóticas G5";2026;"setembro";1124,39
"PLAT. DE CAPTAÇÃO E PRODUÇÃO";"Câmeras Robóticas G5";2027;"fevereiro";0
"PLAT. DE CAPTAÇÃO E PRODUÇÃO";"Câmeras Robóticas G5";2027;"janeiro";0
"PLAT. DE CAPTAÇÃO E PRODUÇÃO";"Câmeras Robóticas G5";2027;"março";0
"PLAT. DE CAPTAÇÃO E PRODUÇÃO";"CEE - Câmera Estúdio Externa EG";2026;"abril";26705,01
"PLAT. DE CAPTAÇÃO E PRODUÇÃO";"CEE - Câmera Estúdio Externa EG";2026;"agosto";74465,42
"PLAT. DE CAPTAÇÃO E PRODUÇÃO";"CEE - Câmera Estúdio Externa EG";2026;"dezembro";0
"PLAT. DE CAPTAÇÃO E PRODUÇÃO";"CEE - Câmera Estúdio Externa EG";2026;"fevereiro";0
"PLAT. DE CAPTAÇÃO E PRODUÇÃO";"CEE - Câmera Estúdio Externa EG";2026;"janeiro";0
"PLAT. DE CAPTAÇÃO E PRODUÇÃO";"CEE - Câmera Estúdio Externa EG";2026;"julho";340056,76
"PLAT. DE CAPTAÇÃO E PRODUÇÃO";"CEE - Câmera Estúdio Externa EG";2026;"junho";90415,31
"PLAT. DE CAPTAÇÃO E PRODUÇÃO";"CEE - Câmera Estúdio Externa EG";2026;"maio";2370,12
"PLAT. DE CAPTAÇÃO E PRODUÇÃO";"CEE - Câmera Estúdio Externa EG";2026;"março";0
"PLAT. DE CAPTAÇÃO E PRODUÇÃO";"CEE - Câmera Estúdio Externa EG";2026;"novembro";384679
"PLAT. DE CAPTAÇÃO E PRODUÇÃO";"CEE - Câmera Estúdio Externa EG";2026;"outubro";0
"PLAT. DE CAPTAÇÃO E PRODUÇÃO";"CEE - Câmera Estúdio Externa EG";2026;"setembro";33712,58
"PLAT. DE CAPTAÇÃO E PRODUÇÃO";"CEE - Câmera Estúdio Externa EG";2027;"fevereiro";0
"PLAT. DE CAPTAÇÃO E PRODUÇÃO";"CEE - Câmera Estúdio Externa EG";2027;"janeiro";0
"PLAT. DE CAPTAÇÃO E PRODUÇÃO";"CEE - Câmera Estúdio Externa EG";2027;"março";0
"PLAT. DE CAPTAÇÃO E PRODUÇÃO";"CI LED - Complemento";2026;"abril";0
"PLAT. DE CAPTAÇÃO E PRODUÇÃO";"CI LED - Complemento";2026;"agosto";0
"PLAT. DE CAPTAÇÃO E PRODUÇÃO";"CI LED - Complemento";2026;"dezembro";0
"PLAT. DE CAPTAÇÃO E PRODUÇÃO";"CI LED - Complemento";2026;"fevereiro";0
"PLAT. DE CAPTAÇÃO E PRODUÇÃO";"CI LED - Complemento";2026;"janeiro";0
"PLAT. DE CAPTAÇÃO E PRODUÇÃO";"CI LED - Complemento";2026;"julho";0
"PLAT. DE CAPTAÇÃO E PRODUÇÃO";"CI LED - Complemento";2026;"junho";43833,52
"PLAT. DE CAPTAÇÃO E PRODUÇÃO";"CI LED - Complemento";2026;"maio";0
"PLAT. DE CAPTAÇÃO E PRODUÇÃO";"CI LED - Complemento";2026;"março";0
"PLAT. DE CAPTAÇÃO E PRODUÇÃO";"CI LED - Complemento";2026;"novembro";343727
"PLAT. DE CAPTAÇÃO E PRODUÇÃO";"CI LED - Complemento";2026;"outubro";0
"PLAT. DE CAPTAÇÃO E PRODUÇÃO";"CI LED - Complemento";2026;"setembro";31618,48
"PLAT. DE CAPTAÇÃO E PRODUÇÃO";"CI LED - Complemento";2027;"fevereiro";0
"PLAT. DE CAPTAÇÃO E PRODUÇÃO";"CI LED - Complemento";2027;"janeiro";0
"PLAT. DE CAPTAÇÃO E PRODUÇÃO";"CI LED - Complemento";2027;"março";0
"PLAT. DE CAPTAÇÃO E PRODUÇÃO";"Comunicação Operacional - Obs. crítica BH, BSA e REC";2026;"abril";174856,14
"PLAT. DE CAPTAÇÃO E PRODUÇÃO";"Comunicação Operacional - Obs. crítica BH, BSA e REC";2026;"agosto";15803,03
"PLAT. DE CAPTAÇÃO E PRODUÇÃO";"Comunicação Operacional - Obs. crítica BH, BSA e REC";2026;"dezembro";241534
"PLAT. DE CAPTAÇÃO E PRODUÇÃO";"Comunicação Operacional - Obs. crítica BH, BSA e REC";2026;"fevereiro";0
"PLAT. DE CAPTAÇÃO E PRODUÇÃO";"Comunicação Operacional - Obs. crítica BH, BSA e REC";2026;"janeiro";2265,06
"PLAT. DE CAPTAÇÃO E PRODUÇÃO";"Comunicação Operacional - Obs. crítica BH, BSA e REC";2026;"julho";0
"PLAT. DE CAPTAÇÃO E PRODUÇÃO";"Comunicação Operacional - Obs. crítica BH, BSA e REC";2026;"junho";290226,49
"PLAT. DE CAPTAÇÃO E PRODUÇÃO";"Comunicação Operacional - Obs. crítica BH, BSA e REC";2026;"maio";205929,98
"PLAT. DE CAPTAÇÃO E PRODUÇÃO";"Comunicação Operacional - Obs. crítica BH, BSA e REC";2026;"março";0
"PLAT. DE CAPTAÇÃO E PRODUÇÃO";"Comunicação Operacional - Obs. crítica BH, BSA e REC";2026;"novembro";121178,97
"PLAT. DE CAPTAÇÃO E PRODUÇÃO";"Comunicação Operacional - Obs. crítica BH, BSA e REC";2026;"outubro";0
"PLAT. DE CAPTAÇÃO E PRODUÇÃO";"Comunicação Operacional - Obs. crítica BH, BSA e REC";2026;"setembro";43269,09
"PLAT. DE CAPTAÇÃO E PRODUÇÃO";"Comunicação Operacional - Obs. crítica BH, BSA e REC";2027;"fevereiro";0
"PLAT. DE CAPTAÇÃO E PRODUÇÃO";"Comunicação Operacional - Obs. crítica BH, BSA e REC";2027;"janeiro";0
"PLAT. DE CAPTAÇÃO E PRODUÇÃO";"Comunicação Operacional - Obs. crítica BH, BSA e REC";2027;"março";0
"PLAT. DE CAPTAÇÃO E PRODUÇÃO";"Consolidação Controles 2 E 5 Jb";2026;"abril";0
"PLAT. DE CAPTAÇÃO E PRODUÇÃO";"Consolidação Controles 2 E 5 Jb";2026;"agosto";0
"PLAT. DE CAPTAÇÃO E PRODUÇÃO";"Consolidação Controles 2 E 5 Jb";2026;"dezembro";0
"PLAT. DE CAPTAÇÃO E PRODUÇÃO";"Consolidação Controles 2 E 5 Jb";2026;"fevereiro";0
"PLAT. DE CAPTAÇÃO E PRODUÇÃO";"Consolidação Controles 2 E 5 Jb";2026;"janeiro";0
"PLAT. DE CAPTAÇÃO E PRODUÇÃO";"Consolidação Controles 2 E 5 Jb";2026;"julho";0
"PLAT. DE CAPTAÇÃO E PRODUÇÃO";"Consolidação Controles 2 E 5 Jb";2026;"junho";0
"PLAT. DE CAPTAÇÃO E PRODUÇÃO";"Consolidação Controles 2 E 5 Jb";2026;"maio";0
"PLAT. DE CAPTAÇÃO E PRODUÇÃO";"Consolidação Controles 2 E 5 Jb";2026;"março";0
"PLAT. DE CAPTAÇÃO E PRODUÇÃO";"Consolidação Controles 2 E 5 Jb";2026;"novembro";0
"PLAT. DE CAPTAÇÃO E PRODUÇÃO";"Consolidação Controles 2 E 5 Jb";2026;"outubro";0
"PLAT. DE CAPTAÇÃO E PRODUÇÃO";"Consolidação Controles 2 E 5 Jb";2026;"setembro";0
"PLAT. DE CAPTAÇÃO E PRODUÇÃO";"Consolidação Controles 2 E 5 Jb";2027;"fevereiro";0
"PLAT. DE CAPTAÇÃO E PRODUÇÃO";"Consolidação Controles 2 E 5 Jb";2027;"janeiro";0
"PLAT. DE CAPTAÇÃO E PRODUÇÃO";"Consolidação Controles 2 E 5 Jb";2027;"março";0
"PLAT. DE CAPTAÇÃO E PRODUÇÃO";"Controles JB Obsolescência – Mixer Controle 3 JB";2026;"abril";624573,92
"PLAT. DE CAPTAÇÃO E PRODUÇÃO";"Controles JB Obsolescência – Mixer Controle 3 JB";2026;"agosto";12736,43
"PLAT. DE CAPTAÇÃO E PRODUÇÃO";"Controles JB Obsolescência – Mixer Controle 3 JB";2026;"dezembro";252461
"PLAT. DE CAPTAÇÃO E PRODUÇÃO";"Controles JB Obsolescência – Mixer Controle 3 JB";2026;"fevereiro";247592,73
"PLAT. DE CAPTAÇÃO E PRODUÇÃO";"Controles JB Obsolescência – Mixer Controle 3 JB";2026;"janeiro";1880757,43
"PLAT. DE CAPTAÇÃO E PRODUÇÃO";"Controles JB Obsolescência – Mixer Controle 3 JB";2026;"julho";116052,5
"PLAT. DE CAPTAÇÃO E PRODUÇÃO";"Controles JB Obsolescência – Mixer Controle 3 JB";2026;"junho";221545,08
"PLAT. DE CAPTAÇÃO E PRODUÇÃO";"Controles JB Obsolescência – Mixer Controle 3 JB";2026;"maio";144718,08
"PLAT. DE CAPTAÇÃO E PRODUÇÃO";"Controles JB Obsolescência – Mixer Controle 3 JB";2026;"março";390944,94
"PLAT. DE CAPTAÇÃO E PRODUÇÃO";"Controles JB Obsolescência – Mixer Controle 3 JB";2026;"novembro";369321,57
"PLAT. DE CAPTAÇÃO E PRODUÇÃO";"Controles JB Obsolescência – Mixer Controle 3 JB";2026;"outubro";0
"PLAT. DE CAPTAÇÃO E PRODUÇÃO";"Controles JB Obsolescência – Mixer Controle 3 JB";2026;"setembro";0
"PLAT. DE CAPTAÇÃO E PRODUÇÃO";"Controles JB Obsolescência – Mixer Controle 3 JB";2027;"fevereiro";0
"PLAT. DE CAPTAÇÃO E PRODUÇÃO";"Controles JB Obsolescência – Mixer Controle 3 JB";2027;"janeiro";0
"PLAT. DE CAPTAÇÃO E PRODUÇÃO";"Controles JB Obsolescência – Mixer Controle 3 JB";2027;"março";0
"PLAT. DE CAPTAÇÃO E PRODUÇÃO";"Controles JB Obsolescência 2023";2026;"abril";0
"PLAT. DE CAPTAÇÃO E PRODUÇÃO";"Controles JB Obsolescência 2023";2026;"agosto";0
"PLAT. DE CAPTAÇÃO E PRODUÇÃO";"Controles JB Obsolescência 2023";2026;"dezembro";0
"PLAT. DE CAPTAÇÃO E PRODUÇÃO";"Controles JB Obsolescência 2023";2026;"fevereiro";0
"PLAT. DE CAPTAÇÃO E PRODUÇÃO";"Controles JB Obsolescência 2023";2026;"janeiro";0
"PLAT. DE CAPTAÇÃO E PRODUÇÃO";"Controles JB Obsolescência 2023";2026;"julho";0
"PLAT. DE CAPTAÇÃO E PRODUÇÃO";"Controles JB Obsolescência 2023";2026;"junho";0
"PLAT. DE CAPTAÇÃO E PRODUÇÃO";"Controles JB Obsolescência 2023";2026;"maio";0
"PLAT. DE CAPTAÇÃO E PRODUÇÃO";"Controles JB Obsolescência 2023";2026;"março";0
"PLAT. DE CAPTAÇÃO E PRODUÇÃO";"Controles JB Obsolescência 2023";2026;"novembro";0
"PLAT. DE CAPTAÇÃO E PRODUÇÃO";"Controles JB Obsolescência 2023";2026;"outubro";0
"PLAT. DE CAPTAÇÃO E PRODUÇÃO";"Controles JB Obsolescência 2023";2026;"setembro";0
"PLAT. DE CAPTAÇÃO E PRODUÇÃO";"Controles JB Obsolescência 2023";2027;"fevereiro";0
"PLAT. DE CAPTAÇÃO E PRODUÇÃO";"Controles JB Obsolescência 2023";2027;"janeiro";0
"PLAT. DE CAPTAÇÃO E PRODUÇÃO";"Controles JB Obsolescência 2023";2027;"março";0
"PLAT. DE CAPTAÇÃO E PRODUÇÃO";"Conversor de norma: Obs. crítica COT SP";2026;"abril";52245,14
"PLAT. DE CAPTAÇÃO E PRODUÇÃO";"Conversor de norma: Obs. crítica COT SP";2026;"agosto";0
"PLAT. DE CAPTAÇÃO E PRODUÇÃO";"Conversor de norma: Obs. crítica COT SP";2026;"dezembro";88703
"PLAT. DE CAPTAÇÃO E PRODUÇÃO";"Conversor de norma: Obs. crítica COT SP";2026;"fevereiro";0
"PLAT. DE CAPTAÇÃO E PRODUÇÃO";"Conversor de norma: Obs. crítica COT SP";2026;"janeiro";0
"PLAT. DE CAPTAÇÃO E PRODUÇÃO";"Conversor de norma: Obs. crítica COT SP";2026;"julho";51936,88
"PLAT. DE CAPTAÇÃO E PRODUÇÃO";"Conversor de norma: Obs. crítica COT SP";2026;"junho";75287,79
"PLAT. DE CAPTAÇÃO E PRODUÇÃO";"Conversor de norma: Obs. crítica COT SP";2026;"maio";9785,26
"PLAT. DE CAPTAÇÃO E PRODUÇÃO";"Conversor de norma: Obs. crítica COT SP";2026;"março";0
"PLAT. DE CAPTAÇÃO E PRODUÇÃO";"Conversor de norma: Obs. crítica COT SP";2026;"novembro";0
"PLAT. DE CAPTAÇÃO E PRODUÇÃO";"Conversor de norma: Obs. crítica COT SP";2026;"outubro";0
"PLAT. DE CAPTAÇÃO E PRODUÇÃO";"Conversor de norma: Obs. crítica COT SP";2026;"setembro";289537,51
"PLAT. DE CAPTAÇÃO E PRODUÇÃO";"Conversor de norma: Obs. crítica COT SP";2027;"fevereiro";0
"PLAT. DE CAPTAÇÃO E PRODUÇÃO";"Conversor de norma: Obs. crítica COT SP";2027;"janeiro";0
"PLAT. DE CAPTAÇÃO E PRODUÇÃO";"Conversor de norma: Obs. crítica COT SP";2027;"março";0
"PLAT. DE CAPTAÇÃO E PRODUÇÃO";"Core IP BH";2026;"abril";295694,44
"PLAT. DE CAPTAÇÃO E PRODUÇÃO";"Core IP BH";2026;"agosto";798475,24
"PLAT. DE CAPTAÇÃO E PRODUÇÃO";"Core IP BH";2026;"dezembro";2713191,27
"PLAT. DE CAPTAÇÃO E PRODUÇÃO";"Core IP BH";2026;"fevereiro";0
"PLAT. DE CAPTAÇÃO E PRODUÇÃO";"Core IP BH";2026;"janeiro";0
"PLAT. DE CAPTAÇÃO E PRODUÇÃO";"Core IP BH";2026;"julho";309181,5
"PLAT. DE CAPTAÇÃO E PRODUÇÃO";"Core IP BH";2026;"junho";1476877,07
"PLAT. DE CAPTAÇÃO E PRODUÇÃO";"Core IP BH";2026;"maio";287291,92
"PLAT. DE CAPTAÇÃO E PRODUÇÃO";"Core IP BH";2026;"março";49894,98
"PLAT. DE CAPTAÇÃO E PRODUÇÃO";"Core IP BH";2026;"novembro";1942220,78
"PLAT. DE CAPTAÇÃO E PRODUÇÃO";"Core IP BH";2026;"outubro";172621,71999999997
"PLAT. DE CAPTAÇÃO E PRODUÇÃO";"Core IP BH";2026;"setembro";589151,54
"PLAT. DE CAPTAÇÃO E PRODUÇÃO";"Core IP BH";2027;"fevereiro";1271427,68
"PLAT. DE CAPTAÇÃO E PRODUÇÃO";"Core IP BH";2027;"janeiro";834519,09
"PLAT. DE CAPTAÇÃO E PRODUÇÃO";"Core IP BH";2027;"março";906053,23
"PLAT. DE CAPTAÇÃO E PRODUÇÃO";"Core IP JB - Fase 1 (50% Parque JB)";2026;"abril";13165,96
"PLAT. DE CAPTAÇÃO E PRODUÇÃO";"Core IP JB - Fase 1 (50% Parque JB)";2026;"agosto";39854,94
"PLAT. DE CAPTAÇÃO E PRODUÇÃO";"Core IP JB - Fase 1 (50% Parque JB)";2026;"dezembro";0
"PLAT. DE CAPTAÇÃO E PRODUÇÃO";"Core IP JB - Fase 1 (50% Parque JB)";2026;"fevereiro";860531,45
"PLAT. DE CAPTAÇÃO E PRODUÇÃO";"Core IP JB - Fase 1 (50% Parque JB)";2026;"janeiro";949043,08000000007
"PLAT. DE CAPTAÇÃO E PRODUÇÃO";"Core IP JB - Fase 1 (50% Parque JB)";2026;"julho";107582,27
"PLAT. DE CAPTAÇÃO E PRODUÇÃO";"Core IP JB - Fase 1 (50% Parque JB)";2026;"junho";359224,38
"PLAT. DE CAPTAÇÃO E PRODUÇÃO";"Core IP JB - Fase 1 (50% Parque JB)";2026;"maio";313650,28
"PLAT. DE CAPTAÇÃO E PRODUÇÃO";"Core IP JB - Fase 1 (50% Parque JB)";2026;"março";103393,8
"PLAT. DE CAPTAÇÃO E PRODUÇÃO";"Core IP JB - Fase 1 (50% Parque JB)";2026;"novembro";0
"PLAT. DE CAPTAÇÃO E PRODUÇÃO";"Core IP JB - Fase 1 (50% Parque JB)";2026;"outubro";0
"PLAT. DE CAPTAÇÃO E PRODUÇÃO";"Core IP JB - Fase 1 (50% Parque JB)";2026;"setembro";30402,06
"PLAT. DE CAPTAÇÃO E PRODUÇÃO";"Core IP JB - Fase 1 (50% Parque JB)";2027;"fevereiro";0
"PLAT. DE CAPTAÇÃO E PRODUÇÃO";"Core IP JB - Fase 1 (50% Parque JB)";2027;"janeiro";0
"PLAT. DE CAPTAÇÃO E PRODUÇÃO";"Core IP JB - Fase 1 (50% Parque JB)";2027;"março";0
"PLAT. DE CAPTAÇÃO E PRODUÇÃO";"Core IP JB - Fase 2 de 3";2026;"abril";20113,74
"PLAT. DE CAPTAÇÃO E PRODUÇÃO";"Core IP JB - Fase 2 de 3";2026;"agosto";519377,6
"PLAT. DE CAPTAÇÃO E PRODUÇÃO";"Core IP JB - Fase 2 de 3";2026;"dezembro";1513893,35
"PLAT. DE CAPTAÇÃO E PRODUÇÃO";"Core IP JB - Fase 2 de 3";2026;"fevereiro";0
"PLAT. DE CAPTAÇÃO E PRODUÇÃO";"Core IP JB - Fase 2 de 3";2026;"janeiro";0
"PLAT. DE CAPTAÇÃO E PRODUÇÃO";"Core IP JB - Fase 2 de 3";2026;"julho";697206,69
"PLAT. DE CAPTAÇÃO E PRODUÇÃO";"Core IP JB - Fase 2 de 3";2026;"junho";521999,8
"PLAT. DE CAPTAÇÃO E PRODUÇÃO";"Core IP JB - Fase 2 de 3";2026;"maio";174191,53
"PLAT. DE CAPTAÇÃO E PRODUÇÃO";"Core IP JB - Fase 2 de 3";2026;"março";74446,74
"PLAT. DE CAPTAÇÃO E PRODUÇÃO";"Core IP JB - Fase 2 de 3";2026;"novembro";234816,38999999998
"PLAT. DE CAPTAÇÃO E PRODUÇÃO";"Core IP JB - Fase 2 de 3";2026;"outubro";217529,45
"PLAT. DE CAPTAÇÃO E PRODUÇÃO";"Core IP JB - Fase 2 de 3";2026;"setembro";1660924,57
"PLAT. DE CAPTAÇÃO E PRODUÇÃO";"Core IP JB - Fase 2 de 3";2027;"fevereiro";220324,03
"PLAT. DE CAPTAÇÃO E PRODUÇÃO";"Core IP JB - Fase 2 de 3";2027;"janeiro";181745,74
"PLAT. DE CAPTAÇÃO E PRODUÇÃO";"Core IP JB - Fase 2 de 3";2027;"março";9089830,23
"PLAT. DE CAPTAÇÃO E PRODUÇÃO";"Escritório Londres";2026;"abril";0
"PLAT. DE CAPTAÇÃO E PRODUÇÃO";"Escritório Londres";2026;"agosto";15803,03
"PLAT. DE CAPTAÇÃO E PRODUÇÃO";"Escritório Londres";2026;"dezembro";0
"PLAT. DE CAPTAÇÃO E PRODUÇÃO";"Escritório Londres";2026;"fevereiro";0
"PLAT. DE CAPTAÇÃO E PRODUÇÃO";"Escritório Londres";2026;"janeiro";0
"PLAT. DE CAPTAÇÃO E PRODUÇÃO";"Escritório Londres";2026;"julho";0
"PLAT. DE CAPTAÇÃO E PRODUÇÃO";"Escritório Londres";2026;"junho";0
"PLAT. DE CAPTAÇÃO E PRODUÇÃO";"Escritório Londres";2026;"maio";0
"PLAT. DE CAPTAÇÃO E PRODUÇÃO";"Escritório Londres";2026;"março";0
"PLAT. DE CAPTAÇÃO E PRODUÇÃO";"Escritório Londres";2026;"novembro";0
"PLAT. DE CAPTAÇÃO E PRODUÇÃO";"Escritório Londres";2026;"outubro";423104
"PLAT. DE CAPTAÇÃO E PRODUÇÃO";"Escritório Londres";2026;"setembro";831092,97
"PLAT. DE CAPTAÇÃO E PRODUÇÃO";"Escritório Londres";2027;"fevereiro";0
"PLAT. DE CAPTAÇÃO E PRODUÇÃO";"Escritório Londres";2027;"janeiro";0
"PLAT. DE CAPTAÇÃO E PRODUÇÃO";"Escritório Londres";2027;"março";0
"PLAT. DE CAPTAÇÃO E PRODUÇÃO";"ESPORTE+ Evolução da Cable Cam";2026;"abril";0
"PLAT. DE CAPTAÇÃO E PRODUÇÃO";"ESPORTE+ Evolução da Cable Cam";2026;"agosto";0
"PLAT. DE CAPTAÇÃO E PRODUÇÃO";"ESPORTE+ Evolução da Cable Cam";2026;"dezembro";0
"PLAT. DE CAPTAÇÃO E PRODUÇÃO";"ESPORTE+ Evolução da Cable Cam";2026;"fevereiro";0
"PLAT. DE CAPTAÇÃO E PRODUÇÃO";"ESPORTE+ Evolução da Cable Cam";2026;"janeiro";0
"PLAT. DE CAPTAÇÃO E PRODUÇÃO";"ESPORTE+ Evolução da Cable Cam";2026;"julho";0
"PLAT. DE CAPTAÇÃO E PRODUÇÃO";"ESPORTE+ Evolução da Cable Cam";2026;"junho";0
"PLAT. DE CAPTAÇÃO E PRODUÇÃO";"ESPORTE+ Evolução da Cable Cam";2026;"maio";0
"PLAT. DE CAPTAÇÃO E PRODUÇÃO";"ESPORTE+ Evolução da Cable Cam";2026;"março";0
"PLAT. DE CAPTAÇÃO E PRODUÇÃO";"ESPORTE+ Evolução da Cable Cam";2026;"novembro";0
"PLAT. DE CAPTAÇÃO E PRODUÇÃO";"ESPORTE+ Evolução da Cable Cam";2026;"outubro";0
"PLAT. DE CAPTAÇÃO E PRODUÇÃO";"ESPORTE+ Evolução da Cable Cam";2026;"setembro";213
"PLAT. DE CAPTAÇÃO E PRODUÇÃO";"ESPORTE+ Evolução da Cable Cam";2027;"fevereiro";0
"PLAT. DE CAPTAÇÃO E PRODUÇÃO";"ESPORTE+ Evolução da Cable Cam";2027;"janeiro";0
"PLAT. DE CAPTAÇÃO E PRODUÇÃO";"ESPORTE+ Evolução da Cable Cam";2027;"março";0
"PLAT. DE CAPTAÇÃO E PRODUÇÃO";"ESPORTE+ Solução de auto Mix AI";2026;"abril";0
"PLAT. DE CAPTAÇÃO E PRODUÇÃO";"ESPORTE+ Solução de auto Mix AI";2026;"agosto";0
"PLAT. DE CAPTAÇÃO E PRODUÇÃO";"ESPORTE+ Solução de auto Mix AI";2026;"dezembro";6461
"PLAT. DE CAPTAÇÃO E PRODUÇÃO";"ESPORTE+ Solução de auto Mix AI";2026;"fevereiro";0
"PLAT. DE CAPTAÇÃO E PRODUÇÃO";"ESPORTE+ Solução de auto Mix AI";2026;"janeiro";54231,12
"PLAT. DE CAPTAÇÃO E PRODUÇÃO";"ESPORTE+ Solução de auto Mix AI";2026;"julho";0
"PLAT. DE CAPTAÇÃO E PRODUÇÃO";"ESPORTE+ Solução de auto Mix AI";2026;"junho";0
"PLAT. DE CAPTAÇÃO E PRODUÇÃO";"ESPORTE+ Solução de auto Mix AI";2026;"maio";0
"PLAT. DE CAPTAÇÃO E PRODUÇÃO";"ESPORTE+ Solução de auto Mix AI";2026;"março";0
"PLAT. DE CAPTAÇÃO E PRODUÇÃO";"ESPORTE+ Solução de auto Mix AI";2026;"novembro";0
"PLAT. DE CAPTAÇÃO E PRODUÇÃO";"ESPORTE+ Solução de auto Mix AI";2026;"outubro";0
"PLAT. DE CAPTAÇÃO E PRODUÇÃO";"ESPORTE+ Solução de auto Mix AI";2026;"setembro";0
"PLAT. DE CAPTAÇÃO E PRODUÇÃO";"ESPORTE+ Solução de auto Mix AI";2027;"fevereiro";0
"PLAT. DE CAPTAÇÃO E PRODUÇÃO";"ESPORTE+ Solução de auto Mix AI";2027;"janeiro";0
"PLAT. DE CAPTAÇÃO E PRODUÇÃO";"ESPORTE+ Solução de auto Mix AI";2027;"março";0
"PLAT. DE CAPTAÇÃO E PRODUÇÃO";"Estúdios EG Obsolescência";2026;"abril";0
"PLAT. DE CAPTAÇÃO E PRODUÇÃO";"Estúdios EG Obsolescência";2026;"agosto";0
"PLAT. DE CAPTAÇÃO E PRODUÇÃO";"Estúdios EG Obsolescência";2026;"dezembro";0
"PLAT. DE CAPTAÇÃO E PRODUÇÃO";"Estúdios EG Obsolescência";2026;"fevereiro";0
"PLAT. DE CAPTAÇÃO E PRODUÇÃO";"Estúdios EG Obsolescência";2026;"janeiro";1601,4
"PLAT. DE CAPTAÇÃO E PRODUÇÃO";"Estúdios EG Obsolescência";2026;"julho";0
"PLAT. DE CAPTAÇÃO E PRODUÇÃO";"Estúdios EG Obsolescência";2026;"junho";0
"PLAT. DE CAPTAÇÃO E PRODUÇÃO";"Estúdios EG Obsolescência";2026;"maio";0
"PLAT. DE CAPTAÇÃO E PRODUÇÃO";"Estúdios EG Obsolescência";2026;"março";0
"PLAT. DE CAPTAÇÃO E PRODUÇÃO";"Estúdios EG Obsolescência";2026;"novembro";0
"PLAT. DE CAPTAÇÃO E PRODUÇÃO";"Estúdios EG Obsolescência";2026;"outubro";0
"PLAT. DE CAPTAÇÃO E PRODUÇÃO";"Estúdios EG Obsolescência";2026;"setembro";0
"PLAT. DE CAPTAÇÃO E PRODUÇÃO";"Estúdios EG Obsolescência";2027;"fevereiro";0
"PLAT. DE CAPTAÇÃO E PRODUÇÃO";"Estúdios EG Obsolescência";2027;"janeiro";0
"PLAT. DE CAPTAÇÃO E PRODUÇÃO";"Estúdios EG Obsolescência";2027;"março";0
"PLAT. DE CAPTAÇÃO E PRODUÇÃO";"Fundação Roberto Marinho: Projeto GET Audiovisual";2026;"abril";0
"PLAT. DE CAPTAÇÃO E PRODUÇÃO";"Fundação Roberto Marinho: Projeto GET Audiovisual";2026;"agosto";0
"PLAT. DE CAPTAÇÃO E PRODUÇÃO";"Fundação Roberto Marinho: Projeto GET Audiovisual";2026;"fevereiro";0
"PLAT. DE CAPTAÇÃO E PRODUÇÃO";"Fundação Roberto Marinho: Projeto GET Audiovisual";2026;"janeiro";0
"PLAT. DE CAPTAÇÃO E PRODUÇÃO";"Fundação Roberto Marinho: Projeto GET Audiovisual";2026;"julho";0
"PLAT. DE CAPTAÇÃO E PRODUÇÃO";"Fundação Roberto Marinho: Projeto GET Audiovisual";2026;"junho";0
"PLAT. DE CAPTAÇÃO E PRODUÇÃO";"Fundação Roberto Marinho: Projeto GET Audiovisual";2026;"maio";0
"PLAT. DE CAPTAÇÃO E PRODUÇÃO";"Fundação Roberto Marinho: Projeto GET Audiovisual";2026;"março";0
"PLAT. DE CAPTAÇÃO E PRODUÇÃO";"Fundação Roberto Marinho: Projeto GET Audiovisual";2026;"novembro";0
"PLAT. DE CAPTAÇÃO E PRODUÇÃO";"Fundação Roberto Marinho: Projeto GET Audiovisual";2026;"outubro";0
"PLAT. DE CAPTAÇÃO E PRODUÇÃO";"Fundação Roberto Marinho: Projeto GET Audiovisual";2026;"setembro";0
"PLAT. DE CAPTAÇÃO E PRODUÇÃO";"Fundação Roberto Marinho: Projeto GET Audiovisual";2027;"fevereiro";0
"PLAT. DE CAPTAÇÃO E PRODUÇÃO";"Fundação Roberto Marinho: Projeto GET Audiovisual";2027;"janeiro";0
"PLAT. DE CAPTAÇÃO E PRODUÇÃO";"Fundação Roberto Marinho: Projeto GET Audiovisual";2027;"março";0
"PLAT. DE CAPTAÇÃO E PRODUÇÃO";"Georreferenciamento para o site ÍON";2026;"abril";0
"PLAT. DE CAPTAÇÃO E PRODUÇÃO";"Georreferenciamento para o site ÍON";2026;"agosto";0
"PLAT. DE CAPTAÇÃO E PRODUÇÃO";"Georreferenciamento para o site ÍON";2026;"dezembro";0
"PLAT. DE CAPTAÇÃO E PRODUÇÃO";"Georreferenciamento para o site ÍON";2026;"fevereiro";0
"PLAT. DE CAPTAÇÃO E PRODUÇÃO";"Georreferenciamento para o site ÍON";2026;"janeiro";0
"PLAT. DE CAPTAÇÃO E PRODUÇÃO";"Georreferenciamento para o site ÍON";2026;"julho";0
"PLAT. DE CAPTAÇÃO E PRODUÇÃO";"Georreferenciamento para o site ÍON";2026;"junho";0
"PLAT. DE CAPTAÇÃO E PRODUÇÃO";"Georreferenciamento para o site ÍON";2026;"maio";0
"PLAT. DE CAPTAÇÃO E PRODUÇÃO";"Georreferenciamento para o site ÍON";2026;"março";0
"PLAT. DE CAPTAÇÃO E PRODUÇÃO";"Georreferenciamento para o site ÍON";2026;"novembro";0
"PLAT. DE CAPTAÇÃO E PRODUÇÃO";"Georreferenciamento para o site ÍON";2026;"outubro";0
"PLAT. DE CAPTAÇÃO E PRODUÇÃO";"Georreferenciamento para o site ÍON";2026;"setembro";0
"PLAT. DE CAPTAÇÃO E PRODUÇÃO";"Georreferenciamento para o site ÍON";2027;"fevereiro";0
"PLAT. DE CAPTAÇÃO E PRODUÇÃO";"Georreferenciamento para o site ÍON";2027;"janeiro";0
"PLAT. DE CAPTAÇÃO E PRODUÇÃO";"Georreferenciamento para o site ÍON";2027;"março";0
"PLAT. DE CAPTAÇÃO E PRODUÇÃO";"Georreferenciamento SP";2026;"abril";0
"PLAT. DE CAPTAÇÃO E PRODUÇÃO";"Georreferenciamento SP";2026;"agosto";0
"PLAT. DE CAPTAÇÃO E PRODUÇÃO";"Georreferenciamento SP";2026;"dezembro";2553
"PLAT. DE CAPTAÇÃO E PRODUÇÃO";"Georreferenciamento SP";2026;"fevereiro";0
"PLAT. DE CAPTAÇÃO E PRODUÇÃO";"Georreferenciamento SP";2026;"janeiro";0
"PLAT. DE CAPTAÇÃO E PRODUÇÃO";"Georreferenciamento SP";2026;"julho";0
"PLAT. DE CAPTAÇÃO E PRODUÇÃO";"Georreferenciamento SP";2026;"junho";0
"PLAT. DE CAPTAÇÃO E PRODUÇÃO";"Georreferenciamento SP";2026;"maio";0
"PLAT. DE CAPTAÇÃO E PRODUÇÃO";"Georreferenciamento SP";2026;"março";0
"PLAT. DE CAPTAÇÃO E PRODUÇÃO";"Georreferenciamento SP";2026;"novembro";0
"PLAT. DE CAPTAÇÃO E PRODUÇÃO";"Georreferenciamento SP";2026;"outubro";0
"PLAT. DE CAPTAÇÃO E PRODUÇÃO";"Georreferenciamento SP";2026;"setembro";0
"PLAT. DE CAPTAÇÃO E PRODUÇÃO";"Georreferenciamento SP";2027;"fevereiro";0
"PLAT. DE CAPTAÇÃO E PRODUÇÃO";"Georreferenciamento SP";2027;"janeiro";0
"PLAT. DE CAPTAÇÃO E PRODUÇÃO";"Georreferenciamento SP";2027;"março";0
"PLAT. DE CAPTAÇÃO E PRODUÇÃO";"Gnews no estúdio A";2026;"abril";28724,19
"PLAT. DE CAPTAÇÃO E PRODUÇÃO";"Gnews no estúdio A";2026;"agosto";101246,22
"PLAT. DE CAPTAÇÃO E PRODUÇÃO";"Gnews no estúdio A";2026;"dezembro";0
"PLAT. DE CAPTAÇÃO E PRODUÇÃO";"Gnews no estúdio A";2026;"fevereiro";20276,48
"PLAT. DE CAPTAÇÃO E PRODUÇÃO";"Gnews no estúdio A";2026;"janeiro";514606,7
"PLAT. DE CAPTAÇÃO E PRODUÇÃO";"Gnews no estúdio A";2026;"julho";562998,95
"PLAT. DE CAPTAÇÃO E PRODUÇÃO";"Gnews no estúdio A";2026;"junho";1114990,13
"PLAT. DE CAPTAÇÃO E PRODUÇÃO";"Gnews no estúdio A";2026;"maio";722146,48
"PLAT. DE CAPTAÇÃO E PRODUÇÃO";"Gnews no estúdio A";2026;"março";14043,59
"PLAT. DE CAPTAÇÃO E PRODUÇÃO";"Gnews no estúdio A";2026;"novembro";0
"PLAT. DE CAPTAÇÃO E PRODUÇÃO";"Gnews no estúdio A";2026;"outubro";0
"PLAT. DE CAPTAÇÃO E PRODUÇÃO";"Gnews no estúdio A";2026;"setembro";39728,78
"PLAT. DE CAPTAÇÃO E PRODUÇÃO";"Gnews no estúdio A";2027;"fevereiro";0
"PLAT. DE CAPTAÇÃO E PRODUÇÃO";"Gnews no estúdio A";2027;"janeiro";0
"PLAT. DE CAPTAÇÃO E PRODUÇÃO";"Gnews no estúdio A";2027;"março";0
"PLAT. DE CAPTAÇÃO E PRODUÇÃO";"Iluminação SP - Estúdio/Controle 3";2026;"abril";0
"PLAT. DE CAPTAÇÃO E PRODUÇÃO";"Iluminação SP - Estúdio/Controle 3";2026;"agosto";0
"PLAT. DE CAPTAÇÃO E PRODUÇÃO";"Iluminação SP - Estúdio/Controle 3";2026;"dezembro";0
"PLAT. DE CAPTAÇÃO E PRODUÇÃO";"Iluminação SP - Estúdio/Controle 3";2026;"fevereiro";0
"PLAT. DE CAPTAÇÃO E PRODUÇÃO";"Iluminação SP - Estúdio/Controle 3";2026;"janeiro";0
"PLAT. DE CAPTAÇÃO E PRODUÇÃO";"Iluminação SP - Estúdio/Controle 3";2026;"julho";0
"PLAT. DE CAPTAÇÃO E PRODUÇÃO";"Iluminação SP - Estúdio/Controle 3";2026;"junho";0
"PLAT. DE CAPTAÇÃO E PRODUÇÃO";"Iluminação SP - Estúdio/Controle 3";2026;"maio";0
"PLAT. DE CAPTAÇÃO E PRODUÇÃO";"Iluminação SP - Estúdio/Controle 3";2026;"março";0
"PLAT. DE CAPTAÇÃO E PRODUÇÃO";"Iluminação SP - Estúdio/Controle 3";2026;"novembro";0
"PLAT. DE CAPTAÇÃO E PRODUÇÃO";"Iluminação SP - Estúdio/Controle 3";2026;"outubro";0
"PLAT. DE CAPTAÇÃO E PRODUÇÃO";"Iluminação SP - Estúdio/Controle 3";2026;"setembro";0
"PLAT. DE CAPTAÇÃO E PRODUÇÃO";"Iluminação SP - Estúdio/Controle 3";2027;"fevereiro";0
"PLAT. DE CAPTAÇÃO E PRODUÇÃO";"Iluminação SP - Estúdio/Controle 3";2027;"janeiro";0
"PLAT. DE CAPTAÇÃO E PRODUÇÃO";"Iluminação SP - Estúdio/Controle 3";2027;"março";501700
"PLAT. DE CAPTAÇÃO E PRODUÇÃO";"Iluminação SP - Mesa e acessórios JG e JH";2026;"abril";0
"PLAT. DE CAPTAÇÃO E PRODUÇÃO";"Iluminação SP - Mesa e acessórios JG e JH";2026;"agosto";0
"PLAT. DE CAPTAÇÃO E PRODUÇÃO";"Iluminação SP - Mesa e acessórios JG e JH";2026;"dezembro";19909,64
"PLAT. DE CAPTAÇÃO E PRODUÇÃO";"Iluminação SP - Mesa e acessórios JG e JH";2026;"fevereiro";0
"PLAT. DE CAPTAÇÃO E PRODUÇÃO";"Iluminação SP - Mesa e acessórios JG e JH";2026;"janeiro";0
"PLAT. DE CAPTAÇÃO E PRODUÇÃO";"Iluminação SP - Mesa e acessórios JG e JH";2026;"julho";193989,02
"PLAT. DE CAPTAÇÃO E PRODUÇÃO";"Iluminação SP - Mesa e acessórios JG e JH";2026;"junho";216292
"PLAT. DE CAPTAÇÃO E PRODUÇÃO";"Iluminação SP - Mesa e acessórios JG e JH";2026;"maio";0
"PLAT. DE CAPTAÇÃO E PRODUÇÃO";"Iluminação SP - Mesa e acessórios JG e JH";2026;"março";0
"PLAT. DE CAPTAÇÃO E PRODUÇÃO";"Iluminação SP - Mesa e acessórios JG e JH";2026;"novembro";26372
"PLAT. DE CAPTAÇÃO E PRODUÇÃO";"Iluminação SP - Mesa e acessórios JG e JH";2026;"outubro";37178,98
"PLAT. DE CAPTAÇÃO E PRODUÇÃO";"Iluminação SP - Mesa e acessórios JG e JH";2026;"setembro";31958,36
"PLAT. DE CAPTAÇÃO E PRODUÇÃO";"Iluminação SP - Mesa e acessórios JG e JH";2027;"fevereiro";0
"PLAT. DE CAPTAÇÃO E PRODUÇÃO";"Iluminação SP - Mesa e acessórios JG e JH";2027;"janeiro";0
"PLAT. DE CAPTAÇÃO E PRODUÇÃO";"Iluminação SP - Mesa e acessórios JG e JH";2027;"março";0
"PLAT. DE CAPTAÇÃO E PRODUÇÃO";"Iluminação SP - Mesa Estúdio 1";2026;"abril";0
"PLAT. DE CAPTAÇÃO E PRODUÇÃO";"Iluminação SP - Mesa Estúdio 1";2026;"agosto";0
"PLAT. DE CAPTAÇÃO E PRODUÇÃO";"Iluminação SP - Mesa Estúdio 1";2026;"dezembro";0
"PLAT. DE CAPTAÇÃO E PRODUÇÃO";"Iluminação SP - Mesa Estúdio 1";2026;"fevereiro";0
"PLAT. DE CAPTAÇÃO E PRODUÇÃO";"Iluminação SP - Mesa Estúdio 1";2026;"janeiro";0
"PLAT. DE CAPTAÇÃO E PRODUÇÃO";"Iluminação SP - Mesa Estúdio 1";2026;"julho";0
"PLAT. DE CAPTAÇÃO E PRODUÇÃO";"Iluminação SP - Mesa Estúdio 1";2026;"junho";0
"PLAT. DE CAPTAÇÃO E PRODUÇÃO";"Iluminação SP - Mesa Estúdio 1";2026;"maio";0
"PLAT. DE CAPTAÇÃO E PRODUÇÃO";"Iluminação SP - Mesa Estúdio 1";2026;"março";0
"PLAT. DE CAPTAÇÃO E PRODUÇÃO";"Iluminação SP - Mesa Estúdio 1";2026;"novembro";0
"PLAT. DE CAPTAÇÃO E PRODUÇÃO";"Iluminação SP - Mesa Estúdio 1";2026;"outubro";0
"PLAT. DE CAPTAÇÃO E PRODUÇÃO";"Iluminação SP - Mesa Estúdio 1";2026;"setembro";0
"PLAT. DE CAPTAÇÃO E PRODUÇÃO";"Iluminação SP - Mesa Estúdio 1";2027;"fevereiro";0
"PLAT. DE CAPTAÇÃO E PRODUÇÃO";"Iluminação SP - Mesa Estúdio 1";2027;"janeiro";0
"PLAT. DE CAPTAÇÃO E PRODUÇÃO";"Iluminação SP - Mesa Estúdio 1";2027;"março";501700
"PLAT. DE CAPTAÇÃO E PRODUÇÃO";"Iluminação SP - Mesa Glass SP";2026;"abril";0
"PLAT. DE CAPTAÇÃO E PRODUÇÃO";"Iluminação SP - Mesa Glass SP";2026;"agosto";0
"PLAT. DE CAPTAÇÃO E PRODUÇÃO";"Iluminação SP - Mesa Glass SP";2026;"dezembro";0
"PLAT. DE CAPTAÇÃO E PRODUÇÃO";"Iluminação SP - Mesa Glass SP";2026;"fevereiro";0
"PLAT. DE CAPTAÇÃO E PRODUÇÃO";"Iluminação SP - Mesa Glass SP";2026;"janeiro";0
"PLAT. DE CAPTAÇÃO E PRODUÇÃO";"Iluminação SP - Mesa Glass SP";2026;"julho";0
"PLAT. DE CAPTAÇÃO E PRODUÇÃO";"Iluminação SP - Mesa Glass SP";2026;"junho";0
"PLAT. DE CAPTAÇÃO E PRODUÇÃO";"Iluminação SP - Mesa Glass SP";2026;"maio";0
"PLAT. DE CAPTAÇÃO E PRODUÇÃO";"Iluminação SP - Mesa Glass SP";2026;"março";0
"PLAT. DE CAPTAÇÃO E PRODUÇÃO";"Iluminação SP - Mesa Glass SP";2026;"novembro";0
"PLAT. DE CAPTAÇÃO E PRODUÇÃO";"Iluminação SP - Mesa Glass SP";2026;"outubro";0
"PLAT. DE CAPTAÇÃO E PRODUÇÃO";"Iluminação SP - Mesa Glass SP";2026;"setembro";0
"PLAT. DE CAPTAÇÃO E PRODUÇÃO";"Iluminação SP - Mesa Glass SP";2027;"fevereiro";0
"PLAT. DE CAPTAÇÃO E PRODUÇÃO";"Iluminação SP - Mesa Glass SP";2027;"janeiro";0
"PLAT. DE CAPTAÇÃO E PRODUÇÃO";"Iluminação SP - Mesa Glass SP";2027;"março";501700
"PLAT. DE CAPTAÇÃO E PRODUÇÃO";"Inovação em C&P";2026;"abril";0
"PLAT. DE CAPTAÇÃO E PRODUÇÃO";"Inovação em C&P";2026;"agosto";23958,27
"PLAT. DE CAPTAÇÃO E PRODUÇÃO";"Inovação em C&P";2026;"dezembro";0
"PLAT. DE CAPTAÇÃO E PRODUÇÃO";"Inovação em C&P";2026;"fevereiro";48453,75
"PLAT. DE CAPTAÇÃO E PRODUÇÃO";"Inovação em C&P";2026;"janeiro";78058,4
"PLAT. DE CAPTAÇÃO E PRODUÇÃO";"Inovação em C&P";2026;"julho";18946,82
"PLAT. DE CAPTAÇÃO E PRODUÇÃO";"Inovação em C&P";2026;"junho";17655
"PLAT. DE CAPTAÇÃO E PRODUÇÃO";"Inovação em C&P";2026;"maio";0
"PLAT. DE CAPTAÇÃO E PRODUÇÃO";"Inovação em C&P";2026;"março";1718,28
"PLAT. DE CAPTAÇÃO E PRODUÇÃO";"Inovação em C&P";2026;"novembro";1340845
"PLAT. DE CAPTAÇÃO E PRODUÇÃO";"Inovação em C&P";2026;"outubro";172208,73
"PLAT. DE CAPTAÇÃO E PRODUÇÃO";"Inovação em C&P";2026;"setembro";0
"PLAT. DE CAPTAÇÃO E PRODUÇÃO";"Inovação em C&P";2027;"fevereiro";0
"PLAT. DE CAPTAÇÃO E PRODUÇÃO";"Inovação em C&P";2027;"janeiro";0
"PLAT. DE CAPTAÇÃO E PRODUÇÃO";"Inovação em C&P";2027;"março";0
"PLAT. DE CAPTAÇÃO E PRODUÇÃO";"Kit de externa internacional";2026;"abril";0
"PLAT. DE CAPTAÇÃO E PRODUÇÃO";"Kit de externa internacional";2026;"agosto";0
"PLAT. DE CAPTAÇÃO E PRODUÇÃO";"Kit de externa internacional";2026;"dezembro";0
"PLAT. DE CAPTAÇÃO E PRODUÇÃO";"Kit de externa internacional";2026;"fevereiro";0
"PLAT. DE CAPTAÇÃO E PRODUÇÃO";"Kit de externa internacional";2026;"janeiro";0
"PLAT. DE CAPTAÇÃO E PRODUÇÃO";"Kit de externa internacional";2026;"julho";0
"PLAT. DE CAPTAÇÃO E PRODUÇÃO";"Kit de externa internacional";2026;"junho";0
"PLAT. DE CAPTAÇÃO E PRODUÇÃO";"Kit de externa internacional";2026;"maio";0
"PLAT. DE CAPTAÇÃO E PRODUÇÃO";"Kit de externa internacional";2026;"março";0
"PLAT. DE CAPTAÇÃO E PRODUÇÃO";"Kit de externa internacional";2026;"novembro";58000
"PLAT. DE CAPTAÇÃO E PRODUÇÃO";"Kit de externa internacional";2026;"outubro";72000
"PLAT. DE CAPTAÇÃO E PRODUÇÃO";"Kit de externa internacional";2026;"setembro";0
"PLAT. DE CAPTAÇÃO E PRODUÇÃO";"Kit de externa internacional";2027;"fevereiro";0
"PLAT. DE CAPTAÇÃO E PRODUÇÃO";"Kit de externa internacional";2027;"janeiro";0
"PLAT. DE CAPTAÇÃO E PRODUÇÃO";"Kit de externa internacional";2027;"março";0
"PLAT. DE CAPTAÇÃO E PRODUÇÃO";"Kit Light Jornalismo - JB + Restante SP (2027)";2026;"abril";0
"PLAT. DE CAPTAÇÃO E PRODUÇÃO";"Kit Light Jornalismo - JB + Restante SP (2027)";2026;"agosto";0
"PLAT. DE CAPTAÇÃO E PRODUÇÃO";"Kit Light Jornalismo - JB + Restante SP (2027)";2026;"dezembro";0
"PLAT. DE CAPTAÇÃO E PRODUÇÃO";"Kit Light Jornalismo - JB + Restante SP (2027)";2026;"fevereiro";0
"PLAT. DE CAPTAÇÃO E PRODUÇÃO";"Kit Light Jornalismo - JB + Restante SP (2027)";2026;"janeiro";0
"PLAT. DE CAPTAÇÃO E PRODUÇÃO";"Kit Light Jornalismo - JB + Restante SP (2027)";2026;"julho";0
"PLAT. DE CAPTAÇÃO E PRODUÇÃO";"Kit Light Jornalismo - JB + Restante SP (2027)";2026;"junho";0
"PLAT. DE CAPTAÇÃO E PRODUÇÃO";"Kit Light Jornalismo - JB + Restante SP (2027)";2026;"maio";0
"PLAT. DE CAPTAÇÃO E PRODUÇÃO";"Kit Light Jornalismo - JB + Restante SP (2027)";2026;"março";0
"PLAT. DE CAPTAÇÃO E PRODUÇÃO";"Kit Light Jornalismo - JB + Restante SP (2027)";2026;"novembro";0
"PLAT. DE CAPTAÇÃO E PRODUÇÃO";"Kit Light Jornalismo - JB + Restante SP (2027)";2026;"outubro";0
"PLAT. DE CAPTAÇÃO E PRODUÇÃO";"Kit Light Jornalismo - JB + Restante SP (2027)";2026;"setembro";0
"PLAT. DE CAPTAÇÃO E PRODUÇÃO";"Kit Light Jornalismo - JB + Restante SP (2027)";2027;"fevereiro";0
"PLAT. DE CAPTAÇÃO E PRODUÇÃO";"Kit Light Jornalismo - JB + Restante SP (2027)";2027;"janeiro";0
"PLAT. DE CAPTAÇÃO E PRODUÇÃO";"Kit Light Jornalismo - JB + Restante SP (2027)";2027;"março";0
"PLAT. DE CAPTAÇÃO E PRODUÇÃO";"Kit Light Jornalismo - SP";2026;"abril";0
"PLAT. DE CAPTAÇÃO E PRODUÇÃO";"Kit Light Jornalismo - SP";2026;"agosto";231071,94999999998
"PLAT. DE CAPTAÇÃO E PRODUÇÃO";"Kit Light Jornalismo - SP";2026;"dezembro";187426
"PLAT. DE CAPTAÇÃO E PRODUÇÃO";"Kit Light Jornalismo - SP";2026;"fevereiro";0
"PLAT. DE CAPTAÇÃO E PRODUÇÃO";"Kit Light Jornalismo - SP";2026;"janeiro";0
"PLAT. DE CAPTAÇÃO E PRODUÇÃO";"Kit Light Jornalismo - SP";2026;"julho";95058,94
"PLAT. DE CAPTAÇÃO E PRODUÇÃO";"Kit Light Jornalismo - SP";2026;"junho";97830,46
"PLAT. DE CAPTAÇÃO E PRODUÇÃO";"Kit Light Jornalismo - SP";2026;"maio";0
"PLAT. DE CAPTAÇÃO E PRODUÇÃO";"Kit Light Jornalismo - SP";2026;"março";103,83
"PLAT. DE CAPTAÇÃO E PRODUÇÃO";"Kit Light Jornalismo - SP";2026;"novembro";1484259
"PLAT. DE CAPTAÇÃO E PRODUÇÃO";"Kit Light Jornalismo - SP";2026;"outubro";102095
"PLAT. DE CAPTAÇÃO E PRODUÇÃO";"Kit Light Jornalismo - SP";2026;"setembro";17755,02
"PLAT. DE CAPTAÇÃO E PRODUÇÃO";"Kit Light Jornalismo - SP";2027;"fevereiro";0
"PLAT. DE CAPTAÇÃO E PRODUÇÃO";"Kit Light Jornalismo - SP";2027;"janeiro";0
"PLAT. DE CAPTAÇÃO E PRODUÇÃO";"Kit Light Jornalismo - SP";2027;"março";0
"PLAT. DE CAPTAÇÃO E PRODUÇÃO";"Lentes Full Frame";2026;"abril";24480
"PLAT. DE CAPTAÇÃO E PRODUÇÃO";"Lentes Full Frame";2026;"agosto";0
"PLAT. DE CAPTAÇÃO E PRODUÇÃO";"Lentes Full Frame";2026;"dezembro";0
"PLAT. DE CAPTAÇÃO E PRODUÇÃO";"Lentes Full Frame";2026;"fevereiro";0
"PLAT. DE CAPTAÇÃO E PRODUÇÃO";"Lentes Full Frame";2026;"janeiro";0
"PLAT. DE CAPTAÇÃO E PRODUÇÃO";"Lentes Full Frame";2026;"julho";0
"PLAT. DE CAPTAÇÃO E PRODUÇÃO";"Lentes Full Frame";2026;"junho";0
"PLAT. DE CAPTAÇÃO E PRODUÇÃO";"Lentes Full Frame";2026;"maio";0
"PLAT. DE CAPTAÇÃO E PRODUÇÃO";"Lentes Full Frame";2026;"março";0
"PLAT. DE CAPTAÇÃO E PRODUÇÃO";"Lentes Full Frame";2026;"novembro";0
"PLAT. DE CAPTAÇÃO E PRODUÇÃO";"Lentes Full Frame";2026;"outubro";0
"PLAT. DE CAPTAÇÃO E PRODUÇÃO";"Lentes Full Frame";2026;"setembro";4793,6
"PLAT. DE CAPTAÇÃO E PRODUÇÃO";"Lentes Full Frame";2027;"fevereiro";0
"PLAT. DE CAPTAÇÃO E PRODUÇÃO";"Lentes Full Frame";2027;"janeiro";0
"PLAT. DE CAPTAÇÃO E PRODUÇÃO";"Lentes Full Frame";2027;"março";0
"PLAT. DE CAPTAÇÃO E PRODUÇÃO";"Monitor Wall G5, Multiviewer CTL2 SP, COT CPP EG e Monitoração de Audio JB";2026;"abril";121190,75
"PLAT. DE CAPTAÇÃO E PRODUÇÃO";"Monitor Wall G5, Multiviewer CTL2 SP, COT CPP EG e Monitoração de Audio JB";2026;"agosto";35332,81
"PLAT. DE CAPTAÇÃO E PRODUÇÃO";"Monitor Wall G5, Multiviewer CTL2 SP, COT CPP EG e Monitoração de Audio JB";2026;"dezembro";76872,19
"PLAT. DE CAPTAÇÃO E PRODUÇÃO";"Monitor Wall G5, Multiviewer CTL2 SP, COT CPP EG e Monitoração de Audio JB";2026;"fevereiro";308812,29
"PLAT. DE CAPTAÇÃO E PRODUÇÃO";"Monitor Wall G5, Multiviewer CTL2 SP, COT CPP EG e Monitoração de Audio JB";2026;"janeiro";63588,35
"PLAT. DE CAPTAÇÃO E PRODUÇÃO";"Monitor Wall G5, Multiviewer CTL2 SP, COT CPP EG e Monitoração de Audio JB";2026;"julho";40440,61
"PLAT. DE CAPTAÇÃO E PRODUÇÃO";"Monitor Wall G5, Multiviewer CTL2 SP, COT CPP EG e Monitoração de Audio JB";2026;"junho";22737,77
"PLAT. DE CAPTAÇÃO E PRODUÇÃO";"Monitor Wall G5, Multiviewer CTL2 SP, COT CPP EG e Monitoração de Audio JB";2026;"maio";212040,87
"PLAT. DE CAPTAÇÃO E PRODUÇÃO";"Monitor Wall G5, Multiviewer CTL2 SP, COT CPP EG e Monitoração de Audio JB";2026;"março";369059,6
"PLAT. DE CAPTAÇÃO E PRODUÇÃO";"Monitor Wall G5, Multiviewer CTL2 SP, COT CPP EG e Monitoração de Audio JB";2026;"novembro";0
"PLAT. DE CAPTAÇÃO E PRODUÇÃO";"Monitor Wall G5, Multiviewer CTL2 SP, COT CPP EG e Monitoração de Audio JB";2026;"outubro";0
"PLAT. DE CAPTAÇÃO E PRODUÇÃO";"Monitor Wall G5, Multiviewer CTL2 SP, COT CPP EG e Monitoração de Audio JB";2026;"setembro";6811,96
"PLAT. DE CAPTAÇÃO E PRODUÇÃO";"Monitor Wall G5, Multiviewer CTL2 SP, COT CPP EG e Monitoração de Audio JB";2027;"fevereiro";0
"PLAT. DE CAPTAÇÃO E PRODUÇÃO";"Monitor Wall G5, Multiviewer CTL2 SP, COT CPP EG e Monitoração de Audio JB";2027;"janeiro";0
"PLAT. DE CAPTAÇÃO E PRODUÇÃO";"Monitor Wall G5, Multiviewer CTL2 SP, COT CPP EG e Monitoração de Audio JB";2027;"março";3600000
"PLAT. DE CAPTAÇÃO E PRODUÇÃO";"Monitoração e Contribuição G5 - Monitor Wall EG";2026;"abril";0
"PLAT. DE CAPTAÇÃO E PRODUÇÃO";"Monitoração e Contribuição G5 - Monitor Wall EG";2026;"agosto";0
"PLAT. DE CAPTAÇÃO E PRODUÇÃO";"Monitoração e Contribuição G5 - Monitor Wall EG";2026;"dezembro";0
"PLAT. DE CAPTAÇÃO E PRODUÇÃO";"Monitoração e Contribuição G5 - Monitor Wall EG";2026;"fevereiro";0
"PLAT. DE CAPTAÇÃO E PRODUÇÃO";"Monitoração e Contribuição G5 - Monitor Wall EG";2026;"janeiro";0
"PLAT. DE CAPTAÇÃO E PRODUÇÃO";"Monitoração e Contribuição G5 - Monitor Wall EG";2026;"julho";0
"PLAT. DE CAPTAÇÃO E PRODUÇÃO";"Monitoração e Contribuição G5 - Monitor Wall EG";2026;"junho";0
"PLAT. DE CAPTAÇÃO E PRODUÇÃO";"Monitoração e Contribuição G5 - Monitor Wall EG";2026;"maio";0
"PLAT. DE CAPTAÇÃO E PRODUÇÃO";"Monitoração e Contribuição G5 - Monitor Wall EG";2026;"março";0
"PLAT. DE CAPTAÇÃO E PRODUÇÃO";"Monitoração e Contribuição G5 - Monitor Wall EG";2026;"novembro";0
"PLAT. DE CAPTAÇÃO E PRODUÇÃO";"Monitoração e Contribuição G5 - Monitor Wall EG";2026;"outubro";0
"PLAT. DE CAPTAÇÃO E PRODUÇÃO";"Monitoração e Contribuição G5 - Monitor Wall EG";2026;"setembro";0
"PLAT. DE CAPTAÇÃO E PRODUÇÃO";"Monitoração e Contribuição G5 - Monitor Wall EG";2027;"fevereiro";0
"PLAT. DE CAPTAÇÃO E PRODUÇÃO";"Monitoração e Contribuição G5 - Monitor Wall EG";2027;"janeiro";0
"PLAT. DE CAPTAÇÃO E PRODUÇÃO";"Monitoração e Contribuição G5 - Monitor Wall EG";2027;"março";258894
"PLAT. DE CAPTAÇÃO E PRODUÇÃO";"Monitoração e Contribuição G5 - Monitor Wall ION";2026;"abril";0
"PLAT. DE CAPTAÇÃO E PRODUÇÃO";"Monitoração e Contribuição G5 - Monitor Wall ION";2026;"agosto";0
"PLAT. DE CAPTAÇÃO E PRODUÇÃO";"Monitoração e Contribuição G5 - Monitor Wall ION";2026;"dezembro";0
"PLAT. DE CAPTAÇÃO E PRODUÇÃO";"Monitoração e Contribuição G5 - Monitor Wall ION";2026;"fevereiro";0
"PLAT. DE CAPTAÇÃO E PRODUÇÃO";"Monitoração e Contribuição G5 - Monitor Wall ION";2026;"janeiro";0
"PLAT. DE CAPTAÇÃO E PRODUÇÃO";"Monitoração e Contribuição G5 - Monitor Wall ION";2026;"julho";0
"PLAT. DE CAPTAÇÃO E PRODUÇÃO";"Monitoração e Contribuição G5 - Monitor Wall ION";2026;"junho";0
"PLAT. DE CAPTAÇÃO E PRODUÇÃO";"Monitoração e Contribuição G5 - Monitor Wall ION";2026;"maio";0
"PLAT. DE CAPTAÇÃO E PRODUÇÃO";"Monitoração e Contribuição G5 - Monitor Wall ION";2026;"março";0
"PLAT. DE CAPTAÇÃO E PRODUÇÃO";"Monitoração e Contribuição G5 - Monitor Wall ION";2026;"novembro";0
"PLAT. DE CAPTAÇÃO E PRODUÇÃO";"Monitoração e Contribuição G5 - Monitor Wall ION";2026;"outubro";0
"PLAT. DE CAPTAÇÃO E PRODUÇÃO";"Monitoração e Contribuição G5 - Monitor Wall ION";2026;"setembro";0
"PLAT. DE CAPTAÇÃO E PRODUÇÃO";"Monitoração e Contribuição G5 - Monitor Wall ION";2027;"fevereiro";0
"PLAT. DE CAPTAÇÃO E PRODUÇÃO";"Monitoração e Contribuição G5 - Monitor Wall ION";2027;"janeiro";0
"PLAT. DE CAPTAÇÃO E PRODUÇÃO";"Monitoração e Contribuição G5 - Monitor Wall ION";2027;"março";258890
"PLAT. DE CAPTAÇÃO E PRODUÇÃO";"Monitoração e Contribuição G5 - Monitor Wall JB";2026;"abril";0
"PLAT. DE CAPTAÇÃO E PRODUÇÃO";"Monitoração e Contribuição G5 - Monitor Wall JB";2026;"agosto";0
"PLAT. DE CAPTAÇÃO E PRODUÇÃO";"Monitoração e Contribuição G5 - Monitor Wall JB";2026;"dezembro";0
"PLAT. DE CAPTAÇÃO E PRODUÇÃO";"Monitoração e Contribuição G5 - Monitor Wall JB";2026;"fevereiro";0
"PLAT. DE CAPTAÇÃO E PRODUÇÃO";"Monitoração e Contribuição G5 - Monitor Wall JB";2026;"janeiro";0
"PLAT. DE CAPTAÇÃO E PRODUÇÃO";"Monitoração e Contribuição G5 - Monitor Wall JB";2026;"julho";0
"PLAT. DE CAPTAÇÃO E PRODUÇÃO";"Monitoração e Contribuição G5 - Monitor Wall JB";2026;"junho";0
"PLAT. DE CAPTAÇÃO E PRODUÇÃO";"Monitoração e Contribuição G5 - Monitor Wall JB";2026;"maio";0
"PLAT. DE CAPTAÇÃO E PRODUÇÃO";"Monitoração e Contribuição G5 - Monitor Wall JB";2026;"março";0
"PLAT. DE CAPTAÇÃO E PRODUÇÃO";"Monitoração e Contribuição G5 - Monitor Wall JB";2026;"novembro";0
"PLAT. DE CAPTAÇÃO E PRODUÇÃO";"Monitoração e Contribuição G5 - Monitor Wall JB";2026;"outubro";0
"PLAT. DE CAPTAÇÃO E PRODUÇÃO";"Monitoração e Contribuição G5 - Monitor Wall JB";2026;"setembro";0
"PLAT. DE CAPTAÇÃO E PRODUÇÃO";"Monitoração e Contribuição G5 - Monitor Wall JB";2027;"fevereiro";0
"PLAT. DE CAPTAÇÃO E PRODUÇÃO";"Monitoração e Contribuição G5 - Monitor Wall JB";2027;"janeiro";0
"PLAT. DE CAPTAÇÃO E PRODUÇÃO";"Monitoração e Contribuição G5 - Monitor Wall JB";2027;"março";258890
"PLAT. DE CAPTAÇÃO E PRODUÇÃO";"Monitoração e Contribuição G5 - Monitor Wall SP";2026;"abril";0
"PLAT. DE CAPTAÇÃO E PRODUÇÃO";"Monitoração e Contribuição G5 - Monitor Wall SP";2026;"agosto";0
"PLAT. DE CAPTAÇÃO E PRODUÇÃO";"Monitoração e Contribuição G5 - Monitor Wall SP";2026;"dezembro";0
"PLAT. DE CAPTAÇÃO E PRODUÇÃO";"Monitoração e Contribuição G5 - Monitor Wall SP";2026;"fevereiro";0
"PLAT. DE CAPTAÇÃO E PRODUÇÃO";"Monitoração e Contribuição G5 - Monitor Wall SP";2026;"janeiro";0
"PLAT. DE CAPTAÇÃO E PRODUÇÃO";"Monitoração e Contribuição G5 - Monitor Wall SP";2026;"julho";0
"PLAT. DE CAPTAÇÃO E PRODUÇÃO";"Monitoração e Contribuição G5 - Monitor Wall SP";2026;"junho";0
"PLAT. DE CAPTAÇÃO E PRODUÇÃO";"Monitoração e Contribuição G5 - Monitor Wall SP";2026;"maio";0
"PLAT. DE CAPTAÇÃO E PRODUÇÃO";"Monitoração e Contribuição G5 - Monitor Wall SP";2026;"março";0
"PLAT. DE CAPTAÇÃO E PRODUÇÃO";"Monitoração e Contribuição G5 - Monitor Wall SP";2026;"novembro";0
"PLAT. DE CAPTAÇÃO E PRODUÇÃO";"Monitoração e Contribuição G5 - Monitor Wall SP";2026;"outubro";0
"PLAT. DE CAPTAÇÃO E PRODUÇÃO";"Monitoração e Contribuição G5 - Monitor Wall SP";2026;"setembro";0
"PLAT. DE CAPTAÇÃO E PRODUÇÃO";"Monitoração e Contribuição G5 - Monitor Wall SP";2027;"fevereiro";0
"PLAT. DE CAPTAÇÃO E PRODUÇÃO";"Monitoração e Contribuição G5 - Monitor Wall SP";2027;"janeiro";0
"PLAT. DE CAPTAÇÃO E PRODUÇÃO";"Monitoração e Contribuição G5 - Monitor Wall SP";2027;"março";258890
"PLAT. DE CAPTAÇÃO E PRODUÇÃO";"Monitoração e Contribuição G5 - Skype BH";2026;"abril";0
"PLAT. DE CAPTAÇÃO E PRODUÇÃO";"Monitoração e Contribuição G5 - Skype BH";2026;"agosto";0
"PLAT. DE CAPTAÇÃO E PRODUÇÃO";"Monitoração e Contribuição G5 - Skype BH";2026;"dezembro";147133
"PLAT. DE CAPTAÇÃO E PRODUÇÃO";"Monitoração e Contribuição G5 - Skype BH";2026;"fevereiro";0
"PLAT. DE CAPTAÇÃO E PRODUÇÃO";"Monitoração e Contribuição G5 - Skype BH";2026;"janeiro";0
"PLAT. DE CAPTAÇÃO E PRODUÇÃO";"Monitoração e Contribuição G5 - Skype BH";2026;"julho";0
"PLAT. DE CAPTAÇÃO E PRODUÇÃO";"Monitoração e Contribuição G5 - Skype BH";2026;"junho";0
"PLAT. DE CAPTAÇÃO E PRODUÇÃO";"Monitoração e Contribuição G5 - Skype BH";2026;"maio";0
"PLAT. DE CAPTAÇÃO E PRODUÇÃO";"Monitoração e Contribuição G5 - Skype BH";2026;"março";0
"PLAT. DE CAPTAÇÃO E PRODUÇÃO";"Monitoração e Contribuição G5 - Skype BH";2026;"novembro";0
"PLAT. DE CAPTAÇÃO E PRODUÇÃO";"Monitoração e Contribuição G5 - Skype BH";2026;"outubro";0
"PLAT. DE CAPTAÇÃO E PRODUÇÃO";"Monitoração e Contribuição G5 - Skype BH";2026;"setembro";0
"PLAT. DE CAPTAÇÃO E PRODUÇÃO";"Monitoração e Contribuição G5 - Skype BH";2027;"fevereiro";0
"PLAT. DE CAPTAÇÃO E PRODUÇÃO";"Monitoração e Contribuição G5 - Skype BH";2027;"janeiro";0
"PLAT. DE CAPTAÇÃO E PRODUÇÃO";"Monitoração e Contribuição G5 - Skype BH";2027;"março";0
"PLAT. DE CAPTAÇÃO E PRODUÇÃO";"Monitoração e Contribuição G5 - Skype BSA";2026;"abril";0
"PLAT. DE CAPTAÇÃO E PRODUÇÃO";"Monitoração e Contribuição G5 - Skype BSA";2026;"agosto";0
"PLAT. DE CAPTAÇÃO E PRODUÇÃO";"Monitoração e Contribuição G5 - Skype BSA";2026;"dezembro";111048
"PLAT. DE CAPTAÇÃO E PRODUÇÃO";"Monitoração e Contribuição G5 - Skype BSA";2026;"fevereiro";0
"PLAT. DE CAPTAÇÃO E PRODUÇÃO";"Monitoração e Contribuição G5 - Skype BSA";2026;"janeiro";0
"PLAT. DE CAPTAÇÃO E PRODUÇÃO";"Monitoração e Contribuição G5 - Skype BSA";2026;"julho";23380
"PLAT. DE CAPTAÇÃO E PRODUÇÃO";"Monitoração e Contribuição G5 - Skype BSA";2026;"junho";0
"PLAT. DE CAPTAÇÃO E PRODUÇÃO";"Monitoração e Contribuição G5 - Skype BSA";2026;"maio";0
"PLAT. DE CAPTAÇÃO E PRODUÇÃO";"Monitoração e Contribuição G5 - Skype BSA";2026;"março";0
"PLAT. DE CAPTAÇÃO E PRODUÇÃO";"Monitoração e Contribuição G5 - Skype BSA";2026;"novembro";0
"PLAT. DE CAPTAÇÃO E PRODUÇÃO";"Monitoração e Contribuição G5 - Skype BSA";2026;"outubro";0
"PLAT. DE CAPTAÇÃO E PRODUÇÃO";"Monitoração e Contribuição G5 - Skype BSA";2026;"setembro";12705
"PLAT. DE CAPTAÇÃO E PRODUÇÃO";"Monitoração e Contribuição G5 - Skype BSA";2027;"fevereiro";0
"PLAT. DE CAPTAÇÃO E PRODUÇÃO";"Monitoração e Contribuição G5 - Skype BSA";2027;"janeiro";0
"PLAT. DE CAPTAÇÃO E PRODUÇÃO";"Monitoração e Contribuição G5 - Skype BSA";2027;"março";0
"PLAT. DE CAPTAÇÃO E PRODUÇÃO";"Monitoração e Contribuição G5 - Skype ION";2026;"abril";0
"PLAT. DE CAPTAÇÃO E PRODUÇÃO";"Monitoração e Contribuição G5 - Skype ION";2026;"agosto";0
"PLAT. DE CAPTAÇÃO E PRODUÇÃO";"Monitoração e Contribuição G5 - Skype ION";2026;"dezembro";290343
"PLAT. DE CAPTAÇÃO E PRODUÇÃO";"Monitoração e Contribuição G5 - Skype ION";2026;"fevereiro";0
"PLAT. DE CAPTAÇÃO E PRODUÇÃO";"Monitoração e Contribuição G5 - Skype ION";2026;"janeiro";0
"PLAT. DE CAPTAÇÃO E PRODUÇÃO";"Monitoração e Contribuição G5 - Skype ION";2026;"julho";0
"PLAT. DE CAPTAÇÃO E PRODUÇÃO";"Monitoração e Contribuição G5 - Skype ION";2026;"junho";0
"PLAT. DE CAPTAÇÃO E PRODUÇÃO";"Monitoração e Contribuição G5 - Skype ION";2026;"maio";0
"PLAT. DE CAPTAÇÃO E PRODUÇÃO";"Monitoração e Contribuição G5 - Skype ION";2026;"março";0
"PLAT. DE CAPTAÇÃO E PRODUÇÃO";"Monitoração e Contribuição G5 - Skype ION";2026;"novembro";22420,51
"PLAT. DE CAPTAÇÃO E PRODUÇÃO";"Monitoração e Contribuição G5 - Skype ION";2026;"outubro";13664,49
"PLAT. DE CAPTAÇÃO E PRODUÇÃO";"Monitoração e Contribuição G5 - Skype ION";2026;"setembro";0
"PLAT. DE CAPTAÇÃO E PRODUÇÃO";"Monitoração e Contribuição G5 - Skype ION";2027;"fevereiro";0
"PLAT. DE CAPTAÇÃO E PRODUÇÃO";"Monitoração e Contribuição G5 - Skype ION";2027;"janeiro";0
"PLAT. DE CAPTAÇÃO E PRODUÇÃO";"Monitoração e Contribuição G5 - Skype ION";2027;"março";0
"PLAT. DE CAPTAÇÃO E PRODUÇÃO";"Monitoração e Contribuição G5 - Skype JB";2026;"abril";0
"PLAT. DE CAPTAÇÃO E PRODUÇÃO";"Monitoração e Contribuição G5 - Skype JB";2026;"agosto";0
"PLAT. DE CAPTAÇÃO E PRODUÇÃO";"Monitoração e Contribuição G5 - Skype JB";2026;"dezembro";486972
"PLAT. DE CAPTAÇÃO E PRODUÇÃO";"Monitoração e Contribuição G5 - Skype JB";2026;"fevereiro";0
"PLAT. DE CAPTAÇÃO E PRODUÇÃO";"Monitoração e Contribuição G5 - Skype JB";2026;"janeiro";0
"PLAT. DE CAPTAÇÃO E PRODUÇÃO";"Monitoração e Contribuição G5 - Skype JB";2026;"julho";0
"PLAT. DE CAPTAÇÃO E PRODUÇÃO";"Monitoração e Contribuição G5 - Skype JB";2026;"junho";12299,99
"PLAT. DE CAPTAÇÃO E PRODUÇÃO";"Monitoração e Contribuição G5 - Skype JB";2026;"maio";0
"PLAT. DE CAPTAÇÃO E PRODUÇÃO";"Monitoração e Contribuição G5 - Skype JB";2026;"março";0
"PLAT. DE CAPTAÇÃO E PRODUÇÃO";"Monitoração e Contribuição G5 - Skype JB";2026;"novembro";0
"PLAT. DE CAPTAÇÃO E PRODUÇÃO";"Monitoração e Contribuição G5 - Skype JB";2026;"outubro";0
"PLAT. DE CAPTAÇÃO E PRODUÇÃO";"Monitoração e Contribuição G5 - Skype JB";2026;"setembro";0
"PLAT. DE CAPTAÇÃO E PRODUÇÃO";"Monitoração e Contribuição G5 - Skype JB";2027;"fevereiro";0
"PLAT. DE CAPTAÇÃO E PRODUÇÃO";"Monitoração e Contribuição G5 - Skype JB";2027;"janeiro";0
"PLAT. DE CAPTAÇÃO E PRODUÇÃO";"Monitoração e Contribuição G5 - Skype JB";2027;"março";0
"PLAT. DE CAPTAÇÃO E PRODUÇÃO";"Monitoração e Contribuição G5 - Skype REC";2026;"abril";0
"PLAT. DE CAPTAÇÃO E PRODUÇÃO";"Monitoração e Contribuição G5 - Skype REC";2026;"agosto";0
"PLAT. DE CAPTAÇÃO E PRODUÇÃO";"Monitoração e Contribuição G5 - Skype REC";2026;"dezembro";139313,51
"PLAT. DE CAPTAÇÃO E PRODUÇÃO";"Monitoração e Contribuição G5 - Skype REC";2026;"fevereiro";0
"PLAT. DE CAPTAÇÃO E PRODUÇÃO";"Monitoração e Contribuição G5 - Skype REC";2026;"janeiro";0
"PLAT. DE CAPTAÇÃO E PRODUÇÃO";"Monitoração e Contribuição G5 - Skype REC";2026;"julho";0
"PLAT. DE CAPTAÇÃO E PRODUÇÃO";"Monitoração e Contribuição G5 - Skype REC";2026;"junho";0
"PLAT. DE CAPTAÇÃO E PRODUÇÃO";"Monitoração e Contribuição G5 - Skype REC";2026;"maio";0
"PLAT. DE CAPTAÇÃO E PRODUÇÃO";"Monitoração e Contribuição G5 - Skype REC";2026;"março";0
"PLAT. DE CAPTAÇÃO E PRODUÇÃO";"Monitoração e Contribuição G5 - Skype REC";2026;"novembro";7819,49
"PLAT. DE CAPTAÇÃO E PRODUÇÃO";"Monitoração e Contribuição G5 - Skype REC";2026;"outubro";0
"PLAT. DE CAPTAÇÃO E PRODUÇÃO";"Monitoração e Contribuição G5 - Skype REC";2026;"setembro";0
"PLAT. DE CAPTAÇÃO E PRODUÇÃO";"Monitoração e Contribuição G5 - Skype REC";2027;"fevereiro";0
"PLAT. DE CAPTAÇÃO E PRODUÇÃO";"Monitoração e Contribuição G5 - Skype REC";2027;"janeiro";0
"PLAT. DE CAPTAÇÃO E PRODUÇÃO";"Monitoração e Contribuição G5 - Skype REC";2027;"março";0
"PLAT. DE CAPTAÇÃO E PRODUÇÃO";"Monitoração e Contribuição G5 - Skype SP";2026;"abril";0
"PLAT. DE CAPTAÇÃO E PRODUÇÃO";"Monitoração e Contribuição G5 - Skype SP";2026;"agosto";0
"PLAT. DE CAPTAÇÃO E PRODUÇÃO";"Monitoração e Contribuição G5 - Skype SP";2026;"dezembro";224888,87
"PLAT. DE CAPTAÇÃO E PRODUÇÃO";"Monitoração e Contribuição G5 - Skype SP";2026;"fevereiro";0
"PLAT. DE CAPTAÇÃO E PRODUÇÃO";"Monitoração e Contribuição G5 - Skype SP";2026;"janeiro";0
"PLAT. DE CAPTAÇÃO E PRODUÇÃO";"Monitoração e Contribuição G5 - Skype SP";2026;"julho";3200
"PLAT. DE CAPTAÇÃO E PRODUÇÃO";"Monitoração e Contribuição G5 - Skype SP";2026;"junho";10838,52
"PLAT. DE CAPTAÇÃO E PRODUÇÃO";"Monitoração e Contribuição G5 - Skype SP";2026;"maio";0
"PLAT. DE CAPTAÇÃO E PRODUÇÃO";"Monitoração e Contribuição G5 - Skype SP";2026;"março";0
"PLAT. DE CAPTAÇÃO E PRODUÇÃO";"Monitoração e Contribuição G5 - Skype SP";2026;"novembro";0
"PLAT. DE CAPTAÇÃO E PRODUÇÃO";"Monitoração e Contribuição G5 - Skype SP";2026;"outubro";16575,51
"PLAT. DE CAPTAÇÃO E PRODUÇÃO";"Monitoração e Contribuição G5 - Skype SP";2026;"setembro";34162,49
"PLAT. DE CAPTAÇÃO E PRODUÇÃO";"Monitoração e Contribuição G5 - Skype SP";2027;"fevereiro";0
"PLAT. DE CAPTAÇÃO E PRODUÇÃO";"Monitoração e Contribuição G5 - Skype SP";2027;"janeiro";0
"PLAT. DE CAPTAÇÃO E PRODUÇÃO";"Monitoração e Contribuição G5 - Skype SP";2027;"março";0
"PLAT. DE CAPTAÇÃO E PRODUÇÃO";"MVP da Orquestração do Produção Central";2026;"abril";18937,45
"PLAT. DE CAPTAÇÃO E PRODUÇÃO";"MVP da Orquestração do Produção Central";2026;"agosto";3605,77
"PLAT. DE CAPTAÇÃO E PRODUÇÃO";"MVP da Orquestração do Produção Central";2026;"dezembro";545593,23
"PLAT. DE CAPTAÇÃO E PRODUÇÃO";"MVP da Orquestração do Produção Central";2026;"fevereiro";0
"PLAT. DE CAPTAÇÃO E PRODUÇÃO";"MVP da Orquestração do Produção Central";2026;"janeiro";12867,69
"PLAT. DE CAPTAÇÃO E PRODUÇÃO";"MVP da Orquestração do Produção Central";2026;"julho";48240,87
"PLAT. DE CAPTAÇÃO E PRODUÇÃO";"MVP da Orquestração do Produção Central";2026;"junho";42518,4
"PLAT. DE CAPTAÇÃO E PRODUÇÃO";"MVP da Orquestração do Produção Central";2026;"maio";0
"PLAT. DE CAPTAÇÃO E PRODUÇÃO";"MVP da Orquestração do Produção Central";2026;"março";124475,09
"PLAT. DE CAPTAÇÃO E PRODUÇÃO";"MVP da Orquestração do Produção Central";2026;"novembro";0
"PLAT. DE CAPTAÇÃO E PRODUÇÃO";"MVP da Orquestração do Produção Central";2026;"outubro";0
"PLAT. DE CAPTAÇÃO E PRODUÇÃO";"MVP da Orquestração do Produção Central";2026;"setembro";60
"PLAT. DE CAPTAÇÃO E PRODUÇÃO";"MVP da Orquestração do Produção Central";2027;"fevereiro";0
"PLAT. DE CAPTAÇÃO E PRODUÇÃO";"MVP da Orquestração do Produção Central";2027;"janeiro";0
"PLAT. DE CAPTAÇÃO E PRODUÇÃO";"MVP da Orquestração do Produção Central";2027;"março";0
"PLAT. DE CAPTAÇÃO E PRODUÇÃO";"Novo Cenário BDBR";2026;"abril";66946,4
"PLAT. DE CAPTAÇÃO E PRODUÇÃO";"Novo Cenário BDBR";2026;"agosto";0
"PLAT. DE CAPTAÇÃO E PRODUÇÃO";"Novo Cenário BDBR";2026;"dezembro";0
"PLAT. DE CAPTAÇÃO E PRODUÇÃO";"Novo Cenário BDBR";2026;"fevereiro";233327,65
"PLAT. DE CAPTAÇÃO E PRODUÇÃO";"Novo Cenário BDBR";2026;"janeiro";35832,38
"PLAT. DE CAPTAÇÃO E PRODUÇÃO";"Novo Cenário BDBR";2026;"julho";15400
"PLAT. DE CAPTAÇÃO E PRODUÇÃO";"Novo Cenário BDBR";2026;"junho";70850,67
"PLAT. DE CAPTAÇÃO E PRODUÇÃO";"Novo Cenário BDBR";2026;"maio";24333,61
"PLAT. DE CAPTAÇÃO E PRODUÇÃO";"Novo Cenário BDBR";2026;"março";245406,59
"PLAT. DE CAPTAÇÃO E PRODUÇÃO";"Novo Cenário BDBR";2026;"novembro";0
"PLAT. DE CAPTAÇÃO E PRODUÇÃO";"Novo Cenário BDBR";2026;"outubro";0
"PLAT. DE CAPTAÇÃO E PRODUÇÃO";"Novo Cenário BDBR";2026;"setembro";-69496,51
"PLAT. DE CAPTAÇÃO E PRODUÇÃO";"Novo Cenário BDBR";2027;"fevereiro";0
"PLAT. DE CAPTAÇÃO E PRODUÇÃO";"Novo Cenário BDBR";2027;"janeiro";0
"PLAT. DE CAPTAÇÃO E PRODUÇÃO";"Novo Cenário BDBR";2027;"março";0
"PLAT. DE CAPTAÇÃO E PRODUÇÃO";"Obs Comunicação Operacional - BH";2026;"abril";0
"PLAT. DE CAPTAÇÃO E PRODUÇÃO";"Obs Comunicação Operacional - BH";2026;"agosto";0
"PLAT. DE CAPTAÇÃO E PRODUÇÃO";"Obs Comunicação Operacional - BH";2026;"dezembro";33186,3
"PLAT. DE CAPTAÇÃO E PRODUÇÃO";"Obs Comunicação Operacional - BH";2026;"fevereiro";0
"PLAT. DE CAPTAÇÃO E PRODUÇÃO";"Obs Comunicação Operacional - BH";2026;"janeiro";0
"PLAT. DE CAPTAÇÃO E PRODUÇÃO";"Obs Comunicação Operacional - BH";2026;"julho";0
"PLAT. DE CAPTAÇÃO E PRODUÇÃO";"Obs Comunicação Operacional - BH";2026;"junho";0
"PLAT. DE CAPTAÇÃO E PRODUÇÃO";"Obs Comunicação Operacional - BH";2026;"maio";0
"PLAT. DE CAPTAÇÃO E PRODUÇÃO";"Obs Comunicação Operacional - BH";2026;"março";0
"PLAT. DE CAPTAÇÃO E PRODUÇÃO";"Obs Comunicação Operacional - BH";2026;"novembro";150989
"PLAT. DE CAPTAÇÃO E PRODUÇÃO";"Obs Comunicação Operacional - BH";2026;"outubro";92000
"PLAT. DE CAPTAÇÃO E PRODUÇÃO";"Obs Comunicação Operacional - BH";2026;"setembro";239508,04
"PLAT. DE CAPTAÇÃO E PRODUÇÃO";"Obs Comunicação Operacional - BH";2027;"fevereiro";0
"PLAT. DE CAPTAÇÃO E PRODUÇÃO";"Obs Comunicação Operacional - BH";2027;"janeiro";0
"PLAT. DE CAPTAÇÃO E PRODUÇÃO";"Obs Comunicação Operacional - BH";2027;"março";355683
"PLAT. DE CAPTAÇÃO E PRODUÇÃO";"Obs Comunicação Operacional - JB";2026;"abril";0
"PLAT. DE CAPTAÇÃO E PRODUÇÃO";"Obs Comunicação Operacional - JB";2026;"agosto";0
"PLAT. DE CAPTAÇÃO E PRODUÇÃO";"Obs Comunicação Operacional - JB";2026;"dezembro";256877
"PLAT. DE CAPTAÇÃO E PRODUÇÃO";"Obs Comunicação Operacional - JB";2026;"fevereiro";0
"PLAT. DE CAPTAÇÃO E PRODUÇÃO";"Obs Comunicação Operacional - JB";2026;"janeiro";0
"PLAT. DE CAPTAÇÃO E PRODUÇÃO";"Obs Comunicação Operacional - JB";2026;"julho";0
"PLAT. DE CAPTAÇÃO E PRODUÇÃO";"Obs Comunicação Operacional - JB";2026;"junho";14960,4
"PLAT. DE CAPTAÇÃO E PRODUÇÃO";"Obs Comunicação Operacional - JB";2026;"maio";0
"PLAT. DE CAPTAÇÃO E PRODUÇÃO";"Obs Comunicação Operacional - JB";2026;"março";0
"PLAT. DE CAPTAÇÃO E PRODUÇÃO";"Obs Comunicação Operacional - JB";2026;"novembro";0
"PLAT. DE CAPTAÇÃO E PRODUÇÃO";"Obs Comunicação Operacional - JB";2026;"outubro";52216,09
"PLAT. DE CAPTAÇÃO E PRODUÇÃO";"Obs Comunicação Operacional - JB";2026;"setembro";31629,51
"PLAT. DE CAPTAÇÃO E PRODUÇÃO";"Obs Comunicação Operacional - JB";2027;"fevereiro";0
"PLAT. DE CAPTAÇÃO E PRODUÇÃO";"Obs Comunicação Operacional - JB";2027;"janeiro";0
"PLAT. DE CAPTAÇÃO E PRODUÇÃO";"Obs Comunicação Operacional - JB";2027;"março";355683,33
"PLAT. DE CAPTAÇÃO E PRODUÇÃO";"Obs Comunicação Operacional - SP";2026;"abril";0
"PLAT. DE CAPTAÇÃO E PRODUÇÃO";"Obs Comunicação Operacional - SP";2026;"agosto";0
"PLAT. DE CAPTAÇÃO E PRODUÇÃO";"Obs Comunicação Operacional - SP";2026;"dezembro";854051
"PLAT. DE CAPTAÇÃO E PRODUÇÃO";"Obs Comunicação Operacional - SP";2026;"fevereiro";0
"PLAT. DE CAPTAÇÃO E PRODUÇÃO";"Obs Comunicação Operacional - SP";2026;"janeiro";0
"PLAT. DE CAPTAÇÃO E PRODUÇÃO";"Obs Comunicação Operacional - SP";2026;"julho";43833,52
"PLAT. DE CAPTAÇÃO E PRODUÇÃO";"Obs Comunicação Operacional - SP";2026;"junho";0
"PLAT. DE CAPTAÇÃO E PRODUÇÃO";"Obs Comunicação Operacional - SP";2026;"maio";0
"PLAT. DE CAPTAÇÃO E PRODUÇÃO";"Obs Comunicação Operacional - SP";2026;"março";0
"PLAT. DE CAPTAÇÃO E PRODUÇÃO";"Obs Comunicação Operacional - SP";2026;"novembro";348877
"PLAT. DE CAPTAÇÃO E PRODUÇÃO";"Obs Comunicação Operacional - SP";2026;"outubro";18525,65
"PLAT. DE CAPTAÇÃO E PRODUÇÃO";"Obs Comunicação Operacional - SP";2026;"setembro";14223,83
"PLAT. DE CAPTAÇÃO E PRODUÇÃO";"Obs Comunicação Operacional - SP";2027;"fevereiro";0
"PLAT. DE CAPTAÇÃO E PRODUÇÃO";"Obs Comunicação Operacional - SP";2027;"janeiro";0
"PLAT. DE CAPTAÇÃO E PRODUÇÃO";"Obs Comunicação Operacional - SP";2027;"março";355732
"PLAT. DE CAPTAÇÃO E PRODUÇÃO";"Obs. Crítica Câmeras de Externa BH -  Fase 2";2026;"abril";0
"PLAT. DE CAPTAÇÃO E PRODUÇÃO";"Obs. Crítica Câmeras de Externa BH -  Fase 2";2026;"agosto";75336,21
"PLAT. DE CAPTAÇÃO E PRODUÇÃO";"Obs. Crítica Câmeras de Externa BH -  Fase 2";2026;"dezembro";95004
"PLAT. DE CAPTAÇÃO E PRODUÇÃO";"Obs. Crítica Câmeras de Externa BH -  Fase 2";2026;"fevereiro";0
"PLAT. DE CAPTAÇÃO E PRODUÇÃO";"Obs. Crítica Câmeras de Externa BH -  Fase 2";2026;"janeiro";0
"PLAT. DE CAPTAÇÃO E PRODUÇÃO";"Obs. Crítica Câmeras de Externa BH -  Fase 2";2026;"julho";66261,61
"PLAT. DE CAPTAÇÃO E PRODUÇÃO";"Obs. Crítica Câmeras de Externa BH -  Fase 2";2026;"junho";0
"PLAT. DE CAPTAÇÃO E PRODUÇÃO";"Obs. Crítica Câmeras de Externa BH -  Fase 2";2026;"maio";0
"PLAT. DE CAPTAÇÃO E PRODUÇÃO";"Obs. Crítica Câmeras de Externa BH -  Fase 2";2026;"março";0
"PLAT. DE CAPTAÇÃO E PRODUÇÃO";"Obs. Crítica Câmeras de Externa BH -  Fase 2";2026;"novembro";209568
"PLAT. DE CAPTAÇÃO E PRODUÇÃO";"Obs. Crítica Câmeras de Externa BH -  Fase 2";2026;"outubro";0
"PLAT. DE CAPTAÇÃO E PRODUÇÃO";"Obs. Crítica Câmeras de Externa BH -  Fase 2";2026;"setembro";81629,79
"PLAT. DE CAPTAÇÃO E PRODUÇÃO";"Obs. Crítica Câmeras de Externa BH -  Fase 2";2027;"fevereiro";0
"PLAT. DE CAPTAÇÃO E PRODUÇÃO";"Obs. Crítica Câmeras de Externa BH -  Fase 2";2027;"janeiro";0
"PLAT. DE CAPTAÇÃO E PRODUÇÃO";"Obs. Crítica Câmeras de Externa BH -  Fase 2";2027;"março";0
"PLAT. DE CAPTAÇÃO E PRODUÇÃO";"Obs. Crítica Câmeras de Externa BSA - Fase 2";2026;"abril";0
"PLAT. DE CAPTAÇÃO E PRODUÇÃO";"Obs. Crítica Câmeras de Externa BSA - Fase 2";2026;"agosto";68819,2
"PLAT. DE CAPTAÇÃO E PRODUÇÃO";"Obs. Crítica Câmeras de Externa BSA - Fase 2";2026;"dezembro";95004
"PLAT. DE CAPTAÇÃO E PRODUÇÃO";"Obs. Crítica Câmeras de Externa BSA - Fase 2";2026;"fevereiro";0
"PLAT. DE CAPTAÇÃO E PRODUÇÃO";"Obs. Crítica Câmeras de Externa BSA - Fase 2";2026;"janeiro";0
"PLAT. DE CAPTAÇÃO E PRODUÇÃO";"Obs. Crítica Câmeras de Externa BSA - Fase 2";2026;"julho";48159,65
"PLAT. DE CAPTAÇÃO E PRODUÇÃO";"Obs. Crítica Câmeras de Externa BSA - Fase 2";2026;"junho";7365,02
"PLAT. DE CAPTAÇÃO E PRODUÇÃO";"Obs. Crítica Câmeras de Externa BSA - Fase 2";2026;"maio";0
"PLAT. DE CAPTAÇÃO E PRODUÇÃO";"Obs. Crítica Câmeras de Externa BSA - Fase 2";2026;"março";0
"PLAT. DE CAPTAÇÃO E PRODUÇÃO";"Obs. Crítica Câmeras de Externa BSA - Fase 2";2026;"novembro";227348
"PLAT. DE CAPTAÇÃO E PRODUÇÃO";"Obs. Crítica Câmeras de Externa BSA - Fase 2";2026;"outubro";0
"PLAT. DE CAPTAÇÃO E PRODUÇÃO";"Obs. Crítica Câmeras de Externa BSA - Fase 2";2026;"setembro";81103,8
"PLAT. DE CAPTAÇÃO E PRODUÇÃO";"Obs. Crítica Câmeras de Externa BSA - Fase 2";2027;"fevereiro";0
"PLAT. DE CAPTAÇÃO E PRODUÇÃO";"Obs. Crítica Câmeras de Externa BSA - Fase 2";2027;"janeiro";0
"PLAT. DE CAPTAÇÃO E PRODUÇÃO";"Obs. Crítica Câmeras de Externa BSA - Fase 2";2027;"março";0
"PLAT. DE CAPTAÇÃO E PRODUÇÃO";"Obs. Crítica Câmeras Ion - CAMBOX Estúdio A";2026;"abril";0
"PLAT. DE CAPTAÇÃO E PRODUÇÃO";"Obs. Crítica Câmeras Ion - CAMBOX Estúdio A";2026;"agosto";0
"PLAT. DE CAPTAÇÃO E PRODUÇÃO";"Obs. Crítica Câmeras Ion - CAMBOX Estúdio A";2026;"dezembro";391500
"PLAT. DE CAPTAÇÃO E PRODUÇÃO";"Obs. Crítica Câmeras Ion - CAMBOX Estúdio A";2026;"fevereiro";0
"PLAT. DE CAPTAÇÃO E PRODUÇÃO";"Obs. Crítica Câmeras Ion - CAMBOX Estúdio A";2026;"janeiro";0
"PLAT. DE CAPTAÇÃO E PRODUÇÃO";"Obs. Crítica Câmeras Ion - CAMBOX Estúdio A";2026;"julho";0
"PLAT. DE CAPTAÇÃO E PRODUÇÃO";"Obs. Crítica Câmeras Ion - CAMBOX Estúdio A";2026;"junho";0
"PLAT. DE CAPTAÇÃO E PRODUÇÃO";"Obs. Crítica Câmeras Ion - CAMBOX Estúdio A";2026;"maio";0
"PLAT. DE CAPTAÇÃO E PRODUÇÃO";"Obs. Crítica Câmeras Ion - CAMBOX Estúdio A";2026;"março";0
"PLAT. DE CAPTAÇÃO E PRODUÇÃO";"Obs. Crítica Câmeras Ion - CAMBOX Estúdio A";2026;"novembro";0
"PLAT. DE CAPTAÇÃO E PRODUÇÃO";"Obs. Crítica Câmeras Ion - CAMBOX Estúdio A";2026;"outubro";0
"PLAT. DE CAPTAÇÃO E PRODUÇÃO";"Obs. Crítica Câmeras Ion - CAMBOX Estúdio A";2026;"setembro";0
"PLAT. DE CAPTAÇÃO E PRODUÇÃO";"Obs. Crítica Câmeras Ion - CAMBOX Estúdio A";2027;"fevereiro";0
"PLAT. DE CAPTAÇÃO E PRODUÇÃO";"Obs. Crítica Câmeras Ion - CAMBOX Estúdio A";2027;"janeiro";0
"PLAT. DE CAPTAÇÃO E PRODUÇÃO";"Obs. Crítica Câmeras Ion - CAMBOX Estúdio A";2027;"março";0
"PLAT. DE CAPTAÇÃO E PRODUÇÃO";"Obs. Crítica Câmeras Ion - CAMBOX Estúdio C";2026;"abril";0
"PLAT. DE CAPTAÇÃO E PRODUÇÃO";"Obs. Crítica Câmeras Ion - CAMBOX Estúdio C";2026;"agosto";0
"PLAT. DE CAPTAÇÃO E PRODUÇÃO";"Obs. Crítica Câmeras Ion - CAMBOX Estúdio C";2026;"dezembro";0
"PLAT. DE CAPTAÇÃO E PRODUÇÃO";"Obs. Crítica Câmeras Ion - CAMBOX Estúdio C";2026;"fevereiro";0
"PLAT. DE CAPTAÇÃO E PRODUÇÃO";"Obs. Crítica Câmeras Ion - CAMBOX Estúdio C";2026;"janeiro";0
"PLAT. DE CAPTAÇÃO E PRODUÇÃO";"Obs. Crítica Câmeras Ion - CAMBOX Estúdio C";2026;"julho";0
"PLAT. DE CAPTAÇÃO E PRODUÇÃO";"Obs. Crítica Câmeras Ion - CAMBOX Estúdio C";2026;"junho";0
"PLAT. DE CAPTAÇÃO E PRODUÇÃO";"Obs. Crítica Câmeras Ion - CAMBOX Estúdio C";2026;"maio";0
"PLAT. DE CAPTAÇÃO E PRODUÇÃO";"Obs. Crítica Câmeras Ion - CAMBOX Estúdio C";2026;"março";0
"PLAT. DE CAPTAÇÃO E PRODUÇÃO";"Obs. Crítica Câmeras Ion - CAMBOX Estúdio C";2026;"novembro";0
"PLAT. DE CAPTAÇÃO E PRODUÇÃO";"Obs. Crítica Câmeras Ion - CAMBOX Estúdio C";2026;"outubro";0
"PLAT. DE CAPTAÇÃO E PRODUÇÃO";"Obs. Crítica Câmeras Ion - CAMBOX Estúdio C";2026;"setembro";0
"PLAT. DE CAPTAÇÃO E PRODUÇÃO";"Obs. Crítica Câmeras Ion - CAMBOX Estúdio C";2027;"fevereiro";0
"PLAT. DE CAPTAÇÃO E PRODUÇÃO";"Obs. Crítica Câmeras Ion - CAMBOX Estúdio C";2027;"janeiro";0
"PLAT. DE CAPTAÇÃO E PRODUÇÃO";"Obs. Crítica Câmeras Ion - CAMBOX Estúdio C";2027;"março";0
"PLAT. DE CAPTAÇÃO E PRODUÇÃO";"Obs. Crítica Câmeras PTZs";2026;"abril";0
"PLAT. DE CAPTAÇÃO E PRODUÇÃO";"Obs. Crítica Câmeras PTZs";2026;"agosto";0
"PLAT. DE CAPTAÇÃO E PRODUÇÃO";"Obs. Crítica Câmeras PTZs";2026;"dezembro";141133,45
"PLAT. DE CAPTAÇÃO E PRODUÇÃO";"Obs. Crítica Câmeras PTZs";2026;"fevereiro";0
"PLAT. DE CAPTAÇÃO E PRODUÇÃO";"Obs. Crítica Câmeras PTZs";2026;"janeiro";0
"PLAT. DE CAPTAÇÃO E PRODUÇÃO";"Obs. Crítica Câmeras PTZs";2026;"julho";243414,77
"PLAT. DE CAPTAÇÃO E PRODUÇÃO";"Obs. Crítica Câmeras PTZs";2026;"junho";3761,95
"PLAT. DE CAPTAÇÃO E PRODUÇÃO";"Obs. Crítica Câmeras PTZs";2026;"maio";0
"PLAT. DE CAPTAÇÃO E PRODUÇÃO";"Obs. Crítica Câmeras PTZs";2026;"março";0
"PLAT. DE CAPTAÇÃO E PRODUÇÃO";"Obs. Crítica Câmeras PTZs";2026;"novembro";908335,68
"PLAT. DE CAPTAÇÃO E PRODUÇÃO";"Obs. Crítica Câmeras PTZs";2026;"outubro";31227,68
"PLAT. DE CAPTAÇÃO E PRODUÇÃO";"Obs. Crítica Câmeras PTZs";2026;"setembro";612176,24
"PLAT. DE CAPTAÇÃO E PRODUÇÃO";"Obs. Crítica Câmeras PTZs";2027;"fevereiro";0
"PLAT. DE CAPTAÇÃO E PRODUÇÃO";"Obs. Crítica Câmeras PTZs";2027;"janeiro";0
"PLAT. DE CAPTAÇÃO E PRODUÇÃO";"Obs. Crítica Câmeras PTZs";2027;"março";0
"PLAT. DE CAPTAÇÃO E PRODUÇÃO";"Obs. Crítica Câmeras Super Slow";2026;"abril";0
"PLAT. DE CAPTAÇÃO E PRODUÇÃO";"Obs. Crítica Câmeras Super Slow";2026;"agosto";0
"PLAT. DE CAPTAÇÃO E PRODUÇÃO";"Obs. Crítica Câmeras Super Slow";2026;"dezembro";0
"PLAT. DE CAPTAÇÃO E PRODUÇÃO";"Obs. Crítica Câmeras Super Slow";2026;"fevereiro";0
"PLAT. DE CAPTAÇÃO E PRODUÇÃO";"Obs. Crítica Câmeras Super Slow";2026;"janeiro";0
"PLAT. DE CAPTAÇÃO E PRODUÇÃO";"Obs. Crítica Câmeras Super Slow";2026;"julho";27810
"PLAT. DE CAPTAÇÃO E PRODUÇÃO";"Obs. Crítica Câmeras Super Slow";2026;"junho";0
"PLAT. DE CAPTAÇÃO E PRODUÇÃO";"Obs. Crítica Câmeras Super Slow";2026;"maio";0
"PLAT. DE CAPTAÇÃO E PRODUÇÃO";"Obs. Crítica Câmeras Super Slow";2026;"março";0
"PLAT. DE CAPTAÇÃO E PRODUÇÃO";"Obs. Crítica Câmeras Super Slow";2026;"novembro";0
"PLAT. DE CAPTAÇÃO E PRODUÇÃO";"Obs. Crítica Câmeras Super Slow";2026;"outubro";53367,86
"PLAT. DE CAPTAÇÃO E PRODUÇÃO";"Obs. Crítica Câmeras Super Slow";2026;"setembro";87428,14
"PLAT. DE CAPTAÇÃO E PRODUÇÃO";"Obs. Crítica Câmeras Super Slow";2027;"fevereiro";0
"PLAT. DE CAPTAÇÃO E PRODUÇÃO";"Obs. Crítica Câmeras Super Slow";2027;"janeiro";0
"PLAT. DE CAPTAÇÃO E PRODUÇÃO";"Obs. Crítica Câmeras Super Slow";2027;"março";0
"PLAT. DE CAPTAÇÃO E PRODUÇÃO";"Obs. Crítica Canhões Seguidores MG2 (2026)";2026;"abril";0
"PLAT. DE CAPTAÇÃO E PRODUÇÃO";"Obs. Crítica Canhões Seguidores MG2 (2026)";2026;"agosto";0
"PLAT. DE CAPTAÇÃO E PRODUÇÃO";"Obs. Crítica Canhões Seguidores MG2 (2026)";2026;"dezembro";0
"PLAT. DE CAPTAÇÃO E PRODUÇÃO";"Obs. Crítica Canhões Seguidores MG2 (2026)";2026;"fevereiro";0
"PLAT. DE CAPTAÇÃO E PRODUÇÃO";"Obs. Crítica Canhões Seguidores MG2 (2026)";2026;"janeiro";0
"PLAT. DE CAPTAÇÃO E PRODUÇÃO";"Obs. Crítica Canhões Seguidores MG2 (2026)";2026;"julho";0
"PLAT. DE CAPTAÇÃO E PRODUÇÃO";"Obs. Crítica Canhões Seguidores MG2 (2026)";2026;"junho";423526,87
"PLAT. DE CAPTAÇÃO E PRODUÇÃO";"Obs. Crítica Canhões Seguidores MG2 (2026)";2026;"maio";0
"PLAT. DE CAPTAÇÃO E PRODUÇÃO";"Obs. Crítica Canhões Seguidores MG2 (2026)";2026;"março";0
"PLAT. DE CAPTAÇÃO E PRODUÇÃO";"Obs. Crítica Canhões Seguidores MG2 (2026)";2026;"novembro";6891
"PLAT. DE CAPTAÇÃO E PRODUÇÃO";"Obs. Crítica Canhões Seguidores MG2 (2026)";2026;"outubro";24812,47
"PLAT. DE CAPTAÇÃO E PRODUÇÃO";"Obs. Crítica Canhões Seguidores MG2 (2026)";2026;"setembro";69669,53
"PLAT. DE CAPTAÇÃO E PRODUÇÃO";"Obs. Crítica Canhões Seguidores MG2 (2026)";2027;"fevereiro";0
"PLAT. DE CAPTAÇÃO E PRODUÇÃO";"Obs. Crítica Canhões Seguidores MG2 (2026)";2027;"janeiro";0
"PLAT. DE CAPTAÇÃO E PRODUÇÃO";"Obs. Crítica Canhões Seguidores MG2 (2026)";2027;"março";0
"PLAT. DE CAPTAÇÃO E PRODUÇÃO";"Obs. Crítica Canhões Seguidores MG2 (2027)";2026;"abril";0
"PLAT. DE CAPTAÇÃO E PRODUÇÃO";"Obs. Crítica Canhões Seguidores MG2 (2027)";2026;"agosto";0
"PLAT. DE CAPTAÇÃO E PRODUÇÃO";"Obs. Crítica Canhões Seguidores MG2 (2027)";2026;"dezembro";0
"PLAT. DE CAPTAÇÃO E PRODUÇÃO";"Obs. Crítica Canhões Seguidores MG2 (2027)";2026;"fevereiro";0
"PLAT. DE CAPTAÇÃO E PRODUÇÃO";"Obs. Crítica Canhões Seguidores MG2 (2027)";2026;"janeiro";0
"PLAT. DE CAPTAÇÃO E PRODUÇÃO";"Obs. Crítica Canhões Seguidores MG2 (2027)";2026;"julho";0
"PLAT. DE CAPTAÇÃO E PRODUÇÃO";"Obs. Crítica Canhões Seguidores MG2 (2027)";2026;"junho";0
"PLAT. DE CAPTAÇÃO E PRODUÇÃO";"Obs. Crítica Canhões Seguidores MG2 (2027)";2026;"maio";0
"PLAT. DE CAPTAÇÃO E PRODUÇÃO";"Obs. Crítica Canhões Seguidores MG2 (2027)";2026;"março";0
"PLAT. DE CAPTAÇÃO E PRODUÇÃO";"Obs. Crítica Canhões Seguidores MG2 (2027)";2026;"novembro";0
"PLAT. DE CAPTAÇÃO E PRODUÇÃO";"Obs. Crítica Canhões Seguidores MG2 (2027)";2026;"outubro";0
"PLAT. DE CAPTAÇÃO E PRODUÇÃO";"Obs. Crítica Canhões Seguidores MG2 (2027)";2026;"setembro";0
"PLAT. DE CAPTAÇÃO E PRODUÇÃO";"Obs. Crítica Canhões Seguidores MG2 (2027)";2027;"fevereiro";0
"PLAT. DE CAPTAÇÃO E PRODUÇÃO";"Obs. Crítica Canhões Seguidores MG2 (2027)";2027;"janeiro";0
"PLAT. DE CAPTAÇÃO E PRODUÇÃO";"Obs. Crítica Canhões Seguidores MG2 (2027)";2027;"março";524900
"PLAT. DE CAPTAÇÃO E PRODUÇÃO";"Obs. Crítica Dramaturgia EG - Mattebox";2026;"abril";0
"PLAT. DE CAPTAÇÃO E PRODUÇÃO";"Obs. Crítica Dramaturgia EG - Mattebox";2026;"agosto";172572,48
"PLAT. DE CAPTAÇÃO E PRODUÇÃO";"Obs. Crítica Dramaturgia EG - Mattebox";2026;"dezembro";0
"PLAT. DE CAPTAÇÃO E PRODUÇÃO";"Obs. Crítica Dramaturgia EG - Mattebox";2026;"fevereiro";0
"PLAT. DE CAPTAÇÃO E PRODUÇÃO";"Obs. Crítica Dramaturgia EG - Mattebox";2026;"janeiro";0
"PLAT. DE CAPTAÇÃO E PRODUÇÃO";"Obs. Crítica Dramaturgia EG - Mattebox";2026;"julho";61025,819999999992
"PLAT. DE CAPTAÇÃO E PRODUÇÃO";"Obs. Crítica Dramaturgia EG - Mattebox";2026;"junho";0
"PLAT. DE CAPTAÇÃO E PRODUÇÃO";"Obs. Crítica Dramaturgia EG - Mattebox";2026;"maio";0
"PLAT. DE CAPTAÇÃO E PRODUÇÃO";"Obs. Crítica Dramaturgia EG - Mattebox";2026;"março";0
"PLAT. DE CAPTAÇÃO E PRODUÇÃO";"Obs. Crítica Dramaturgia EG - Mattebox";2026;"novembro";75182
"PLAT. DE CAPTAÇÃO E PRODUÇÃO";"Obs. Crítica Dramaturgia EG - Mattebox";2026;"outubro";0
"PLAT. DE CAPTAÇÃO E PRODUÇÃO";"Obs. Crítica Dramaturgia EG - Mattebox";2026;"setembro";245119,21
"PLAT. DE CAPTAÇÃO E PRODUÇÃO";"Obs. Crítica Dramaturgia EG - Mattebox";2027;"fevereiro";556100
"PLAT. DE CAPTAÇÃO E PRODUÇÃO";"Obs. Crítica Dramaturgia EG - Mattebox";2027;"janeiro";0
"PLAT. DE CAPTAÇÃO E PRODUÇÃO";"Obs. Crítica Dramaturgia EG - Mattebox";2027;"março";553900
"PLAT. DE CAPTAÇÃO E PRODUÇÃO";"Obs. Crítica Dramaturgia EG - Monitores UPP (TV Logic)";2026;"abril";0
"PLAT. DE CAPTAÇÃO E PRODUÇÃO";"Obs. Crítica Dramaturgia EG - Monitores UPP (TV Logic)";2026;"agosto";63304,14
"PLAT. DE CAPTAÇÃO E PRODUÇÃO";"Obs. Crítica Dramaturgia EG - Monitores UPP (TV Logic)";2026;"dezembro";0
"PLAT. DE CAPTAÇÃO E PRODUÇÃO";"Obs. Crítica Dramaturgia EG - Monitores UPP (TV Logic)";2026;"fevereiro";0
"PLAT. DE CAPTAÇÃO E PRODUÇÃO";"Obs. Crítica Dramaturgia EG - Monitores UPP (TV Logic)";2026;"janeiro";0
"PLAT. DE CAPTAÇÃO E PRODUÇÃO";"Obs. Crítica Dramaturgia EG - Monitores UPP (TV Logic)";2026;"julho";178409,88
"PLAT. DE CAPTAÇÃO E PRODUÇÃO";"Obs. Crítica Dramaturgia EG - Monitores UPP (TV Logic)";2026;"junho";124285,65
"PLAT. DE CAPTAÇÃO E PRODUÇÃO";"Obs. Crítica Dramaturgia EG - Monitores UPP (TV Logic)";2026;"maio";0
"PLAT. DE CAPTAÇÃO E PRODUÇÃO";"Obs. Crítica Dramaturgia EG - Monitores UPP (TV Logic)";2026;"março";0
"PLAT. DE CAPTAÇÃO E PRODUÇÃO";"Obs. Crítica Dramaturgia EG - Monitores UPP (TV Logic)";2026;"novembro";111499,8
"PLAT. DE CAPTAÇÃO E PRODUÇÃO";"Obs. Crítica Dramaturgia EG - Monitores UPP (TV Logic)";2026;"outubro";39937,06
"PLAT. DE CAPTAÇÃO E PRODUÇÃO";"Obs. Crítica Dramaturgia EG - Monitores UPP (TV Logic)";2026;"setembro";36463
"PLAT. DE CAPTAÇÃO E PRODUÇÃO";"Obs. Crítica Dramaturgia EG - Monitores UPP (TV Logic)";2027;"fevereiro";0
"PLAT. DE CAPTAÇÃO E PRODUÇÃO";"Obs. Crítica Dramaturgia EG - Monitores UPP (TV Logic)";2027;"janeiro";0
"PLAT. DE CAPTAÇÃO E PRODUÇÃO";"Obs. Crítica Dramaturgia EG - Monitores UPP (TV Logic)";2027;"março";0
"PLAT. DE CAPTAÇÃO E PRODUÇÃO";"Obs. Crítica Dramaturgia EG - Sistema de Mobilidade (Teradek)";2026;"abril";0
"PLAT. DE CAPTAÇÃO E PRODUÇÃO";"Obs. Crítica Dramaturgia EG - Sistema de Mobilidade (Teradek)";2026;"agosto";14650,6
"PLAT. DE CAPTAÇÃO E PRODUÇÃO";"Obs. Crítica Dramaturgia EG - Sistema de Mobilidade (Teradek)";2026;"dezembro";0
"PLAT. DE CAPTAÇÃO E PRODUÇÃO";"Obs. Crítica Dramaturgia EG - Sistema de Mobilidade (Teradek)";2026;"fevereiro";0
"PLAT. DE CAPTAÇÃO E PRODUÇÃO";"Obs. Crítica Dramaturgia EG - Sistema de Mobilidade (Teradek)";2026;"janeiro";0
"PLAT. DE CAPTAÇÃO E PRODUÇÃO";"Obs. Crítica Dramaturgia EG - Sistema de Mobilidade (Teradek)";2026;"julho";17496,92
"PLAT. DE CAPTAÇÃO E PRODUÇÃO";"Obs. Crítica Dramaturgia EG - Sistema de Mobilidade (Teradek)";2026;"junho";63929,189999999995
"PLAT. DE CAPTAÇÃO E PRODUÇÃO";"Obs. Crítica Dramaturgia EG - Sistema de Mobilidade (Teradek)";2026;"maio";0
"PLAT. DE CAPTAÇÃO E PRODUÇÃO";"Obs. Crítica Dramaturgia EG - Sistema de Mobilidade (Teradek)";2026;"março";0
"PLAT. DE CAPTAÇÃO E PRODUÇÃO";"Obs. Crítica Dramaturgia EG - Sistema de Mobilidade (Teradek)";2026;"novembro";875607,4
"PLAT. DE CAPTAÇÃO E PRODUÇÃO";"Obs. Crítica Dramaturgia EG - Sistema de Mobilidade (Teradek)";2026;"outubro";115111,5
"PLAT. DE CAPTAÇÃO E PRODUÇÃO";"Obs. Crítica Dramaturgia EG - Sistema de Mobilidade (Teradek)";2026;"setembro";21004,08
"PLAT. DE CAPTAÇÃO E PRODUÇÃO";"Obs. Crítica Dramaturgia EG - Sistema de Mobilidade (Teradek)";2027;"fevereiro";0
"PLAT. DE CAPTAÇÃO E PRODUÇÃO";"Obs. Crítica Dramaturgia EG - Sistema de Mobilidade (Teradek)";2027;"janeiro";0
"PLAT. DE CAPTAÇÃO E PRODUÇÃO";"Obs. Crítica Dramaturgia EG - Sistema de Mobilidade (Teradek)";2027;"março";0
"PLAT. DE CAPTAÇÃO E PRODUÇÃO";"Obs. Crítica Estúdios JB - Retrofit Grua Est-D";2026;"abril";0
"PLAT. DE CAPTAÇÃO E PRODUÇÃO";"Obs. Crítica Estúdios JB - Retrofit Grua Est-D";2026;"agosto";0
"PLAT. DE CAPTAÇÃO E PRODUÇÃO";"Obs. Crítica Estúdios JB - Retrofit Grua Est-D";2026;"dezembro";91872
"PLAT. DE CAPTAÇÃO E PRODUÇÃO";"Obs. Crítica Estúdios JB - Retrofit Grua Est-D";2026;"fevereiro";0
"PLAT. DE CAPTAÇÃO E PRODUÇÃO";"Obs. Crítica Estúdios JB - Retrofit Grua Est-D";2026;"janeiro";0
"PLAT. DE CAPTAÇÃO E PRODUÇÃO";"Obs. Crítica Estúdios JB - Retrofit Grua Est-D";2026;"julho";0
"PLAT. DE CAPTAÇÃO E PRODUÇÃO";"Obs. Crítica Estúdios JB - Retrofit Grua Est-D";2026;"junho";0
"PLAT. DE CAPTAÇÃO E PRODUÇÃO";"Obs. Crítica Estúdios JB - Retrofit Grua Est-D";2026;"maio";0
"PLAT. DE CAPTAÇÃO E PRODUÇÃO";"Obs. Crítica Estúdios JB - Retrofit Grua Est-D";2026;"março";0
"PLAT. DE CAPTAÇÃO E PRODUÇÃO";"Obs. Crítica Estúdios JB - Retrofit Grua Est-D";2026;"novembro";418528
"PLAT. DE CAPTAÇÃO E PRODUÇÃO";"Obs. Crítica Estúdios JB - Retrofit Grua Est-D";2026;"outubro";0
"PLAT. DE CAPTAÇÃO E PRODUÇÃO";"Obs. Crítica Estúdios JB - Retrofit Grua Est-D";2026;"setembro";0
"PLAT. DE CAPTAÇÃO E PRODUÇÃO";"Obs. Crítica Estúdios JB - Retrofit Grua Est-D";2027;"fevereiro";0
"PLAT. DE CAPTAÇÃO E PRODUÇÃO";"Obs. Crítica Estúdios JB - Retrofit Grua Est-D";2027;"janeiro";0
"PLAT. DE CAPTAÇÃO E PRODUÇÃO";"Obs. Crítica Estúdios JB - Retrofit Grua Est-D";2027;"março";510400
"PLAT. DE CAPTAÇÃO E PRODUÇÃO";"Obs. Crítica Refletores (MG1/MG4) Fase 2 (2026)";2026;"abril";0
"PLAT. DE CAPTAÇÃO E PRODUÇÃO";"Obs. Crítica Refletores (MG1/MG4) Fase 2 (2026)";2026;"agosto";0
"PLAT. DE CAPTAÇÃO E PRODUÇÃO";"Obs. Crítica Refletores (MG1/MG4) Fase 2 (2026)";2026;"dezembro";0
"PLAT. DE CAPTAÇÃO E PRODUÇÃO";"Obs. Crítica Refletores (MG1/MG4) Fase 2 (2026)";2026;"fevereiro";0
"PLAT. DE CAPTAÇÃO E PRODUÇÃO";"Obs. Crítica Refletores (MG1/MG4) Fase 2 (2026)";2026;"janeiro";0
"PLAT. DE CAPTAÇÃO E PRODUÇÃO";"Obs. Crítica Refletores (MG1/MG4) Fase 2 (2026)";2026;"julho";36522
"PLAT. DE CAPTAÇÃO E PRODUÇÃO";"Obs. Crítica Refletores (MG1/MG4) Fase 2 (2026)";2026;"junho";0
"PLAT. DE CAPTAÇÃO E PRODUÇÃO";"Obs. Crítica Refletores (MG1/MG4) Fase 2 (2026)";2026;"maio";4854
"PLAT. DE CAPTAÇÃO E PRODUÇÃO";"Obs. Crítica Refletores (MG1/MG4) Fase 2 (2026)";2026;"março";0
"PLAT. DE CAPTAÇÃO E PRODUÇÃO";"Obs. Crítica Refletores (MG1/MG4) Fase 2 (2026)";2026;"novembro";0
"PLAT. DE CAPTAÇÃO E PRODUÇÃO";"Obs. Crítica Refletores (MG1/MG4) Fase 2 (2026)";2026;"outubro";194996
"PLAT. DE CAPTAÇÃO E PRODUÇÃO";"Obs. Crítica Refletores (MG1/MG4) Fase 2 (2026)";2026;"setembro";1428
"PLAT. DE CAPTAÇÃO E PRODUÇÃO";"Obs. Crítica Refletores (MG1/MG4) Fase 2 (2026)";2027;"fevereiro";0
"PLAT. DE CAPTAÇÃO E PRODUÇÃO";"Obs. Crítica Refletores (MG1/MG4) Fase 2 (2026)";2027;"janeiro";0
"PLAT. DE CAPTAÇÃO E PRODUÇÃO";"Obs. Crítica Refletores (MG1/MG4) Fase 2 (2026)";2027;"março";0
"PLAT. DE CAPTAÇÃO E PRODUÇÃO";"Obs. Crítica Refletores (MG1/MG4) Fase 2 (2027)";2026;"abril";0
"PLAT. DE CAPTAÇÃO E PRODUÇÃO";"Obs. Crítica Refletores (MG1/MG4) Fase 2 (2027)";2026;"agosto";0
"PLAT. DE CAPTAÇÃO E PRODUÇÃO";"Obs. Crítica Refletores (MG1/MG4) Fase 2 (2027)";2026;"dezembro";0
"PLAT. DE CAPTAÇÃO E PRODUÇÃO";"Obs. Crítica Refletores (MG1/MG4) Fase 2 (2027)";2026;"fevereiro";0
"PLAT. DE CAPTAÇÃO E PRODUÇÃO";"Obs. Crítica Refletores (MG1/MG4) Fase 2 (2027)";2026;"janeiro";0
"PLAT. DE CAPTAÇÃO E PRODUÇÃO";"Obs. Crítica Refletores (MG1/MG4) Fase 2 (2027)";2026;"julho";0
"PLAT. DE CAPTAÇÃO E PRODUÇÃO";"Obs. Crítica Refletores (MG1/MG4) Fase 2 (2027)";2026;"junho";0
"PLAT. DE CAPTAÇÃO E PRODUÇÃO";"Obs. Crítica Refletores (MG1/MG4) Fase 2 (2027)";2026;"maio";0
"PLAT. DE CAPTAÇÃO E PRODUÇÃO";"Obs. Crítica Refletores (MG1/MG4) Fase 2 (2027)";2026;"março";0
"PLAT. DE CAPTAÇÃO E PRODUÇÃO";"Obs. Crítica Refletores (MG1/MG4) Fase 2 (2027)";2026;"novembro";0
"PLAT. DE CAPTAÇÃO E PRODUÇÃO";"Obs. Crítica Refletores (MG1/MG4) Fase 2 (2027)";2026;"outubro";0
"PLAT. DE CAPTAÇÃO E PRODUÇÃO";"Obs. Crítica Refletores (MG1/MG4) Fase 2 (2027)";2026;"setembro";0
"PLAT. DE CAPTAÇÃO E PRODUÇÃO";"Obs. Crítica Refletores (MG1/MG4) Fase 2 (2027)";2027;"fevereiro";0
"PLAT. DE CAPTAÇÃO E PRODUÇÃO";"Obs. Crítica Refletores (MG1/MG4) Fase 2 (2027)";2027;"janeiro";0
"PLAT. DE CAPTAÇÃO E PRODUÇÃO";"Obs. Crítica Refletores (MG1/MG4) Fase 2 (2027)";2027;"março";237800
"PLAT. DE CAPTAÇÃO E PRODUÇÃO";"Obs. Crítica Robôs ION";2026;"abril";0
"PLAT. DE CAPTAÇÃO E PRODUÇÃO";"Obs. Crítica Robôs ION";2026;"agosto";0
"PLAT. DE CAPTAÇÃO E PRODUÇÃO";"Obs. Crítica Robôs ION";2026;"dezembro";713400
"PLAT. DE CAPTAÇÃO E PRODUÇÃO";"Obs. Crítica Robôs ION";2026;"fevereiro";0
"PLAT. DE CAPTAÇÃO E PRODUÇÃO";"Obs. Crítica Robôs ION";2026;"janeiro";0
"PLAT. DE CAPTAÇÃO E PRODUÇÃO";"Obs. Crítica Robôs ION";2026;"julho";0
"PLAT. DE CAPTAÇÃO E PRODUÇÃO";"Obs. Crítica Robôs ION";2026;"junho";27810
"PLAT. DE CAPTAÇÃO E PRODUÇÃO";"Obs. Crítica Robôs ION";2026;"maio";0
"PLAT. DE CAPTAÇÃO E PRODUÇÃO";"Obs. Crítica Robôs ION";2026;"março";0
"PLAT. DE CAPTAÇÃO E PRODUÇÃO";"Obs. Crítica Robôs ION";2026;"novembro";0
"PLAT. DE CAPTAÇÃO E PRODUÇÃO";"Obs. Crítica Robôs ION";2026;"outubro";0
"PLAT. DE CAPTAÇÃO E PRODUÇÃO";"Obs. Crítica Robôs ION";2026;"setembro";128790
"PLAT. DE CAPTAÇÃO E PRODUÇÃO";"Obs. Crítica Robôs ION";2027;"fevereiro";0
"PLAT. DE CAPTAÇÃO E PRODUÇÃO";"Obs. Crítica Robôs ION";2027;"janeiro";0
"PLAT. DE CAPTAÇÃO E PRODUÇÃO";"Obs. Crítica Robôs ION";2027;"março";0
"PLAT. DE CAPTAÇÃO E PRODUÇÃO";"Obs. Crítica Sistema de Trânsito REC";2026;"abril";0
"PLAT. DE CAPTAÇÃO E PRODUÇÃO";"Obs. Crítica Sistema de Trânsito REC";2026;"agosto";0
"PLAT. DE CAPTAÇÃO E PRODUÇÃO";"Obs. Crítica Sistema de Trânsito REC";2026;"dezembro";20880
"PLAT. DE CAPTAÇÃO E PRODUÇÃO";"Obs. Crítica Sistema de Trânsito REC";2026;"fevereiro";0
"PLAT. DE CAPTAÇÃO E PRODUÇÃO";"Obs. Crítica Sistema de Trânsito REC";2026;"janeiro";0
"PLAT. DE CAPTAÇÃO E PRODUÇÃO";"Obs. Crítica Sistema de Trânsito REC";2026;"julho";0
"PLAT. DE CAPTAÇÃO E PRODUÇÃO";"Obs. Crítica Sistema de Trânsito REC";2026;"junho";0
"PLAT. DE CAPTAÇÃO E PRODUÇÃO";"Obs. Crítica Sistema de Trânsito REC";2026;"maio";0
"PLAT. DE CAPTAÇÃO E PRODUÇÃO";"Obs. Crítica Sistema de Trânsito REC";2026;"março";0
"PLAT. DE CAPTAÇÃO E PRODUÇÃO";"Obs. Crítica Sistema de Trânsito REC";2026;"novembro";95120
"PLAT. DE CAPTAÇÃO E PRODUÇÃO";"Obs. Crítica Sistema de Trânsito REC";2026;"outubro";0
"PLAT. DE CAPTAÇÃO E PRODUÇÃO";"Obs. Crítica Sistema de Trânsito REC";2026;"setembro";0
"PLAT. DE CAPTAÇÃO E PRODUÇÃO";"Obs. Crítica Sistema de Trânsito REC";2027;"fevereiro";0
"PLAT. DE CAPTAÇÃO E PRODUÇÃO";"Obs. Crítica Sistema de Trânsito REC";2027;"janeiro";0
"PLAT. DE CAPTAÇÃO E PRODUÇÃO";"Obs. Crítica Sistema de Trânsito REC";2027;"março";0
"PLAT. DE CAPTAÇÃO E PRODUÇÃO";"Obs. Crítica Sistema de Trânsito SP";2026;"abril";0
"PLAT. DE CAPTAÇÃO E PRODUÇÃO";"Obs. Crítica Sistema de Trânsito SP";2026;"agosto";0
"PLAT. DE CAPTAÇÃO E PRODUÇÃO";"Obs. Crítica Sistema de Trânsito SP";2026;"dezembro";0
"PLAT. DE CAPTAÇÃO E PRODUÇÃO";"Obs. Crítica Sistema de Trânsito SP";2026;"fevereiro";0
"PLAT. DE CAPTAÇÃO E PRODUÇÃO";"Obs. Crítica Sistema de Trânsito SP";2026;"janeiro";0
"PLAT. DE CAPTAÇÃO E PRODUÇÃO";"Obs. Crítica Sistema de Trânsito SP";2026;"julho";26478
"PLAT. DE CAPTAÇÃO E PRODUÇÃO";"Obs. Crítica Sistema de Trânsito SP";2026;"junho";0
"PLAT. DE CAPTAÇÃO E PRODUÇÃO";"Obs. Crítica Sistema de Trânsito SP";2026;"maio";0
"PLAT. DE CAPTAÇÃO E PRODUÇÃO";"Obs. Crítica Sistema de Trânsito SP";2026;"março";0
"PLAT. DE CAPTAÇÃO E PRODUÇÃO";"Obs. Crítica Sistema de Trânsito SP";2026;"novembro";212291
"PLAT. DE CAPTAÇÃO E PRODUÇÃO";"Obs. Crítica Sistema de Trânsito SP";2026;"outubro";0
"PLAT. DE CAPTAÇÃO E PRODUÇÃO";"Obs. Crítica Sistema de Trânsito SP";2026;"setembro";20122
"PLAT. DE CAPTAÇÃO E PRODUÇÃO";"Obs. Crítica Sistema de Trânsito SP";2027;"fevereiro";0
"PLAT. DE CAPTAÇÃO E PRODUÇÃO";"Obs. Crítica Sistema de Trânsito SP";2027;"janeiro";0
"PLAT. DE CAPTAÇÃO E PRODUÇÃO";"Obs. Crítica Sistema de Trânsito SP";2027;"março";0
"PLAT. DE CAPTAÇÃO E PRODUÇÃO";"Obs. Crítica TP BH";2026;"abril";0
"PLAT. DE CAPTAÇÃO E PRODUÇÃO";"Obs. Crítica TP BH";2026;"agosto";0
"PLAT. DE CAPTAÇÃO E PRODUÇÃO";"Obs. Crítica TP BH";2026;"dezembro";20880
"PLAT. DE CAPTAÇÃO E PRODUÇÃO";"Obs. Crítica TP BH";2026;"fevereiro";0
"PLAT. DE CAPTAÇÃO E PRODUÇÃO";"Obs. Crítica TP BH";2026;"janeiro";0
"PLAT. DE CAPTAÇÃO E PRODUÇÃO";"Obs. Crítica TP BH";2026;"julho";0
"PLAT. DE CAPTAÇÃO E PRODUÇÃO";"Obs. Crítica TP BH";2026;"junho";0
"PLAT. DE CAPTAÇÃO E PRODUÇÃO";"Obs. Crítica TP BH";2026;"maio";0
"PLAT. DE CAPTAÇÃO E PRODUÇÃO";"Obs. Crítica TP BH";2026;"março";0
"PLAT. DE CAPTAÇÃO E PRODUÇÃO";"Obs. Crítica TP BH";2026;"novembro";33679
"PLAT. DE CAPTAÇÃO E PRODUÇÃO";"Obs. Crítica TP BH";2026;"outubro";61441
"PLAT. DE CAPTAÇÃO E PRODUÇÃO";"Obs. Crítica TP BH";2026;"setembro";0
"PLAT. DE CAPTAÇÃO E PRODUÇÃO";"Obs. Crítica TP BH";2027;"fevereiro";0
"PLAT. DE CAPTAÇÃO E PRODUÇÃO";"Obs. Crítica TP BH";2027;"janeiro";0
"PLAT. DE CAPTAÇÃO E PRODUÇÃO";"Obs. Crítica TP BH";2027;"março";0
"PLAT. DE CAPTAÇÃO E PRODUÇÃO";"Obs. Crítica Tripes EG";2026;"abril";0
"PLAT. DE CAPTAÇÃO E PRODUÇÃO";"Obs. Crítica Tripes EG";2026;"agosto";73147,72
"PLAT. DE CAPTAÇÃO E PRODUÇÃO";"Obs. Crítica Tripes EG";2026;"dezembro";239350,28
"PLAT. DE CAPTAÇÃO E PRODUÇÃO";"Obs. Crítica Tripes EG";2026;"fevereiro";0
"PLAT. DE CAPTAÇÃO E PRODUÇÃO";"Obs. Crítica Tripes EG";2026;"janeiro";0
"PLAT. DE CAPTAÇÃO E PRODUÇÃO";"Obs. Crítica Tripes EG";2026;"julho";0
"PLAT. DE CAPTAÇÃO E PRODUÇÃO";"Obs. Crítica Tripes EG";2026;"junho";0
"PLAT. DE CAPTAÇÃO E PRODUÇÃO";"Obs. Crítica Tripes EG";2026;"maio";0
"PLAT. DE CAPTAÇÃO E PRODUÇÃO";"Obs. Crítica Tripes EG";2026;"março";0
"PLAT. DE CAPTAÇÃO E PRODUÇÃO";"Obs. Crítica Tripes EG";2026;"novembro";282640
"PLAT. DE CAPTAÇÃO E PRODUÇÃO";"Obs. Crítica Tripes EG";2026;"outubro";1129009,72
"PLAT. DE CAPTAÇÃO E PRODUÇÃO";"Obs. Crítica Tripes EG";2026;"setembro";406852,28
"PLAT. DE CAPTAÇÃO E PRODUÇÃO";"Obs. Crítica Tripes EG";2027;"fevereiro";0
"PLAT. DE CAPTAÇÃO E PRODUÇÃO";"Obs. Crítica Tripes EG";2027;"janeiro";0
"PLAT. DE CAPTAÇÃO E PRODUÇÃO";"Obs. Crítica Tripes EG";2027;"março";1109500
"PLAT. DE CAPTAÇÃO E PRODUÇÃO";"Obsolescência - Microfone Sem fio e Paineis de Comunicação";2026;"abril";3766,4
"PLAT. DE CAPTAÇÃO E PRODUÇÃO";"Obsolescência - Microfone Sem fio e Paineis de Comunicação";2026;"agosto";60861,2
"PLAT. DE CAPTAÇÃO E PRODUÇÃO";"Obsolescência - Microfone Sem fio e Paineis de Comunicação";2026;"dezembro";476519
"PLAT. DE CAPTAÇÃO E PRODUÇÃO";"Obsolescência - Microfone Sem fio e Paineis de Comunicação";2026;"fevereiro";1585,36
"PLAT. DE CAPTAÇÃO E PRODUÇÃO";"Obsolescência - Microfone Sem fio e Paineis de Comunicação";2026;"janeiro";95237,83
"PLAT. DE CAPTAÇÃO E PRODUÇÃO";"Obsolescência - Microfone Sem fio e Paineis de Comunicação";2026;"julho";61263,64
"PLAT. DE CAPTAÇÃO E PRODUÇÃO";"Obsolescência - Microfone Sem fio e Paineis de Comunicação";2026;"junho";0
"PLAT. DE CAPTAÇÃO E PRODUÇÃO";"Obsolescência - Microfone Sem fio e Paineis de Comunicação";2026;"maio";0
"PLAT. DE CAPTAÇÃO E PRODUÇÃO";"Obsolescência - Microfone Sem fio e Paineis de Comunicação";2026;"março";21661
"PLAT. DE CAPTAÇÃO E PRODUÇÃO";"Obsolescência - Microfone Sem fio e Paineis de Comunicação";2026;"novembro";993601
"PLAT. DE CAPTAÇÃO E PRODUÇÃO";"Obsolescência - Microfone Sem fio e Paineis de Comunicação";2026;"outubro";491620,8
"PLAT. DE CAPTAÇÃO E PRODUÇÃO";"Obsolescência - Microfone Sem fio e Paineis de Comunicação";2026;"setembro";3506,51
"PLAT. DE CAPTAÇÃO E PRODUÇÃO";"Obsolescência - Microfone Sem fio e Paineis de Comunicação";2027;"fevereiro";0
"PLAT. DE CAPTAÇÃO E PRODUÇÃO";"Obsolescência - Microfone Sem fio e Paineis de Comunicação";2027;"janeiro";0
"PLAT. DE CAPTAÇÃO E PRODUÇÃO";"Obsolescência - Microfone Sem fio e Paineis de Comunicação";2027;"março";0
"PLAT. DE CAPTAÇÃO E PRODUÇÃO";"Obsolescencia - Mixer Fantastico";2026;"abril";0
"PLAT. DE CAPTAÇÃO E PRODUÇÃO";"Obsolescencia - Mixer Fantastico";2026;"agosto";0
"PLAT. DE CAPTAÇÃO E PRODUÇÃO";"Obsolescencia - Mixer Fantastico";2026;"dezembro";0
"PLAT. DE CAPTAÇÃO E PRODUÇÃO";"Obsolescencia - Mixer Fantastico";2026;"fevereiro";0
"PLAT. DE CAPTAÇÃO E PRODUÇÃO";"Obsolescencia - Mixer Fantastico";2026;"janeiro";0
"PLAT. DE CAPTAÇÃO E PRODUÇÃO";"Obsolescencia - Mixer Fantastico";2026;"julho";0
"PLAT. DE CAPTAÇÃO E PRODUÇÃO";"Obsolescencia - Mixer Fantastico";2026;"junho";0
"PLAT. DE CAPTAÇÃO E PRODUÇÃO";"Obsolescencia - Mixer Fantastico";2026;"maio";70700,86
"PLAT. DE CAPTAÇÃO E PRODUÇÃO";"Obsolescencia - Mixer Fantastico";2026;"março";0
"PLAT. DE CAPTAÇÃO E PRODUÇÃO";"Obsolescencia - Mixer Fantastico";2026;"novembro";0
"PLAT. DE CAPTAÇÃO E PRODUÇÃO";"Obsolescencia - Mixer Fantastico";2026;"outubro";0
"PLAT. DE CAPTAÇÃO E PRODUÇÃO";"Obsolescencia - Mixer Fantastico";2026;"setembro";32299,64
"PLAT. DE CAPTAÇÃO E PRODUÇÃO";"Obsolescencia - Mixer Fantastico";2027;"fevereiro";0
"PLAT. DE CAPTAÇÃO E PRODUÇÃO";"Obsolescencia - Mixer Fantastico";2027;"janeiro";0
"PLAT. DE CAPTAÇÃO E PRODUÇÃO";"Obsolescencia - Mixer Fantastico";2027;"março";0
"PLAT. DE CAPTAÇÃO E PRODUÇÃO";"Obsolescência - Roadmap de Câmeras 2024";2026;"abril";27526,71
"PLAT. DE CAPTAÇÃO E PRODUÇÃO";"Obsolescência - Roadmap de Câmeras 2024";2026;"agosto";2280
"PLAT. DE CAPTAÇÃO E PRODUÇÃO";"Obsolescência - Roadmap de Câmeras 2024";2026;"dezembro";0
"PLAT. DE CAPTAÇÃO E PRODUÇÃO";"Obsolescência - Roadmap de Câmeras 2024";2026;"fevereiro";0
"PLAT. DE CAPTAÇÃO E PRODUÇÃO";"Obsolescência - Roadmap de Câmeras 2024";2026;"janeiro";0
"PLAT. DE CAPTAÇÃO E PRODUÇÃO";"Obsolescência - Roadmap de Câmeras 2024";2026;"julho";36405
"PLAT. DE CAPTAÇÃO E PRODUÇÃO";"Obsolescência - Roadmap de Câmeras 2024";2026;"junho";14706,67
"PLAT. DE CAPTAÇÃO E PRODUÇÃO";"Obsolescência - Roadmap de Câmeras 2024";2026;"maio";301,29
"PLAT. DE CAPTAÇÃO E PRODUÇÃO";"Obsolescência - Roadmap de Câmeras 2024";2026;"março";82855,36
"PLAT. DE CAPTAÇÃO E PRODUÇÃO";"Obsolescência - Roadmap de Câmeras 2024";2026;"novembro";2907
"PLAT. DE CAPTAÇÃO E PRODUÇÃO";"Obsolescência - Roadmap de Câmeras 2024";2026;"outubro";20007,92
"PLAT. DE CAPTAÇÃO E PRODUÇÃO";"Obsolescência - Roadmap de Câmeras 2024";2026;"setembro";0
"PLAT. DE CAPTAÇÃO E PRODUÇÃO";"Obsolescência - Roadmap de Câmeras 2024";2027;"fevereiro";0
"PLAT. DE CAPTAÇÃO E PRODUÇÃO";"Obsolescência - Roadmap de Câmeras 2024";2027;"janeiro";0
"PLAT. DE CAPTAÇÃO E PRODUÇÃO";"Obsolescência - Roadmap de Câmeras 2024";2027;"março";0
"PLAT. DE CAPTAÇÃO E PRODUÇÃO";"Obsolescência - Tally";2026;"abril";0
"PLAT. DE CAPTAÇÃO E PRODUÇÃO";"Obsolescência - Tally";2026;"agosto";0
"PLAT. DE CAPTAÇÃO E PRODUÇÃO";"Obsolescência - Tally";2026;"dezembro";0
"PLAT. DE CAPTAÇÃO E PRODUÇÃO";"Obsolescência - Tally";2026;"fevereiro";0
"PLAT. DE CAPTAÇÃO E PRODUÇÃO";"Obsolescência - Tally";2026;"janeiro";0
"PLAT. DE CAPTAÇÃO E PRODUÇÃO";"Obsolescência - Tally";2026;"julho";0
"PLAT. DE CAPTAÇÃO E PRODUÇÃO";"Obsolescência - Tally";2026;"junho";0
"PLAT. DE CAPTAÇÃO E PRODUÇÃO";"Obsolescência - Tally";2026;"maio";0
"PLAT. DE CAPTAÇÃO E PRODUÇÃO";"Obsolescência - Tally";2026;"março";0
"PLAT. DE CAPTAÇÃO E PRODUÇÃO";"Obsolescência - Tally";2026;"novembro";0
"PLAT. DE CAPTAÇÃO E PRODUÇÃO";"Obsolescência - Tally";2026;"outubro";0
"PLAT. DE CAPTAÇÃO E PRODUÇÃO";"Obsolescência - Tally";2026;"setembro";0
"PLAT. DE CAPTAÇÃO E PRODUÇÃO";"Obsolescência - Tally";2027;"fevereiro";0
"PLAT. DE CAPTAÇÃO E PRODUÇÃO";"Obsolescência - Tally";2027;"janeiro";0
"PLAT. DE CAPTAÇÃO E PRODUÇÃO";"Obsolescência - Tally";2027;"março";0
"PLAT. DE CAPTAÇÃO E PRODUÇÃO";"Obsolescência Crítica kits microfone";2026;"abril";0
"PLAT. DE CAPTAÇÃO E PRODUÇÃO";"Obsolescência Crítica kits microfone";2026;"agosto";57890,05
"PLAT. DE CAPTAÇÃO E PRODUÇÃO";"Obsolescência Crítica kits microfone";2026;"dezembro";23351
"PLAT. DE CAPTAÇÃO E PRODUÇÃO";"Obsolescência Crítica kits microfone";2026;"fevereiro";2905,22
"PLAT. DE CAPTAÇÃO E PRODUÇÃO";"Obsolescência Crítica kits microfone";2026;"janeiro";118029,21
"PLAT. DE CAPTAÇÃO E PRODUÇÃO";"Obsolescência Crítica kits microfone";2026;"julho";120470,86
"PLAT. DE CAPTAÇÃO E PRODUÇÃO";"Obsolescência Crítica kits microfone";2026;"junho";0
"PLAT. DE CAPTAÇÃO E PRODUÇÃO";"Obsolescência Crítica kits microfone";2026;"maio";23741,17
"PLAT. DE CAPTAÇÃO E PRODUÇÃO";"Obsolescência Crítica kits microfone";2026;"março";4260
"PLAT. DE CAPTAÇÃO E PRODUÇÃO";"Obsolescência Crítica kits microfone";2026;"novembro";0
"PLAT. DE CAPTAÇÃO E PRODUÇÃO";"Obsolescência Crítica kits microfone";2026;"outubro";0
"PLAT. DE CAPTAÇÃO E PRODUÇÃO";"Obsolescência Crítica kits microfone";2026;"setembro";33452
"PLAT. DE CAPTAÇÃO E PRODUÇÃO";"Obsolescência Crítica kits microfone";2027;"fevereiro";0
"PLAT. DE CAPTAÇÃO E PRODUÇÃO";"Obsolescência Crítica kits microfone";2027;"janeiro";0
"PLAT. DE CAPTAÇÃO E PRODUÇÃO";"Obsolescência Crítica kits microfone";2027;"março";0
"PLAT. DE CAPTAÇÃO E PRODUÇÃO";"Obsolescência Crítica Sist. Áudio - JB, SP e MG-2";2026;"abril";0
"PLAT. DE CAPTAÇÃO E PRODUÇÃO";"Obsolescência Crítica Sist. Áudio - JB, SP e MG-2";2026;"agosto";0
"PLAT. DE CAPTAÇÃO E PRODUÇÃO";"Obsolescência Crítica Sist. Áudio - JB, SP e MG-2";2026;"dezembro";853,69
"PLAT. DE CAPTAÇÃO E PRODUÇÃO";"Obsolescência Crítica Sist. Áudio - JB, SP e MG-2";2026;"fevereiro";5030,57
"PLAT. DE CAPTAÇÃO E PRODUÇÃO";"Obsolescência Crítica Sist. Áudio - JB, SP e MG-2";2026;"janeiro";54862,92
"PLAT. DE CAPTAÇÃO E PRODUÇÃO";"Obsolescência Crítica Sist. Áudio - JB, SP e MG-2";2026;"julho";0
"PLAT. DE CAPTAÇÃO E PRODUÇÃO";"Obsolescência Crítica Sist. Áudio - JB, SP e MG-2";2026;"junho";0
"PLAT. DE CAPTAÇÃO E PRODUÇÃO";"Obsolescência Crítica Sist. Áudio - JB, SP e MG-2";2026;"maio";0
"PLAT. DE CAPTAÇÃO E PRODUÇÃO";"Obsolescência Crítica Sist. Áudio - JB, SP e MG-2";2026;"março";0
"PLAT. DE CAPTAÇÃO E PRODUÇÃO";"Obsolescência Crítica Sist. Áudio - JB, SP e MG-2";2026;"novembro";60230,33
"PLAT. DE CAPTAÇÃO E PRODUÇÃO";"Obsolescência Crítica Sist. Áudio - JB, SP e MG-2";2026;"outubro";0
"PLAT. DE CAPTAÇÃO E PRODUÇÃO";"Obsolescência Crítica Sist. Áudio - JB, SP e MG-2";2026;"setembro";0
"PLAT. DE CAPTAÇÃO E PRODUÇÃO";"Obsolescência Crítica Sist. Áudio - JB, SP e MG-2";2027;"fevereiro";0
"PLAT. DE CAPTAÇÃO E PRODUÇÃO";"Obsolescência Crítica Sist. Áudio - JB, SP e MG-2";2027;"janeiro";0
"PLAT. DE CAPTAÇÃO E PRODUÇÃO";"Obsolescência Crítica Sist. Áudio - JB, SP e MG-2";2027;"março";0
"PLAT. DE CAPTAÇÃO E PRODUÇÃO";"Obsolescencia Gravadores Multipista MG1";2026;"abril";0
"PLAT. DE CAPTAÇÃO E PRODUÇÃO";"Obsolescencia Gravadores Multipista MG1";2026;"agosto";0
"PLAT. DE CAPTAÇÃO E PRODUÇÃO";"Obsolescencia Gravadores Multipista MG1";2026;"dezembro";8939,58
"PLAT. DE CAPTAÇÃO E PRODUÇÃO";"Obsolescencia Gravadores Multipista MG1";2026;"fevereiro";0
"PLAT. DE CAPTAÇÃO E PRODUÇÃO";"Obsolescencia Gravadores Multipista MG1";2026;"janeiro";0
"PLAT. DE CAPTAÇÃO E PRODUÇÃO";"Obsolescencia Gravadores Multipista MG1";2026;"julho";31000
"PLAT. DE CAPTAÇÃO E PRODUÇÃO";"Obsolescencia Gravadores Multipista MG1";2026;"junho";7954,3
"PLAT. DE CAPTAÇÃO E PRODUÇÃO";"Obsolescencia Gravadores Multipista MG1";2026;"maio";0
"PLAT. DE CAPTAÇÃO E PRODUÇÃO";"Obsolescencia Gravadores Multipista MG1";2026;"março";0
"PLAT. DE CAPTAÇÃO E PRODUÇÃO";"Obsolescencia Gravadores Multipista MG1";2026;"novembro";81559
"PLAT. DE CAPTAÇÃO E PRODUÇÃO";"Obsolescencia Gravadores Multipista MG1";2026;"outubro";2555,42
"PLAT. DE CAPTAÇÃO E PRODUÇÃO";"Obsolescencia Gravadores Multipista MG1";2026;"setembro";0
"PLAT. DE CAPTAÇÃO E PRODUÇÃO";"Obsolescencia Gravadores Multipista MG1";2027;"fevereiro";0
"PLAT. DE CAPTAÇÃO E PRODUÇÃO";"Obsolescencia Gravadores Multipista MG1";2027;"janeiro";0
"PLAT. DE CAPTAÇÃO E PRODUÇÃO";"Obsolescencia Gravadores Multipista MG1";2027;"março";677440
"PLAT. DE CAPTAÇÃO E PRODUÇÃO";"Obsolescencia Gravadores Multipista MG4";2026;"abril";0
"PLAT. DE CAPTAÇÃO E PRODUÇÃO";"Obsolescencia Gravadores Multipista MG4";2026;"agosto";0
"PLAT. DE CAPTAÇÃO E PRODUÇÃO";"Obsolescencia Gravadores Multipista MG4";2026;"dezembro";0
"PLAT. DE CAPTAÇÃO E PRODUÇÃO";"Obsolescencia Gravadores Multipista MG4";2026;"fevereiro";0
"PLAT. DE CAPTAÇÃO E PRODUÇÃO";"Obsolescencia Gravadores Multipista MG4";2026;"janeiro";0
"PLAT. DE CAPTAÇÃO E PRODUÇÃO";"Obsolescencia Gravadores Multipista MG4";2026;"julho";0
"PLAT. DE CAPTAÇÃO E PRODUÇÃO";"Obsolescencia Gravadores Multipista MG4";2026;"junho";0
"PLAT. DE CAPTAÇÃO E PRODUÇÃO";"Obsolescencia Gravadores Multipista MG4";2026;"maio";0
"PLAT. DE CAPTAÇÃO E PRODUÇÃO";"Obsolescencia Gravadores Multipista MG4";2026;"março";0
"PLAT. DE CAPTAÇÃO E PRODUÇÃO";"Obsolescencia Gravadores Multipista MG4";2026;"novembro";0
"PLAT. DE CAPTAÇÃO E PRODUÇÃO";"Obsolescencia Gravadores Multipista MG4";2026;"outubro";0
"PLAT. DE CAPTAÇÃO E PRODUÇÃO";"Obsolescencia Gravadores Multipista MG4";2026;"setembro";0
"PLAT. DE CAPTAÇÃO E PRODUÇÃO";"Obsolescencia Gravadores Multipista MG4";2027;"fevereiro";0
"PLAT. DE CAPTAÇÃO E PRODUÇÃO";"Obsolescencia Gravadores Multipista MG4";2027;"janeiro";0
"PLAT. DE CAPTAÇÃO E PRODUÇÃO";"Obsolescencia Gravadores Multipista MG4";2027;"março";820700
"PLAT. DE CAPTAÇÃO E PRODUÇÃO";"Obsolescência Instant Replay JB e ION";2026;"abril";0
"PLAT. DE CAPTAÇÃO E PRODUÇÃO";"Obsolescência Instant Replay JB e ION";2026;"agosto";0
"PLAT. DE CAPTAÇÃO E PRODUÇÃO";"Obsolescência Instant Replay JB e ION";2026;"dezembro";0
"PLAT. DE CAPTAÇÃO E PRODUÇÃO";"Obsolescência Instant Replay JB e ION";2026;"fevereiro";0
"PLAT. DE CAPTAÇÃO E PRODUÇÃO";"Obsolescência Instant Replay JB e ION";2026;"janeiro";0
"PLAT. DE CAPTAÇÃO E PRODUÇÃO";"Obsolescência Instant Replay JB e ION";2026;"julho";0
"PLAT. DE CAPTAÇÃO E PRODUÇÃO";"Obsolescência Instant Replay JB e ION";2026;"junho";0
"PLAT. DE CAPTAÇÃO E PRODUÇÃO";"Obsolescência Instant Replay JB e ION";2026;"maio";0
"PLAT. DE CAPTAÇÃO E PRODUÇÃO";"Obsolescência Instant Replay JB e ION";2026;"março";0
"PLAT. DE CAPTAÇÃO E PRODUÇÃO";"Obsolescência Instant Replay JB e ION";2026;"novembro";0
"PLAT. DE CAPTAÇÃO E PRODUÇÃO";"Obsolescência Instant Replay JB e ION";2026;"outubro";0
"PLAT. DE CAPTAÇÃO E PRODUÇÃO";"Obsolescência Instant Replay JB e ION";2026;"setembro";0
"PLAT. DE CAPTAÇÃO E PRODUÇÃO";"Obsolescência Instant Replay JB e ION";2027;"fevereiro";0
"PLAT. DE CAPTAÇÃO E PRODUÇÃO";"Obsolescência Instant Replay JB e ION";2027;"janeiro";0
"PLAT. DE CAPTAÇÃO E PRODUÇÃO";"Obsolescência Instant Replay JB e ION";2027;"março";0
"PLAT. DE CAPTAÇÃO E PRODUÇÃO";"Obsolescência Kits TP BH, DF, REC E ION";2026;"abril";0
"PLAT. DE CAPTAÇÃO E PRODUÇÃO";"Obsolescência Kits TP BH, DF, REC E ION";2026;"agosto";0
"PLAT. DE CAPTAÇÃO E PRODUÇÃO";"Obsolescência Kits TP BH, DF, REC E ION";2026;"dezembro";0
"PLAT. DE CAPTAÇÃO E PRODUÇÃO";"Obsolescência Kits TP BH, DF, REC E ION";2026;"fevereiro";377,17
"PLAT. DE CAPTAÇÃO E PRODUÇÃO";"Obsolescência Kits TP BH, DF, REC E ION";2026;"janeiro";0
"PLAT. DE CAPTAÇÃO E PRODUÇÃO";"Obsolescência Kits TP BH, DF, REC E ION";2026;"julho";94228,31
"PLAT. DE CAPTAÇÃO E PRODUÇÃO";"Obsolescência Kits TP BH, DF, REC E ION";2026;"junho";0
"PLAT. DE CAPTAÇÃO E PRODUÇÃO";"Obsolescência Kits TP BH, DF, REC E ION";2026;"maio";0
"PLAT. DE CAPTAÇÃO E PRODUÇÃO";"Obsolescência Kits TP BH, DF, REC E ION";2026;"março";627,75
"PLAT. DE CAPTAÇÃO E PRODUÇÃO";"Obsolescência Kits TP BH, DF, REC E ION";2026;"novembro";111407
"PLAT. DE CAPTAÇÃO E PRODUÇÃO";"Obsolescência Kits TP BH, DF, REC E ION";2026;"outubro";326058
"PLAT. DE CAPTAÇÃO E PRODUÇÃO";"Obsolescência Kits TP BH, DF, REC E ION";2026;"setembro";0
"PLAT. DE CAPTAÇÃO E PRODUÇÃO";"Obsolescência Kits TP BH, DF, REC E ION";2027;"fevereiro";0
"PLAT. DE CAPTAÇÃO E PRODUÇÃO";"Obsolescência Kits TP BH, DF, REC E ION";2027;"janeiro";0
"PLAT. DE CAPTAÇÃO E PRODUÇÃO";"Obsolescência Kits TP BH, DF, REC E ION";2027;"março";0
"PLAT. DE CAPTAÇÃO E PRODUÇÃO";"Obsolescência Microfones - Fantástico";2026;"abril";0
"PLAT. DE CAPTAÇÃO E PRODUÇÃO";"Obsolescência Microfones - Fantástico";2026;"agosto";0
"PLAT. DE CAPTAÇÃO E PRODUÇÃO";"Obsolescência Microfones - Fantástico";2026;"dezembro";89809,79
"PLAT. DE CAPTAÇÃO E PRODUÇÃO";"Obsolescência Microfones - Fantástico";2026;"fevereiro";0
"PLAT. DE CAPTAÇÃO E PRODUÇÃO";"Obsolescência Microfones - Fantástico";2026;"janeiro";0
"PLAT. DE CAPTAÇÃO E PRODUÇÃO";"Obsolescência Microfones - Fantástico";2026;"julho";0
"PLAT. DE CAPTAÇÃO E PRODUÇÃO";"Obsolescência Microfones - Fantástico";2026;"junho";0
"PLAT. DE CAPTAÇÃO E PRODUÇÃO";"Obsolescência Microfones - Fantástico";2026;"maio";0
"PLAT. DE CAPTAÇÃO E PRODUÇÃO";"Obsolescência Microfones - Fantástico";2026;"março";0
"PLAT. DE CAPTAÇÃO E PRODUÇÃO";"Obsolescência Microfones - Fantástico";2026;"novembro";32388,21
"PLAT. DE CAPTAÇÃO E PRODUÇÃO";"Obsolescência Microfones - Fantástico";2026;"outubro";0
"PLAT. DE CAPTAÇÃO E PRODUÇÃO";"Obsolescência Microfones - Fantástico";2026;"setembro";10801,56
"PLAT. DE CAPTAÇÃO E PRODUÇÃO";"Obsolescência Microfones - Fantástico";2027;"fevereiro";0
"PLAT. DE CAPTAÇÃO E PRODUÇÃO";"Obsolescência Microfones - Fantástico";2027;"janeiro";0
"PLAT. DE CAPTAÇÃO E PRODUÇÃO";"Obsolescência Microfones - Fantástico";2027;"março";593534
"PLAT. DE CAPTAÇÃO E PRODUÇÃO";"Obsolescência Microfones - MG1";2026;"abril";0
"PLAT. DE CAPTAÇÃO E PRODUÇÃO";"Obsolescência Microfones - MG1";2026;"agosto";0
"PLAT. DE CAPTAÇÃO E PRODUÇÃO";"Obsolescência Microfones - MG1";2026;"dezembro";13297,65
"PLAT. DE CAPTAÇÃO E PRODUÇÃO";"Obsolescência Microfones - MG1";2026;"fevereiro";0
"PLAT. DE CAPTAÇÃO E PRODUÇÃO";"Obsolescência Microfones - MG1";2026;"janeiro";0
"PLAT. DE CAPTAÇÃO E PRODUÇÃO";"Obsolescência Microfones - MG1";2026;"julho";0
"PLAT. DE CAPTAÇÃO E PRODUÇÃO";"Obsolescência Microfones - MG1";2026;"junho";0
"PLAT. DE CAPTAÇÃO E PRODUÇÃO";"Obsolescência Microfones - MG1";2026;"maio";0
"PLAT. DE CAPTAÇÃO E PRODUÇÃO";"Obsolescência Microfones - MG1";2026;"março";0
"PLAT. DE CAPTAÇÃO E PRODUÇÃO";"Obsolescência Microfones - MG1";2026;"novembro";43834
"PLAT. DE CAPTAÇÃO E PRODUÇÃO";"Obsolescência Microfones - MG1";2026;"outubro";25308,35
"PLAT. DE CAPTAÇÃO E PRODUÇÃO";"Obsolescência Microfones - MG1";2026;"setembro";0
"PLAT. DE CAPTAÇÃO E PRODUÇÃO";"Obsolescência Microfones - MG1";2027;"fevereiro";0
"PLAT. DE CAPTAÇÃO E PRODUÇÃO";"Obsolescência Microfones - MG1";2027;"janeiro";0
"PLAT. DE CAPTAÇÃO E PRODUÇÃO";"Obsolescência Microfones - MG1";2027;"março";0
"PLAT. DE CAPTAÇÃO E PRODUÇÃO";"Obsolescência Microfones - PRJ";2026;"abril";0
"PLAT. DE CAPTAÇÃO E PRODUÇÃO";"Obsolescência Microfones - PRJ";2026;"agosto";27913,84
"PLAT. DE CAPTAÇÃO E PRODUÇÃO";"Obsolescência Microfones - PRJ";2026;"dezembro";162948
"PLAT. DE CAPTAÇÃO E PRODUÇÃO";"Obsolescência Microfones - PRJ";2026;"fevereiro";0
"PLAT. DE CAPTAÇÃO E PRODUÇÃO";"Obsolescência Microfones - PRJ";2026;"janeiro";0
"PLAT. DE CAPTAÇÃO E PRODUÇÃO";"Obsolescência Microfones - PRJ";2026;"julho";78717,73
"PLAT. DE CAPTAÇÃO E PRODUÇÃO";"Obsolescência Microfones - PRJ";2026;"junho";0
"PLAT. DE CAPTAÇÃO E PRODUÇÃO";"Obsolescência Microfones - PRJ";2026;"maio";1060,74
"PLAT. DE CAPTAÇÃO E PRODUÇÃO";"Obsolescência Microfones - PRJ";2026;"março";0
"PLAT. DE CAPTAÇÃO E PRODUÇÃO";"Obsolescência Microfones - PRJ";2026;"novembro";210086,16
"PLAT. DE CAPTAÇÃO E PRODUÇÃO";"Obsolescência Microfones - PRJ";2026;"outubro";0
"PLAT. DE CAPTAÇÃO E PRODUÇÃO";"Obsolescência Microfones - PRJ";2026;"setembro";0
"PLAT. DE CAPTAÇÃO E PRODUÇÃO";"Obsolescência Microfones - PRJ";2027;"fevereiro";0
"PLAT. DE CAPTAÇÃO E PRODUÇÃO";"Obsolescência Microfones - PRJ";2027;"janeiro";0
"PLAT. DE CAPTAÇÃO E PRODUÇÃO";"Obsolescência Microfones - PRJ";2027;"março";0
"PLAT. DE CAPTAÇÃO E PRODUÇÃO";"Obsolescência UPPs Dramaturgia (2023)";2026;"abril";0
"PLAT. DE CAPTAÇÃO E PRODUÇÃO";"Obsolescência UPPs Dramaturgia (2023)";2026;"agosto";0
"PLAT. DE CAPTAÇÃO E PRODUÇÃO";"Obsolescência UPPs Dramaturgia (2023)";2026;"dezembro";0
"PLAT. DE CAPTAÇÃO E PRODUÇÃO";"Obsolescência UPPs Dramaturgia (2023)";2026;"fevereiro";0
"PLAT. DE CAPTAÇÃO E PRODUÇÃO";"Obsolescência UPPs Dramaturgia (2023)";2026;"janeiro";0
"PLAT. DE CAPTAÇÃO E PRODUÇÃO";"Obsolescência UPPs Dramaturgia (2023)";2026;"julho";0
"PLAT. DE CAPTAÇÃO E PRODUÇÃO";"Obsolescência UPPs Dramaturgia (2023)";2026;"junho";450
"PLAT. DE CAPTAÇÃO E PRODUÇÃO";"Obsolescência UPPs Dramaturgia (2023)";2026;"maio";0
"PLAT. DE CAPTAÇÃO E PRODUÇÃO";"Obsolescência UPPs Dramaturgia (2023)";2026;"março";0
"PLAT. DE CAPTAÇÃO E PRODUÇÃO";"Obsolescência UPPs Dramaturgia (2023)";2026;"novembro";0
"PLAT. DE CAPTAÇÃO E PRODUÇÃO";"Obsolescência UPPs Dramaturgia (2023)";2026;"outubro";0
"PLAT. DE CAPTAÇÃO E PRODUÇÃO";"Obsolescência UPPs Dramaturgia (2023)";2026;"setembro";-450
"PLAT. DE CAPTAÇÃO E PRODUÇÃO";"Obsolescência UPPs Dramaturgia (2023)";2027;"fevereiro";0
"PLAT. DE CAPTAÇÃO E PRODUÇÃO";"Obsolescência UPPs Dramaturgia (2023)";2027;"janeiro";0
"PLAT. DE CAPTAÇÃO E PRODUÇÃO";"Obsolescência UPPs Dramaturgia (2023)";2027;"março";0
"PLAT. DE CAPTAÇÃO E PRODUÇÃO";"Operação Remota BSA x JB";2026;"abril";0
"PLAT. DE CAPTAÇÃO E PRODUÇÃO";"Operação Remota BSA x JB";2026;"agosto";0
"PLAT. DE CAPTAÇÃO E PRODUÇÃO";"Operação Remota BSA x JB";2026;"dezembro";2332
"PLAT. DE CAPTAÇÃO E PRODUÇÃO";"Operação Remota BSA x JB";2026;"fevereiro";0
"PLAT. DE CAPTAÇÃO E PRODUÇÃO";"Operação Remota BSA x JB";2026;"janeiro";1560
"PLAT. DE CAPTAÇÃO E PRODUÇÃO";"Operação Remota BSA x JB";2026;"julho";0
"PLAT. DE CAPTAÇÃO E PRODUÇÃO";"Operação Remota BSA x JB";2026;"junho";0
"PLAT. DE CAPTAÇÃO E PRODUÇÃO";"Operação Remota BSA x JB";2026;"maio";0
"PLAT. DE CAPTAÇÃO E PRODUÇÃO";"Operação Remota BSA x JB";2026;"março";0
"PLAT. DE CAPTAÇÃO E PRODUÇÃO";"Operação Remota BSA x JB";2026;"novembro";0
"PLAT. DE CAPTAÇÃO E PRODUÇÃO";"Operação Remota BSA x JB";2026;"outubro";0
"PLAT. DE CAPTAÇÃO E PRODUÇÃO";"Operação Remota BSA x JB";2026;"setembro";0
"PLAT. DE CAPTAÇÃO E PRODUÇÃO";"Operação Remota BSA x JB";2027;"fevereiro";0
"PLAT. DE CAPTAÇÃO E PRODUÇÃO";"Operação Remota BSA x JB";2027;"janeiro";0
"PLAT. DE CAPTAÇÃO E PRODUÇÃO";"Operação Remota BSA x JB";2027;"março";0
"PLAT. DE CAPTAÇÃO E PRODUÇÃO";"Plataforma de Controles BH";2026;"abril";775624,91
"PLAT. DE CAPTAÇÃO E PRODUÇÃO";"Plataforma de Controles BH";2026;"agosto";5128676,1800000006
"PLAT. DE CAPTAÇÃO E PRODUÇÃO";"Plataforma de Controles BH";2026;"dezembro";5161894,51
"PLAT. DE CAPTAÇÃO E PRODUÇÃO";"Plataforma de Controles BH";2026;"fevereiro";616,07
"PLAT. DE CAPTAÇÃO E PRODUÇÃO";"Plataforma de Controles BH";2026;"janeiro";0
"PLAT. DE CAPTAÇÃO E PRODUÇÃO";"Plataforma de Controles BH";2026;"julho";1298221,15
"PLAT. DE CAPTAÇÃO E PRODUÇÃO";"Plataforma de Controles BH";2026;"junho";699649,90999999992
"PLAT. DE CAPTAÇÃO E PRODUÇÃO";"Plataforma de Controles BH";2026;"maio";290897,69
"PLAT. DE CAPTAÇÃO E PRODUÇÃO";"Plataforma de Controles BH";2026;"março";25608,91
"PLAT. DE CAPTAÇÃO E PRODUÇÃO";"Plataforma de Controles BH";2026;"novembro";21646,16
"PLAT. DE CAPTAÇÃO E PRODUÇÃO";"Plataforma de Controles BH";2026;"outubro";297571,08
"PLAT. DE CAPTAÇÃO E PRODUÇÃO";"Plataforma de Controles BH";2026;"setembro";3276509,62
"PLAT. DE CAPTAÇÃO E PRODUÇÃO";"Plataforma de Controles BH";2027;"fevereiro";4918638,32
"PLAT. DE CAPTAÇÃO E PRODUÇÃO";"Plataforma de Controles BH";2027;"janeiro";154793,56
"PLAT. DE CAPTAÇÃO E PRODUÇÃO";"Plataforma de Controles BH";2027;"março";1312052,12
"PLAT. DE CAPTAÇÃO E PRODUÇÃO";"Plataforma de Controles BSA - Obs. Controle 1 BSA";2026;"abril";0
"PLAT. DE CAPTAÇÃO E PRODUÇÃO";"Plataforma de Controles BSA - Obs. Controle 1 BSA";2026;"agosto";0
"PLAT. DE CAPTAÇÃO E PRODUÇÃO";"Plataforma de Controles BSA - Obs. Controle 1 BSA";2026;"dezembro";0
"PLAT. DE CAPTAÇÃO E PRODUÇÃO";"Plataforma de Controles BSA - Obs. Controle 1 BSA";2026;"fevereiro";0
"PLAT. DE CAPTAÇÃO E PRODUÇÃO";"Plataforma de Controles BSA - Obs. Controle 1 BSA";2026;"janeiro";0
"PLAT. DE CAPTAÇÃO E PRODUÇÃO";"Plataforma de Controles BSA - Obs. Controle 1 BSA";2026;"julho";0
"PLAT. DE CAPTAÇÃO E PRODUÇÃO";"Plataforma de Controles BSA - Obs. Controle 1 BSA";2026;"junho";0
"PLAT. DE CAPTAÇÃO E PRODUÇÃO";"Plataforma de Controles BSA - Obs. Controle 1 BSA";2026;"maio";0
"PLAT. DE CAPTAÇÃO E PRODUÇÃO";"Plataforma de Controles BSA - Obs. Controle 1 BSA";2026;"março";0
"PLAT. DE CAPTAÇÃO E PRODUÇÃO";"Plataforma de Controles BSA - Obs. Controle 1 BSA";2026;"novembro";0
"PLAT. DE CAPTAÇÃO E PRODUÇÃO";"Plataforma de Controles BSA - Obs. Controle 1 BSA";2026;"outubro";0
"PLAT. DE CAPTAÇÃO E PRODUÇÃO";"Plataforma de Controles BSA - Obs. Controle 1 BSA";2026;"setembro";0
"PLAT. DE CAPTAÇÃO E PRODUÇÃO";"Plataforma de Controles BSA - Obs. Controle 1 BSA";2027;"fevereiro";0
"PLAT. DE CAPTAÇÃO E PRODUÇÃO";"Plataforma de Controles BSA - Obs. Controle 1 BSA";2027;"janeiro";0
"PLAT. DE CAPTAÇÃO E PRODUÇÃO";"Plataforma de Controles BSA - Obs. Controle 1 BSA";2027;"março";0
"PLAT. DE CAPTAÇÃO E PRODUÇÃO";"Plataforma de Controles JB - Controle 3";2026;"abril";137053,07
"PLAT. DE CAPTAÇÃO E PRODUÇÃO";"Plataforma de Controles JB - Controle 3";2026;"agosto";81,34
"PLAT. DE CAPTAÇÃO E PRODUÇÃO";"Plataforma de Controles JB - Controle 3";2026;"dezembro";2002563
"PLAT. DE CAPTAÇÃO E PRODUÇÃO";"Plataforma de Controles JB - Controle 3";2026;"fevereiro";0
"PLAT. DE CAPTAÇÃO E PRODUÇÃO";"Plataforma de Controles JB - Controle 3";2026;"janeiro";0
"PLAT. DE CAPTAÇÃO E PRODUÇÃO";"Plataforma de Controles JB - Controle 3";2026;"julho";0
"PLAT. DE CAPTAÇÃO E PRODUÇÃO";"Plataforma de Controles JB - Controle 3";2026;"junho";211581,38
"PLAT. DE CAPTAÇÃO E PRODUÇÃO";"Plataforma de Controles JB - Controle 3";2026;"maio";0
"PLAT. DE CAPTAÇÃO E PRODUÇÃO";"Plataforma de Controles JB - Controle 3";2026;"março";0
"PLAT. DE CAPTAÇÃO E PRODUÇÃO";"Plataforma de Controles JB - Controle 3";2026;"novembro";555396,67
"PLAT. DE CAPTAÇÃO E PRODUÇÃO";"Plataforma de Controles JB - Controle 3";2026;"outubro";0
"PLAT. DE CAPTAÇÃO E PRODUÇÃO";"Plataforma de Controles JB - Controle 3";2026;"setembro";0
"PLAT. DE CAPTAÇÃO E PRODUÇÃO";"Plataforma de Controles JB - Controle 3";2027;"fevereiro";348000
"PLAT. DE CAPTAÇÃO E PRODUÇÃO";"Plataforma de Controles JB - Controle 3";2027;"janeiro";1197356
"PLAT. DE CAPTAÇÃO E PRODUÇÃO";"Plataforma de Controles JB - Controle 3";2027;"março";5576003
"PLAT. DE CAPTAÇÃO E PRODUÇÃO";"Plataforma de Controles RJ - Obs. Controle 3 ION";2026;"abril";2407,34
"PLAT. DE CAPTAÇÃO E PRODUÇÃO";"Plataforma de Controles RJ - Obs. Controle 3 ION";2026;"agosto";0
"PLAT. DE CAPTAÇÃO E PRODUÇÃO";"Plataforma de Controles RJ - Obs. Controle 3 ION";2026;"dezembro";0
"PLAT. DE CAPTAÇÃO E PRODUÇÃO";"Plataforma de Controles RJ - Obs. Controle 3 ION";2026;"fevereiro";6321,13
"PLAT. DE CAPTAÇÃO E PRODUÇÃO";"Plataforma de Controles RJ - Obs. Controle 3 ION";2026;"janeiro";132999,91
"PLAT. DE CAPTAÇÃO E PRODUÇÃO";"Plataforma de Controles RJ - Obs. Controle 3 ION";2026;"julho";8135,37
"PLAT. DE CAPTAÇÃO E PRODUÇÃO";"Plataforma de Controles RJ - Obs. Controle 3 ION";2026;"junho";0
"PLAT. DE CAPTAÇÃO E PRODUÇÃO";"Plataforma de Controles RJ - Obs. Controle 3 ION";2026;"maio";0
"PLAT. DE CAPTAÇÃO E PRODUÇÃO";"Plataforma de Controles RJ - Obs. Controle 3 ION";2026;"março";35285,71
"PLAT. DE CAPTAÇÃO E PRODUÇÃO";"Plataforma de Controles RJ - Obs. Controle 3 ION";2026;"novembro";0
"PLAT. DE CAPTAÇÃO E PRODUÇÃO";"Plataforma de Controles RJ - Obs. Controle 3 ION";2026;"outubro";0
"PLAT. DE CAPTAÇÃO E PRODUÇÃO";"Plataforma de Controles RJ - Obs. Controle 3 ION";2026;"setembro";4873,49
"PLAT. DE CAPTAÇÃO E PRODUÇÃO";"Plataforma de Controles RJ - Obs. Controle 3 ION";2027;"fevereiro";0
"PLAT. DE CAPTAÇÃO E PRODUÇÃO";"Plataforma de Controles RJ - Obs. Controle 3 ION";2027;"janeiro";0
"PLAT. DE CAPTAÇÃO E PRODUÇÃO";"Plataforma de Controles RJ - Obs. Controle 3 ION";2027;"março";0
"PLAT. DE CAPTAÇÃO E PRODUÇÃO";"Plataforma de Controles SP - Obs. Controle 1 SP_1";2026;"abril";561006,25
"PLAT. DE CAPTAÇÃO E PRODUÇÃO";"Plataforma de Controles SP - Obs. Controle 1 SP_1";2026;"agosto";0,98
"PLAT. DE CAPTAÇÃO E PRODUÇÃO";"Plataforma de Controles SP - Obs. Controle 1 SP_1";2026;"dezembro";0
"PLAT. DE CAPTAÇÃO E PRODUÇÃO";"Plataforma de Controles SP - Obs. Controle 1 SP_1";2026;"fevereiro";183779,74
"PLAT. DE CAPTAÇÃO E PRODUÇÃO";"Plataforma de Controles SP - Obs. Controle 1 SP_1";2026;"janeiro";300843,26
"PLAT. DE CAPTAÇÃO E PRODUÇÃO";"Plataforma de Controles SP - Obs. Controle 1 SP_1";2026;"julho";35780,75
"PLAT. DE CAPTAÇÃO E PRODUÇÃO";"Plataforma de Controles SP - Obs. Controle 1 SP_1";2026;"junho";229803,62
"PLAT. DE CAPTAÇÃO E PRODUÇÃO";"Plataforma de Controles SP - Obs. Controle 1 SP_1";2026;"maio";165015,1
"PLAT. DE CAPTAÇÃO E PRODUÇÃO";"Plataforma de Controles SP - Obs. Controle 1 SP_1";2026;"março";212455,14
"PLAT. DE CAPTAÇÃO E PRODUÇÃO";"Plataforma de Controles SP - Obs. Controle 1 SP_1";2026;"novembro";0
"PLAT. DE CAPTAÇÃO E PRODUÇÃO";"Plataforma de Controles SP - Obs. Controle 1 SP_1";2026;"outubro";0
"PLAT. DE CAPTAÇÃO E PRODUÇÃO";"Plataforma de Controles SP - Obs. Controle 1 SP_1";2026;"setembro";106919,68
"PLAT. DE CAPTAÇÃO E PRODUÇÃO";"Plataforma de Controles SP - Obs. Controle 1 SP_1";2027;"fevereiro";0
"PLAT. DE CAPTAÇÃO E PRODUÇÃO";"Plataforma de Controles SP - Obs. Controle 1 SP_1";2027;"janeiro";0
"PLAT. DE CAPTAÇÃO E PRODUÇÃO";"Plataforma de Controles SP - Obs. Controle 1 SP_1";2027;"março";0
"PLAT. DE CAPTAÇÃO E PRODUÇÃO";"Pool Recursos Controles de Eventos";2026;"abril";0
"PLAT. DE CAPTAÇÃO E PRODUÇÃO";"Pool Recursos Controles de Eventos";2026;"agosto";0
"PLAT. DE CAPTAÇÃO E PRODUÇÃO";"Pool Recursos Controles de Eventos";2026;"dezembro";0
"PLAT. DE CAPTAÇÃO E PRODUÇÃO";"Pool Recursos Controles de Eventos";2026;"fevereiro";0
"PLAT. DE CAPTAÇÃO E PRODUÇÃO";"Pool Recursos Controles de Eventos";2026;"janeiro";0
"PLAT. DE CAPTAÇÃO E PRODUÇÃO";"Pool Recursos Controles de Eventos";2026;"julho";0
"PLAT. DE CAPTAÇÃO E PRODUÇÃO";"Pool Recursos Controles de Eventos";2026;"junho";0
"PLAT. DE CAPTAÇÃO E PRODUÇÃO";"Pool Recursos Controles de Eventos";2026;"maio";0
"PLAT. DE CAPTAÇÃO E PRODUÇÃO";"Pool Recursos Controles de Eventos";2026;"março";0
"PLAT. DE CAPTAÇÃO E PRODUÇÃO";"Pool Recursos Controles de Eventos";2026;"novembro";0
"PLAT. DE CAPTAÇÃO E PRODUÇÃO";"Pool Recursos Controles de Eventos";2026;"outubro";0
"PLAT. DE CAPTAÇÃO E PRODUÇÃO";"Pool Recursos Controles de Eventos";2026;"setembro";0
"PLAT. DE CAPTAÇÃO E PRODUÇÃO";"Pool Recursos Controles de Eventos";2027;"fevereiro";0
"PLAT. DE CAPTAÇÃO E PRODUÇÃO";"Pool Recursos Controles de Eventos";2027;"janeiro";0
"PLAT. DE CAPTAÇÃO E PRODUÇÃO";"Pool Recursos Controles de Eventos";2027;"março";0
"PLAT. DE CAPTAÇÃO E PRODUÇÃO";"Produção Central Multisites + HLD de Conectividade";2026;"abril";0
"PLAT. DE CAPTAÇÃO E PRODUÇÃO";"Produção Central Multisites + HLD de Conectividade";2026;"agosto";0
"PLAT. DE CAPTAÇÃO E PRODUÇÃO";"Produção Central Multisites + HLD de Conectividade";2026;"dezembro";0
"PLAT. DE CAPTAÇÃO E PRODUÇÃO";"Produção Central Multisites + HLD de Conectividade";2026;"fevereiro";0
"PLAT. DE CAPTAÇÃO E PRODUÇÃO";"Produção Central Multisites + HLD de Conectividade";2026;"janeiro";0
"PLAT. DE CAPTAÇÃO E PRODUÇÃO";"Produção Central Multisites + HLD de Conectividade";2026;"julho";0
"PLAT. DE CAPTAÇÃO E PRODUÇÃO";"Produção Central Multisites + HLD de Conectividade";2026;"junho";0
"PLAT. DE CAPTAÇÃO E PRODUÇÃO";"Produção Central Multisites + HLD de Conectividade";2026;"maio";0
"PLAT. DE CAPTAÇÃO E PRODUÇÃO";"Produção Central Multisites + HLD de Conectividade";2026;"março";0
"PLAT. DE CAPTAÇÃO E PRODUÇÃO";"Produção Central Multisites + HLD de Conectividade";2026;"outubro";0
"PLAT. DE CAPTAÇÃO E PRODUÇÃO";"Produção Central Multisites + HLD de Conectividade";2026;"setembro";0
"PLAT. DE CAPTAÇÃO E PRODUÇÃO";"Produção Central Multisites + HLD de Conectividade";2027;"fevereiro";0
"PLAT. DE CAPTAÇÃO E PRODUÇÃO";"Produção Central Multisites + HLD de Conectividade";2027;"janeiro";0
"PLAT. DE CAPTAÇÃO E PRODUÇÃO";"Produção Central Multisites + HLD de Conectividade";2027;"março";0
"PLAT. DE CAPTAÇÃO E PRODUÇÃO";"Produção de conteúdos MPEG-H Rio e SP";2026;"abril";0
"PLAT. DE CAPTAÇÃO E PRODUÇÃO";"Produção de conteúdos MPEG-H Rio e SP";2026;"agosto";0
"PLAT. DE CAPTAÇÃO E PRODUÇÃO";"Produção de conteúdos MPEG-H Rio e SP";2026;"dezembro";124690
"PLAT. DE CAPTAÇÃO E PRODUÇÃO";"Produção de conteúdos MPEG-H Rio e SP";2026;"fevereiro";634,05
"PLAT. DE CAPTAÇÃO E PRODUÇÃO";"Produção de conteúdos MPEG-H Rio e SP";2026;"janeiro";0
"PLAT. DE CAPTAÇÃO E PRODUÇÃO";"Produção de conteúdos MPEG-H Rio e SP";2026;"julho";0
"PLAT. DE CAPTAÇÃO E PRODUÇÃO";"Produção de conteúdos MPEG-H Rio e SP";2026;"junho";0
"PLAT. DE CAPTAÇÃO E PRODUÇÃO";"Produção de conteúdos MPEG-H Rio e SP";2026;"maio";1113,56
"PLAT. DE CAPTAÇÃO E PRODUÇÃO";"Produção de conteúdos MPEG-H Rio e SP";2026;"março";0
"PLAT. DE CAPTAÇÃO E PRODUÇÃO";"Produção de conteúdos MPEG-H Rio e SP";2026;"novembro";0
"PLAT. DE CAPTAÇÃO E PRODUÇÃO";"Produção de conteúdos MPEG-H Rio e SP";2026;"outubro";0
"PLAT. DE CAPTAÇÃO E PRODUÇÃO";"Produção de conteúdos MPEG-H Rio e SP";2026;"setembro";0
"PLAT. DE CAPTAÇÃO E PRODUÇÃO";"Produção de conteúdos MPEG-H Rio e SP";2027;"fevereiro";0
"PLAT. DE CAPTAÇÃO E PRODUÇÃO";"Produção de conteúdos MPEG-H Rio e SP";2027;"janeiro";0
"PLAT. DE CAPTAÇÃO E PRODUÇÃO";"Produção de conteúdos MPEG-H Rio e SP";2027;"março";0
"PLAT. DE CAPTAÇÃO E PRODUÇÃO";"Produção Futebol+ em 4K HDR";2026;"abril";61185,84
"PLAT. DE CAPTAÇÃO E PRODUÇÃO";"Produção Futebol+ em 4K HDR";2026;"agosto";29340
"PLAT. DE CAPTAÇÃO E PRODUÇÃO";"Produção Futebol+ em 4K HDR";2026;"dezembro";0
"PLAT. DE CAPTAÇÃO E PRODUÇÃO";"Produção Futebol+ em 4K HDR";2026;"fevereiro";72264,18
"PLAT. DE CAPTAÇÃO E PRODUÇÃO";"Produção Futebol+ em 4K HDR";2026;"janeiro";0
"PLAT. DE CAPTAÇÃO E PRODUÇÃO";"Produção Futebol+ em 4K HDR";2026;"julho";17793,19
"PLAT. DE CAPTAÇÃO E PRODUÇÃO";"Produção Futebol+ em 4K HDR";2026;"junho";25298,6
"PLAT. DE CAPTAÇÃO E PRODUÇÃO";"Produção Futebol+ em 4K HDR";2026;"maio";0
"PLAT. DE CAPTAÇÃO E PRODUÇÃO";"Produção Futebol+ em 4K HDR";2026;"março";14970
"PLAT. DE CAPTAÇÃO E PRODUÇÃO";"Produção Futebol+ em 4K HDR";2026;"novembro";0
"PLAT. DE CAPTAÇÃO E PRODUÇÃO";"Produção Futebol+ em 4K HDR";2026;"outubro";0
"PLAT. DE CAPTAÇÃO E PRODUÇÃO";"Produção Futebol+ em 4K HDR";2026;"setembro";23518,65
"PLAT. DE CAPTAÇÃO E PRODUÇÃO";"Produção Futebol+ em 4K HDR";2027;"fevereiro";0
"PLAT. DE CAPTAÇÃO E PRODUÇÃO";"Produção Futebol+ em 4K HDR";2027;"janeiro";0
"PLAT. DE CAPTAÇÃO E PRODUÇÃO";"Produção Futebol+ em 4K HDR";2027;"março";0
"PLAT. DE CAPTAÇÃO E PRODUÇÃO";"Produção Remota para Missa SP";2026;"abril";0
"PLAT. DE CAPTAÇÃO E PRODUÇÃO";"Produção Remota para Missa SP";2026;"agosto";0
"PLAT. DE CAPTAÇÃO E PRODUÇÃO";"Produção Remota para Missa SP";2026;"dezembro";0
"PLAT. DE CAPTAÇÃO E PRODUÇÃO";"Produção Remota para Missa SP";2026;"fevereiro";0
"PLAT. DE CAPTAÇÃO E PRODUÇÃO";"Produção Remota para Missa SP";2026;"janeiro";0
"PLAT. DE CAPTAÇÃO E PRODUÇÃO";"Produção Remota para Missa SP";2026;"julho";0
"PLAT. DE CAPTAÇÃO E PRODUÇÃO";"Produção Remota para Missa SP";2026;"junho";0
"PLAT. DE CAPTAÇÃO E PRODUÇÃO";"Produção Remota para Missa SP";2026;"maio";0
"PLAT. DE CAPTAÇÃO E PRODUÇÃO";"Produção Remota para Missa SP";2026;"março";0
"PLAT. DE CAPTAÇÃO E PRODUÇÃO";"Produção Remota para Missa SP";2026;"novembro";0
"PLAT. DE CAPTAÇÃO E PRODUÇÃO";"Produção Remota para Missa SP";2026;"outubro";0
"PLAT. DE CAPTAÇÃO E PRODUÇÃO";"Produção Remota para Missa SP";2026;"setembro";6771,25
"PLAT. DE CAPTAÇÃO E PRODUÇÃO";"Produção Remota para Missa SP";2027;"fevereiro";0
"PLAT. DE CAPTAÇÃO E PRODUÇÃO";"Produção Remota para Missa SP";2027;"janeiro";0
"PLAT. DE CAPTAÇÃO E PRODUÇÃO";"Produção Remota para Missa SP";2027;"março";0
"PLAT. DE CAPTAÇÃO E PRODUÇÃO";"Roadmap Controles - Obsolescência Audio Mixer";2026;"abril";0
"PLAT. DE CAPTAÇÃO E PRODUÇÃO";"Roadmap Controles - Obsolescência Audio Mixer";2026;"agosto";4910
"PLAT. DE CAPTAÇÃO E PRODUÇÃO";"Roadmap Controles - Obsolescência Audio Mixer";2026;"dezembro";930775
"PLAT. DE CAPTAÇÃO E PRODUÇÃO";"Roadmap Controles - Obsolescência Audio Mixer";2026;"fevereiro";0
"PLAT. DE CAPTAÇÃO E PRODUÇÃO";"Roadmap Controles - Obsolescência Audio Mixer";2026;"janeiro";0
"PLAT. DE CAPTAÇÃO E PRODUÇÃO";"Roadmap Controles - Obsolescência Audio Mixer";2026;"julho";0
"PLAT. DE CAPTAÇÃO E PRODUÇÃO";"Roadmap Controles - Obsolescência Audio Mixer";2026;"junho";126007,48
"PLAT. DE CAPTAÇÃO E PRODUÇÃO";"Roadmap Controles - Obsolescência Audio Mixer";2026;"maio";0
"PLAT. DE CAPTAÇÃO E PRODUÇÃO";"Roadmap Controles - Obsolescência Audio Mixer";2026;"março";0
"PLAT. DE CAPTAÇÃO E PRODUÇÃO";"Roadmap Controles - Obsolescência Audio Mixer";2026;"novembro";2044000
"PLAT. DE CAPTAÇÃO E PRODUÇÃO";"Roadmap Controles - Obsolescência Audio Mixer";2026;"outubro";551590
"PLAT. DE CAPTAÇÃO E PRODUÇÃO";"Roadmap Controles - Obsolescência Audio Mixer";2026;"setembro";0
"PLAT. DE CAPTAÇÃO E PRODUÇÃO";"Roadmap Controles - Obsolescência Audio Mixer";2027;"fevereiro";0
"PLAT. DE CAPTAÇÃO E PRODUÇÃO";"Roadmap Controles - Obsolescência Audio Mixer";2027;"janeiro";0
"PLAT. DE CAPTAÇÃO E PRODUÇÃO";"Roadmap Controles - Obsolescência Audio Mixer";2027;"março";0
"PLAT. DE CAPTAÇÃO E PRODUÇÃO";"Roadmap Controles - Obsolescência Multiviewer";2026;"abril";123014,87
"PLAT. DE CAPTAÇÃO E PRODUÇÃO";"Roadmap Controles - Obsolescência Multiviewer";2026;"agosto";0
"PLAT. DE CAPTAÇÃO E PRODUÇÃO";"Roadmap Controles - Obsolescência Multiviewer";2026;"dezembro";0
"PLAT. DE CAPTAÇÃO E PRODUÇÃO";"Roadmap Controles - Obsolescência Multiviewer";2026;"fevereiro";0
"PLAT. DE CAPTAÇÃO E PRODUÇÃO";"Roadmap Controles - Obsolescência Multiviewer";2026;"janeiro";119202,1
"PLAT. DE CAPTAÇÃO E PRODUÇÃO";"Roadmap Controles - Obsolescência Multiviewer";2026;"julho";0
"PLAT. DE CAPTAÇÃO E PRODUÇÃO";"Roadmap Controles - Obsolescência Multiviewer";2026;"junho";0
"PLAT. DE CAPTAÇÃO E PRODUÇÃO";"Roadmap Controles - Obsolescência Multiviewer";2026;"maio";205224,71
"PLAT. DE CAPTAÇÃO E PRODUÇÃO";"Roadmap Controles - Obsolescência Multiviewer";2026;"março";30899,08
"PLAT. DE CAPTAÇÃO E PRODUÇÃO";"Roadmap Controles - Obsolescência Multiviewer";2026;"novembro";0
"PLAT. DE CAPTAÇÃO E PRODUÇÃO";"Roadmap Controles - Obsolescência Multiviewer";2026;"outubro";36,93
"PLAT. DE CAPTAÇÃO E PRODUÇÃO";"Roadmap Controles - Obsolescência Multiviewer";2026;"setembro";8745,07
"PLAT. DE CAPTAÇÃO E PRODUÇÃO";"Roadmap Controles - Obsolescência Multiviewer";2027;"fevereiro";0
"PLAT. DE CAPTAÇÃO E PRODUÇÃO";"Roadmap Controles - Obsolescência Multiviewer";2027;"janeiro";0
"PLAT. DE CAPTAÇÃO E PRODUÇÃO";"Roadmap Controles - Obsolescência Multiviewer";2027;"março";0
"PLAT. DE CAPTAÇÃO E PRODUÇÃO";"Roadmap de Câmeras - Dramaturgia - Fase 3";2026;"abril";14119
"PLAT. DE CAPTAÇÃO E PRODUÇÃO";"Roadmap de Câmeras - Dramaturgia - Fase 3";2026;"agosto";0
"PLAT. DE CAPTAÇÃO E PRODUÇÃO";"Roadmap de Câmeras - Dramaturgia - Fase 3";2026;"dezembro";0
"PLAT. DE CAPTAÇÃO E PRODUÇÃO";"Roadmap de Câmeras - Dramaturgia - Fase 3";2026;"fevereiro";0
"PLAT. DE CAPTAÇÃO E PRODUÇÃO";"Roadmap de Câmeras - Dramaturgia - Fase 3";2026;"janeiro";0
"PLAT. DE CAPTAÇÃO E PRODUÇÃO";"Roadmap de Câmeras - Dramaturgia - Fase 3";2026;"julho";0
"PLAT. DE CAPTAÇÃO E PRODUÇÃO";"Roadmap de Câmeras - Dramaturgia - Fase 3";2026;"junho";0
"PLAT. DE CAPTAÇÃO E PRODUÇÃO";"Roadmap de Câmeras - Dramaturgia - Fase 3";2026;"maio";0
"PLAT. DE CAPTAÇÃO E PRODUÇÃO";"Roadmap de Câmeras - Dramaturgia - Fase 3";2026;"março";0
"PLAT. DE CAPTAÇÃO E PRODUÇÃO";"Roadmap de Câmeras - Dramaturgia - Fase 3";2026;"novembro";0
"PLAT. DE CAPTAÇÃO E PRODUÇÃO";"Roadmap de Câmeras - Dramaturgia - Fase 3";2026;"outubro";0
"PLAT. DE CAPTAÇÃO E PRODUÇÃO";"Roadmap de Câmeras - Dramaturgia - Fase 3";2026;"setembro";0
"PLAT. DE CAPTAÇÃO E PRODUÇÃO";"Roadmap de Câmeras - Dramaturgia - Fase 3";2027;"fevereiro";0
"PLAT. DE CAPTAÇÃO E PRODUÇÃO";"Roadmap de Câmeras - Dramaturgia - Fase 3";2027;"janeiro";0
"PLAT. DE CAPTAÇÃO E PRODUÇÃO";"Roadmap de Câmeras - Dramaturgia - Fase 3";2027;"março";0
"PLAT. DE CAPTAÇÃO E PRODUÇÃO";"Roadmap de Câmeras - DSLR";2026;"abril";0
"PLAT. DE CAPTAÇÃO E PRODUÇÃO";"Roadmap de Câmeras - DSLR";2026;"agosto";0
"PLAT. DE CAPTAÇÃO E PRODUÇÃO";"Roadmap de Câmeras - DSLR";2026;"dezembro";0
"PLAT. DE CAPTAÇÃO E PRODUÇÃO";"Roadmap de Câmeras - DSLR";2026;"fevereiro";17158,3
"PLAT. DE CAPTAÇÃO E PRODUÇÃO";"Roadmap de Câmeras - DSLR";2026;"janeiro";0
"PLAT. DE CAPTAÇÃO E PRODUÇÃO";"Roadmap de Câmeras - DSLR";2026;"julho";0
"PLAT. DE CAPTAÇÃO E PRODUÇÃO";"Roadmap de Câmeras - DSLR";2026;"junho";0
"PLAT. DE CAPTAÇÃO E PRODUÇÃO";"Roadmap de Câmeras - DSLR";2026;"maio";0
"PLAT. DE CAPTAÇÃO E PRODUÇÃO";"Roadmap de Câmeras - DSLR";2026;"março";0
"PLAT. DE CAPTAÇÃO E PRODUÇÃO";"Roadmap de Câmeras - DSLR";2026;"novembro";0
"PLAT. DE CAPTAÇÃO E PRODUÇÃO";"Roadmap de Câmeras - DSLR";2026;"outubro";0,11
"PLAT. DE CAPTAÇÃO E PRODUÇÃO";"Roadmap de Câmeras - DSLR";2026;"setembro";4883,89
"PLAT. DE CAPTAÇÃO E PRODUÇÃO";"Roadmap de Câmeras - DSLR";2027;"fevereiro";0
"PLAT. DE CAPTAÇÃO E PRODUÇÃO";"Roadmap de Câmeras - DSLR";2027;"janeiro";0
"PLAT. DE CAPTAÇÃO E PRODUÇÃO";"Roadmap de Câmeras - DSLR";2027;"março";0
"PLAT. DE CAPTAÇÃO E PRODUÇÃO";"Roadmap de Iluminação - Carros de Iluminação EG";2026;"abril";200533,91999999998
"PLAT. DE CAPTAÇÃO E PRODUÇÃO";"Roadmap de Iluminação - Carros de Iluminação EG";2026;"agosto";10542,51
"PLAT. DE CAPTAÇÃO E PRODUÇÃO";"Roadmap de Iluminação - Carros de Iluminação EG";2026;"dezembro";0
"PLAT. DE CAPTAÇÃO E PRODUÇÃO";"Roadmap de Iluminação - Carros de Iluminação EG";2026;"fevereiro";33291,03
"PLAT. DE CAPTAÇÃO E PRODUÇÃO";"Roadmap de Iluminação - Carros de Iluminação EG";2026;"janeiro";101459,36
"PLAT. DE CAPTAÇÃO E PRODUÇÃO";"Roadmap de Iluminação - Carros de Iluminação EG";2026;"julho";20506,2
"PLAT. DE CAPTAÇÃO E PRODUÇÃO";"Roadmap de Iluminação - Carros de Iluminação EG";2026;"junho";164637,91
"PLAT. DE CAPTAÇÃO E PRODUÇÃO";"Roadmap de Iluminação - Carros de Iluminação EG";2026;"maio";35350,82
"PLAT. DE CAPTAÇÃO E PRODUÇÃO";"Roadmap de Iluminação - Carros de Iluminação EG";2026;"março";122087,07
"PLAT. DE CAPTAÇÃO E PRODUÇÃO";"Roadmap de Iluminação - Carros de Iluminação EG";2026;"novembro";0
"PLAT. DE CAPTAÇÃO E PRODUÇÃO";"Roadmap de Iluminação - Carros de Iluminação EG";2026;"outubro";0
"PLAT. DE CAPTAÇÃO E PRODUÇÃO";"Roadmap de Iluminação - Carros de Iluminação EG";2026;"setembro";-9583,5099999999984
"PLAT. DE CAPTAÇÃO E PRODUÇÃO";"Roadmap de Iluminação - Carros de Iluminação EG";2027;"fevereiro";0
"PLAT. DE CAPTAÇÃO E PRODUÇÃO";"Roadmap de Iluminação - Carros de Iluminação EG";2027;"janeiro";0
"PLAT. DE CAPTAÇÃO E PRODUÇÃO";"Roadmap de Iluminação - Carros de Iluminação EG";2027;"março";0
"PLAT. DE CAPTAÇÃO E PRODUÇÃO";"Roadmap de Iluminação - Obsolescência";2026;"abril";3736,8
"PLAT. DE CAPTAÇÃO E PRODUÇÃO";"Roadmap de Iluminação - Obsolescência";2026;"agosto";0
"PLAT. DE CAPTAÇÃO E PRODUÇÃO";"Roadmap de Iluminação - Obsolescência";2026;"dezembro";0
"PLAT. DE CAPTAÇÃO E PRODUÇÃO";"Roadmap de Iluminação - Obsolescência";2026;"fevereiro";18840
"PLAT. DE CAPTAÇÃO E PRODUÇÃO";"Roadmap de Iluminação - Obsolescência";2026;"janeiro";30284,71
"PLAT. DE CAPTAÇÃO E PRODUÇÃO";"Roadmap de Iluminação - Obsolescência";2026;"julho";0
"PLAT. DE CAPTAÇÃO E PRODUÇÃO";"Roadmap de Iluminação - Obsolescência";2026;"junho";0
"PLAT. DE CAPTAÇÃO E PRODUÇÃO";"Roadmap de Iluminação - Obsolescência";2026;"maio";315,5
"PLAT. DE CAPTAÇÃO E PRODUÇÃO";"Roadmap de Iluminação - Obsolescência";2026;"março";0
"PLAT. DE CAPTAÇÃO E PRODUÇÃO";"Roadmap de Iluminação - Obsolescência";2026;"novembro";20999
"PLAT. DE CAPTAÇÃO E PRODUÇÃO";"Roadmap de Iluminação - Obsolescência";2026;"outubro";21063,82
"PLAT. DE CAPTAÇÃO E PRODUÇÃO";"Roadmap de Iluminação - Obsolescência";2026;"setembro";1226
"PLAT. DE CAPTAÇÃO E PRODUÇÃO";"Roadmap de Iluminação - Obsolescência";2027;"fevereiro";0
"PLAT. DE CAPTAÇÃO E PRODUÇÃO";"Roadmap de Iluminação - Obsolescência";2027;"janeiro";0
"PLAT. DE CAPTAÇÃO E PRODUÇÃO";"Roadmap de Iluminação - Obsolescência";2027;"março";0
"PLAT. DE CAPTAÇÃO E PRODUÇÃO";"Roadmap Estudio Rede 4k - Cameras RJ";2026;"abril";0
"PLAT. DE CAPTAÇÃO E PRODUÇÃO";"Roadmap Estudio Rede 4k - Cameras RJ";2026;"agosto";0
"PLAT. DE CAPTAÇÃO E PRODUÇÃO";"Roadmap Estudio Rede 4k - Cameras RJ";2026;"dezembro";0
"PLAT. DE CAPTAÇÃO E PRODUÇÃO";"Roadmap Estudio Rede 4k - Cameras RJ";2026;"fevereiro";64734,89
"PLAT. DE CAPTAÇÃO E PRODUÇÃO";"Roadmap Estudio Rede 4k - Cameras RJ";2026;"janeiro";95654,77
"PLAT. DE CAPTAÇÃO E PRODUÇÃO";"Roadmap Estudio Rede 4k - Cameras RJ";2026;"julho";0
"PLAT. DE CAPTAÇÃO E PRODUÇÃO";"Roadmap Estudio Rede 4k - Cameras RJ";2026;"junho";0
"PLAT. DE CAPTAÇÃO E PRODUÇÃO";"Roadmap Estudio Rede 4k - Cameras RJ";2026;"maio";0
"PLAT. DE CAPTAÇÃO E PRODUÇÃO";"Roadmap Estudio Rede 4k - Cameras RJ";2026;"março";195259,94
"PLAT. DE CAPTAÇÃO E PRODUÇÃO";"Roadmap Estudio Rede 4k - Cameras RJ";2026;"novembro";6357
"PLAT. DE CAPTAÇÃO E PRODUÇÃO";"Roadmap Estudio Rede 4k - Cameras RJ";2026;"outubro";30937,28
"PLAT. DE CAPTAÇÃO E PRODUÇÃO";"Roadmap Estudio Rede 4k - Cameras RJ";2026;"setembro";23062,72
"PLAT. DE CAPTAÇÃO E PRODUÇÃO";"Roadmap Estudio Rede 4k - Cameras RJ";2027;"fevereiro";0
"PLAT. DE CAPTAÇÃO E PRODUÇÃO";"Roadmap Estudio Rede 4k - Cameras RJ";2027;"janeiro";0
"PLAT. DE CAPTAÇÃO E PRODUÇÃO";"Roadmap Estudio Rede 4k - Cameras RJ";2027;"março";0
"PLAT. DE CAPTAÇÃO E PRODUÇÃO";"Roadmap Estudio Rede 4k - Cameras SP";2026;"abril";0
"PLAT. DE CAPTAÇÃO E PRODUÇÃO";"Roadmap Estudio Rede 4k - Cameras SP";2026;"agosto";189722
"PLAT. DE CAPTAÇÃO E PRODUÇÃO";"Roadmap Estudio Rede 4k - Cameras SP";2026;"dezembro";19962,1
"PLAT. DE CAPTAÇÃO E PRODUÇÃO";"Roadmap Estudio Rede 4k - Cameras SP";2026;"fevereiro";0
"PLAT. DE CAPTAÇÃO E PRODUÇÃO";"Roadmap Estudio Rede 4k - Cameras SP";2026;"janeiro";0
"PLAT. DE CAPTAÇÃO E PRODUÇÃO";"Roadmap Estudio Rede 4k - Cameras SP";2026;"julho";0
"PLAT. DE CAPTAÇÃO E PRODUÇÃO";"Roadmap Estudio Rede 4k - Cameras SP";2026;"junho";0
"PLAT. DE CAPTAÇÃO E PRODUÇÃO";"Roadmap Estudio Rede 4k - Cameras SP";2026;"maio";0
"PLAT. DE CAPTAÇÃO E PRODUÇÃO";"Roadmap Estudio Rede 4k - Cameras SP";2026;"março";0
"PLAT. DE CAPTAÇÃO E PRODUÇÃO";"Roadmap Estudio Rede 4k - Cameras SP";2026;"novembro";2841267,89
"PLAT. DE CAPTAÇÃO E PRODUÇÃO";"Roadmap Estudio Rede 4k - Cameras SP";2026;"outubro";106047,64
"PLAT. DE CAPTAÇÃO E PRODUÇÃO";"Roadmap Estudio Rede 4k - Cameras SP";2026;"setembro";25000
"PLAT. DE CAPTAÇÃO E PRODUÇÃO";"Roadmap Estudio Rede 4k - Cameras SP";2027;"fevereiro";0
"PLAT. DE CAPTAÇÃO E PRODUÇÃO";"Roadmap Estudio Rede 4k - Cameras SP";2027;"janeiro";0
"PLAT. DE CAPTAÇÃO E PRODUÇÃO";"Roadmap Estudio Rede 4k - Cameras SP";2027;"março";0
"PLAT. DE CAPTAÇÃO E PRODUÇÃO";"Roadmap Instant Replay - Obsolescência";2026;"abril";0
"PLAT. DE CAPTAÇÃO E PRODUÇÃO";"Roadmap Instant Replay - Obsolescência";2026;"agosto";0
"PLAT. DE CAPTAÇÃO E PRODUÇÃO";"Roadmap Instant Replay - Obsolescência";2026;"dezembro";0
"PLAT. DE CAPTAÇÃO E PRODUÇÃO";"Roadmap Instant Replay - Obsolescência";2026;"fevereiro";0
"PLAT. DE CAPTAÇÃO E PRODUÇÃO";"Roadmap Instant Replay - Obsolescência";2026;"janeiro";0
"PLAT. DE CAPTAÇÃO E PRODUÇÃO";"Roadmap Instant Replay - Obsolescência";2026;"julho";0
"PLAT. DE CAPTAÇÃO E PRODUÇÃO";"Roadmap Instant Replay - Obsolescência";2026;"junho";0
"PLAT. DE CAPTAÇÃO E PRODUÇÃO";"Roadmap Instant Replay - Obsolescência";2026;"maio";0
"PLAT. DE CAPTAÇÃO E PRODUÇÃO";"Roadmap Instant Replay - Obsolescência";2026;"março";0
"PLAT. DE CAPTAÇÃO E PRODUÇÃO";"Roadmap Instant Replay - Obsolescência";2026;"novembro";0
"PLAT. DE CAPTAÇÃO E PRODUÇÃO";"Roadmap Instant Replay - Obsolescência";2026;"outubro";0
"PLAT. DE CAPTAÇÃO E PRODUÇÃO";"Roadmap Instant Replay - Obsolescência";2026;"setembro";1017
"PLAT. DE CAPTAÇÃO E PRODUÇÃO";"Roadmap Instant Replay - Obsolescência";2027;"fevereiro";0
"PLAT. DE CAPTAÇÃO E PRODUÇÃO";"Roadmap Instant Replay - Obsolescência";2027;"janeiro";0
"PLAT. DE CAPTAÇÃO E PRODUÇÃO";"Roadmap Instant Replay - Obsolescência";2027;"março";0
"PLAT. DE CAPTAÇÃO E PRODUÇÃO";"Sistema de Estabilização de Câmera";2026;"abril";0
"PLAT. DE CAPTAÇÃO E PRODUÇÃO";"Sistema de Estabilização de Câmera";2026;"agosto";0
"PLAT. DE CAPTAÇÃO E PRODUÇÃO";"Sistema de Estabilização de Câmera";2026;"dezembro";0
"PLAT. DE CAPTAÇÃO E PRODUÇÃO";"Sistema de Estabilização de Câmera";2026;"fevereiro";0
"PLAT. DE CAPTAÇÃO E PRODUÇÃO";"Sistema de Estabilização de Câmera";2026;"janeiro";0
"PLAT. DE CAPTAÇÃO E PRODUÇÃO";"Sistema de Estabilização de Câmera";2026;"julho";0
"PLAT. DE CAPTAÇÃO E PRODUÇÃO";"Sistema de Estabilização de Câmera";2026;"junho";0
"PLAT. DE CAPTAÇÃO E PRODUÇÃO";"Sistema de Estabilização de Câmera";2026;"maio";0
"PLAT. DE CAPTAÇÃO E PRODUÇÃO";"Sistema de Estabilização de Câmera";2026;"março";0
"PLAT. DE CAPTAÇÃO E PRODUÇÃO";"Sistema de Estabilização de Câmera";2026;"novembro";103612
"PLAT. DE CAPTAÇÃO E PRODUÇÃO";"Sistema de Estabilização de Câmera";2026;"outubro";0
"PLAT. DE CAPTAÇÃO E PRODUÇÃO";"Sistema de Estabilização de Câmera";2026;"setembro";26388
"PLAT. DE CAPTAÇÃO E PRODUÇÃO";"Sistema de Estabilização de Câmera";2027;"fevereiro";0
"PLAT. DE CAPTAÇÃO E PRODUÇÃO";"Sistema de Estabilização de Câmera";2027;"janeiro";0
"PLAT. DE CAPTAÇÃO E PRODUÇÃO";"Sistema de Estabilização de Câmera";2027;"março";0
"PLAT. DE CAPTAÇÃO E PRODUÇÃO";"Sistema de Movimentação BSA - Obs. Crítica";2026;"abril";4759,19
"PLAT. DE CAPTAÇÃO E PRODUÇÃO";"Sistema de Movimentação BSA - Obs. Crítica";2026;"agosto";47652,04
"PLAT. DE CAPTAÇÃO E PRODUÇÃO";"Sistema de Movimentação BSA - Obs. Crítica";2026;"dezembro";0
"PLAT. DE CAPTAÇÃO E PRODUÇÃO";"Sistema de Movimentação BSA - Obs. Crítica";2026;"fevereiro";0
"PLAT. DE CAPTAÇÃO E PRODUÇÃO";"Sistema de Movimentação BSA - Obs. Crítica";2026;"janeiro";0
"PLAT. DE CAPTAÇÃO E PRODUÇÃO";"Sistema de Movimentação BSA - Obs. Crítica";2026;"julho";3699,51
"PLAT. DE CAPTAÇÃO E PRODUÇÃO";"Sistema de Movimentação BSA - Obs. Crítica";2026;"junho";0
"PLAT. DE CAPTAÇÃO E PRODUÇÃO";"Sistema de Movimentação BSA - Obs. Crítica";2026;"maio";54,61
"PLAT. DE CAPTAÇÃO E PRODUÇÃO";"Sistema de Movimentação BSA - Obs. Crítica";2026;"março";29523,81
"PLAT. DE CAPTAÇÃO E PRODUÇÃO";"Sistema de Movimentação BSA - Obs. Crítica";2026;"novembro";107054,96
"PLAT. DE CAPTAÇÃO E PRODUÇÃO";"Sistema de Movimentação BSA - Obs. Crítica";2026;"outubro";0
"PLAT. DE CAPTAÇÃO E PRODUÇÃO";"Sistema de Movimentação BSA - Obs. Crítica";2026;"setembro";1654,39
"PLAT. DE CAPTAÇÃO E PRODUÇÃO";"Sistema de Movimentação BSA - Obs. Crítica";2027;"fevereiro";0
"PLAT. DE CAPTAÇÃO E PRODUÇÃO";"Sistema de Movimentação BSA - Obs. Crítica";2027;"janeiro";0
"PLAT. DE CAPTAÇÃO E PRODUÇÃO";"Sistema de Movimentação BSA - Obs. Crítica";2027;"março";0
"PLAT. DE CAPTAÇÃO E PRODUÇÃO";"Sistemas de TP - Obs. crítica BSA";2026;"abril";0
"PLAT. DE CAPTAÇÃO E PRODUÇÃO";"Sistemas de TP - Obs. crítica BSA";2026;"agosto";0
"PLAT. DE CAPTAÇÃO E PRODUÇÃO";"Sistemas de TP - Obs. crítica BSA";2026;"dezembro";0
"PLAT. DE CAPTAÇÃO E PRODUÇÃO";"Sistemas de TP - Obs. crítica BSA";2026;"fevereiro";0
"PLAT. DE CAPTAÇÃO E PRODUÇÃO";"Sistemas de TP - Obs. crítica BSA";2026;"janeiro";0
"PLAT. DE CAPTAÇÃO E PRODUÇÃO";"Sistemas de TP - Obs. crítica BSA";2026;"julho";0
"PLAT. DE CAPTAÇÃO E PRODUÇÃO";"Sistemas de TP - Obs. crítica BSA";2026;"junho";0
"PLAT. DE CAPTAÇÃO E PRODUÇÃO";"Sistemas de TP - Obs. crítica BSA";2026;"maio";0
"PLAT. DE CAPTAÇÃO E PRODUÇÃO";"Sistemas de TP - Obs. crítica BSA";2026;"março";0
"PLAT. DE CAPTAÇÃO E PRODUÇÃO";"Sistemas de TP - Obs. crítica BSA";2026;"novembro";142772
"PLAT. DE CAPTAÇÃO E PRODUÇÃO";"Sistemas de TP - Obs. crítica BSA";2026;"outubro";492436
"PLAT. DE CAPTAÇÃO E PRODUÇÃO";"Sistemas de TP - Obs. crítica BSA";2026;"setembro";0
"PLAT. DE CAPTAÇÃO E PRODUÇÃO";"Sistemas de TP - Obs. crítica BSA";2027;"fevereiro";0
"PLAT. DE CAPTAÇÃO E PRODUÇÃO";"Sistemas de TP - Obs. crítica BSA";2027;"janeiro";0
"PLAT. DE CAPTAÇÃO E PRODUÇÃO";"Sistemas de TP - Obs. crítica BSA";2027;"março";0
"PLAT. DE CAPTAÇÃO E PRODUÇÃO";"Solução All In One";2026;"abril";0
"PLAT. DE CAPTAÇÃO E PRODUÇÃO";"Solução All In One";2026;"agosto";0
"PLAT. DE CAPTAÇÃO E PRODUÇÃO";"Solução All In One";2026;"dezembro";0
"PLAT. DE CAPTAÇÃO E PRODUÇÃO";"Solução All In One";2026;"fevereiro";0
"PLAT. DE CAPTAÇÃO E PRODUÇÃO";"Solução All In One";2026;"janeiro";0
"PLAT. DE CAPTAÇÃO E PRODUÇÃO";"Solução All In One";2026;"julho";0
"PLAT. DE CAPTAÇÃO E PRODUÇÃO";"Solução All In One";2026;"junho";0
"PLAT. DE CAPTAÇÃO E PRODUÇÃO";"Solução All In One";2026;"maio";0
"PLAT. DE CAPTAÇÃO E PRODUÇÃO";"Solução All In One";2026;"março";0
"PLAT. DE CAPTAÇÃO E PRODUÇÃO";"Solução All In One";2026;"novembro";0
"PLAT. DE CAPTAÇÃO E PRODUÇÃO";"Solução All In One";2026;"outubro";0
"PLAT. DE CAPTAÇÃO E PRODUÇÃO";"Solução All In One";2026;"setembro";0
"PLAT. DE CAPTAÇÃO E PRODUÇÃO";"Solução All In One";2027;"fevereiro";0
"PLAT. DE CAPTAÇÃO E PRODUÇÃO";"Solução All In One";2027;"janeiro";0
"PLAT. DE CAPTAÇÃO E PRODUÇÃO";"Solução All In One";2027;"março";0
"PLAT. DE CAPTAÇÃO E PRODUÇÃO";"Solução Tier 3 JB";2026;"abril";0
"PLAT. DE CAPTAÇÃO E PRODUÇÃO";"Solução Tier 3 JB";2026;"agosto";0
"PLAT. DE CAPTAÇÃO E PRODUÇÃO";"Solução Tier 3 JB";2026;"dezembro";0
"PLAT. DE CAPTAÇÃO E PRODUÇÃO";"Solução Tier 3 JB";2026;"fevereiro";0
"PLAT. DE CAPTAÇÃO E PRODUÇÃO";"Solução Tier 3 JB";2026;"janeiro";0
"PLAT. DE CAPTAÇÃO E PRODUÇÃO";"Solução Tier 3 JB";2026;"julho";0
"PLAT. DE CAPTAÇÃO E PRODUÇÃO";"Solução Tier 3 JB";2026;"junho";0
"PLAT. DE CAPTAÇÃO E PRODUÇÃO";"Solução Tier 3 JB";2026;"maio";0
"PLAT. DE CAPTAÇÃO E PRODUÇÃO";"Solução Tier 3 JB";2026;"março";0
"PLAT. DE CAPTAÇÃO E PRODUÇÃO";"Solução Tier 3 JB";2026;"novembro";235
"PLAT. DE CAPTAÇÃO E PRODUÇÃO";"Solução Tier 3 JB";2026;"outubro";0
"PLAT. DE CAPTAÇÃO E PRODUÇÃO";"Solução Tier 3 JB";2026;"setembro";7111,63
"PLAT. DE CAPTAÇÃO E PRODUÇÃO";"Solução Tier 3 JB";2027;"fevereiro";0
"PLAT. DE CAPTAÇÃO E PRODUÇÃO";"Solução Tier 3 JB";2027;"janeiro";0
"PLAT. DE CAPTAÇÃO E PRODUÇÃO";"Solução Tier 3 JB";2027;"março";0
"PLAT. DE CAPTAÇÃO E PRODUÇÃO";"Tecnologia Nova Sede Brasília";2026;"abril";0
"PLAT. DE CAPTAÇÃO E PRODUÇÃO";"Tecnologia Nova Sede Brasília";2026;"agosto";205396,67
"PLAT. DE CAPTAÇÃO E PRODUÇÃO";"Tecnologia Nova Sede Brasília";2026;"dezembro";1404407
"PLAT. DE CAPTAÇÃO E PRODUÇÃO";"Tecnologia Nova Sede Brasília";2026;"fevereiro";0
"PLAT. DE CAPTAÇÃO E PRODUÇÃO";"Tecnologia Nova Sede Brasília";2026;"janeiro";0
"PLAT. DE CAPTAÇÃO E PRODUÇÃO";"Tecnologia Nova Sede Brasília";2026;"julho";67203,99
"PLAT. DE CAPTAÇÃO E PRODUÇÃO";"Tecnologia Nova Sede Brasília";2026;"junho";105547,52
"PLAT. DE CAPTAÇÃO E PRODUÇÃO";"Tecnologia Nova Sede Brasília";2026;"maio";0
"PLAT. DE CAPTAÇÃO E PRODUÇÃO";"Tecnologia Nova Sede Brasília";2026;"março";0
"PLAT. DE CAPTAÇÃO E PRODUÇÃO";"Tecnologia Nova Sede Brasília";2026;"novembro";1419462
"PLAT. DE CAPTAÇÃO E PRODUÇÃO";"Tecnologia Nova Sede Brasília";2026;"outubro";1164062
"PLAT. DE CAPTAÇÃO E PRODUÇÃO";"Tecnologia Nova Sede Brasília";2026;"setembro";613244,33000000007
"PLAT. DE CAPTAÇÃO E PRODUÇÃO";"Tecnologia Nova Sede Brasília";2027;"fevereiro";0
"PLAT. DE CAPTAÇÃO E PRODUÇÃO";"Tecnologia Nova Sede Brasília";2027;"janeiro";0
"PLAT. DE CAPTAÇÃO E PRODUÇÃO";"Tecnologia Nova Sede Brasília";2027;"março";21471046
"PLAT. DE CAPTAÇÃO E PRODUÇÃO";"UPR – Unidade de Produção Remota";2026;"abril";0
"PLAT. DE CAPTAÇÃO E PRODUÇÃO";"UPR – Unidade de Produção Remota";2026;"agosto";0
"PLAT. DE CAPTAÇÃO E PRODUÇÃO";"UPR – Unidade de Produção Remota";2026;"dezembro";0
"PLAT. DE CAPTAÇÃO E PRODUÇÃO";"UPR – Unidade de Produção Remota";2026;"fevereiro";0
"PLAT. DE CAPTAÇÃO E PRODUÇÃO";"UPR – Unidade de Produção Remota";2026;"janeiro";144992,52
"PLAT. DE CAPTAÇÃO E PRODUÇÃO";"UPR – Unidade de Produção Remota";2026;"julho";0
"PLAT. DE CAPTAÇÃO E PRODUÇÃO";"UPR – Unidade de Produção Remota";2026;"junho";0
"PLAT. DE CAPTAÇÃO E PRODUÇÃO";"UPR – Unidade de Produção Remota";2026;"maio";0
"PLAT. DE CAPTAÇÃO E PRODUÇÃO";"UPR – Unidade de Produção Remota";2026;"março";0
"PLAT. DE CAPTAÇÃO E PRODUÇÃO";"UPR – Unidade de Produção Remota";2026;"novembro";0
"PLAT. DE CAPTAÇÃO E PRODUÇÃO";"UPR – Unidade de Produção Remota";2026;"outubro";0
"PLAT. DE CAPTAÇÃO E PRODUÇÃO";"UPR – Unidade de Produção Remota";2026;"setembro";0
"PLAT. DE CAPTAÇÃO E PRODUÇÃO";"UPR – Unidade de Produção Remota";2027;"fevereiro";0
"PLAT. DE CAPTAÇÃO E PRODUÇÃO";"UPR – Unidade de Produção Remota";2027;"janeiro";0
"PLAT. DE CAPTAÇÃO E PRODUÇÃO";"UPR – Unidade de Produção Remota";2027;"março";0
"PLAT. DE METADADOS E MÍDIAS";"Acervo Musical Integrado e Desativação do SOM";2026;"abril";0
"PLAT. DE METADADOS E MÍDIAS";"Acervo Musical Integrado e Desativação do SOM";2026;"agosto";20409,62
"PLAT. DE METADADOS E MÍDIAS";"Acervo Musical Integrado e Desativação do SOM";2026;"dezembro";310345
"PLAT. DE METADADOS E MÍDIAS";"Acervo Musical Integrado e Desativação do SOM";2026;"fevereiro";0
"PLAT. DE METADADOS E MÍDIAS";"Acervo Musical Integrado e Desativação do SOM";2026;"janeiro";0
"PLAT. DE METADADOS E MÍDIAS";"Acervo Musical Integrado e Desativação do SOM";2026;"julho";14970,48
"PLAT. DE METADADOS E MÍDIAS";"Acervo Musical Integrado e Desativação do SOM";2026;"junho";0
"PLAT. DE METADADOS E MÍDIAS";"Acervo Musical Integrado e Desativação do SOM";2026;"maio";0
"PLAT. DE METADADOS E MÍDIAS";"Acervo Musical Integrado e Desativação do SOM";2026;"março";0
"PLAT. DE METADADOS E MÍDIAS";"Acervo Musical Integrado e Desativação do SOM";2026;"novembro";0
"PLAT. DE METADADOS E MÍDIAS";"Acervo Musical Integrado e Desativação do SOM";2026;"outubro";84275
"PLAT. DE METADADOS E MÍDIAS";"Acervo Musical Integrado e Desativação do SOM";2026;"setembro";0
"PLAT. DE METADADOS E MÍDIAS";"Acervo Musical Integrado e Desativação do SOM";2027;"fevereiro";0
"PLAT. DE METADADOS E MÍDIAS";"Acervo Musical Integrado e Desativação do SOM";2027;"janeiro";0
"PLAT. DE METADADOS E MÍDIAS";"Acervo Musical Integrado e Desativação do SOM";2027;"março";0
"PLAT. DE METADADOS E MÍDIAS";"Cloudification e Evolução";2026;"abril";0
"PLAT. DE METADADOS E MÍDIAS";"Cloudification e Evolução";2026;"agosto";0
"PLAT. DE METADADOS E MÍDIAS";"Cloudification e Evolução";2026;"dezembro";0
"PLAT. DE METADADOS E MÍDIAS";"Cloudification e Evolução";2026;"fevereiro";0
"PLAT. DE METADADOS E MÍDIAS";"Cloudification e Evolução";2026;"janeiro";0
"PLAT. DE METADADOS E MÍDIAS";"Cloudification e Evolução";2026;"julho";0
"PLAT. DE METADADOS E MÍDIAS";"Cloudification e Evolução";2026;"junho";0
"PLAT. DE METADADOS E MÍDIAS";"Cloudification e Evolução";2026;"maio";0
"PLAT. DE METADADOS E MÍDIAS";"Cloudification e Evolução";2026;"março";69000
"PLAT. DE METADADOS E MÍDIAS";"Cloudification e Evolução";2026;"novembro";0
"PLAT. DE METADADOS E MÍDIAS";"Cloudification e Evolução";2026;"outubro";12427,02
"PLAT. DE METADADOS E MÍDIAS";"Cloudification e Evolução";2026;"setembro";13015,98
"PLAT. DE METADADOS E MÍDIAS";"Cloudification e Evolução";2027;"fevereiro";0
"PLAT. DE METADADOS E MÍDIAS";"Cloudification e Evolução";2027;"janeiro";0
"PLAT. DE METADADOS E MÍDIAS";"Cloudification e Evolução";2027;"março";0
"PLAT. DE METADADOS E MÍDIAS";"Consolidação Storage Acervo Íon 2024";2026;"abril";0
"PLAT. DE METADADOS E MÍDIAS";"Consolidação Storage Acervo Íon 2024";2026;"agosto";0
"PLAT. DE METADADOS E MÍDIAS";"Consolidação Storage Acervo Íon 2024";2026;"dezembro";0
"PLAT. DE METADADOS E MÍDIAS";"Consolidação Storage Acervo Íon 2024";2026;"fevereiro";0
"PLAT. DE METADADOS E MÍDIAS";"Consolidação Storage Acervo Íon 2024";2026;"janeiro";0
"PLAT. DE METADADOS E MÍDIAS";"Consolidação Storage Acervo Íon 2024";2026;"julho";0
"PLAT. DE METADADOS E MÍDIAS";"Consolidação Storage Acervo Íon 2024";2026;"junho";0
"PLAT. DE METADADOS E MÍDIAS";"Consolidação Storage Acervo Íon 2024";2026;"maio";0
"PLAT. DE METADADOS E MÍDIAS";"Consolidação Storage Acervo Íon 2024";2026;"março";0
"PLAT. DE METADADOS E MÍDIAS";"Consolidação Storage Acervo Íon 2024";2026;"novembro";0
"PLAT. DE METADADOS E MÍDIAS";"Consolidação Storage Acervo Íon 2024";2026;"outubro";0
"PLAT. DE METADADOS E MÍDIAS";"Consolidação Storage Acervo Íon 2024";2026;"setembro";0
"PLAT. DE METADADOS E MÍDIAS";"Consolidação Storage Acervo Íon 2024";2027;"fevereiro";0
"PLAT. DE METADADOS E MÍDIAS";"Consolidação Storage Acervo Íon 2024";2027;"janeiro";0
"PLAT. DE METADADOS E MÍDIAS";"Consolidação Storage Acervo Íon 2024";2027;"março";0
"PLAT. DE METADADOS E MÍDIAS";"Desativação Gradeweb (migração para o Guia)";2026;"abril";195000
"PLAT. DE METADADOS E MÍDIAS";"Desativação Gradeweb (migração para o Guia)";2026;"agosto";25000
"PLAT. DE METADADOS E MÍDIAS";"Desativação Gradeweb (migração para o Guia)";2026;"dezembro";125000
"PLAT. DE METADADOS E MÍDIAS";"Desativação Gradeweb (migração para o Guia)";2026;"fevereiro";50000
"PLAT. DE METADADOS E MÍDIAS";"Desativação Gradeweb (migração para o Guia)";2026;"janeiro";0
"PLAT. DE METADADOS E MÍDIAS";"Desativação Gradeweb (migração para o Guia)";2026;"julho";0
"PLAT. DE METADADOS E MÍDIAS";"Desativação Gradeweb (migração para o Guia)";2026;"junho";50000
"PLAT. DE METADADOS E MÍDIAS";"Desativação Gradeweb (migração para o Guia)";2026;"maio";25000
"PLAT. DE METADADOS E MÍDIAS";"Desativação Gradeweb (migração para o Guia)";2026;"março";0
"PLAT. DE METADADOS E MÍDIAS";"Desativação Gradeweb (migração para o Guia)";2026;"novembro";0
"PLAT. DE METADADOS E MÍDIAS";"Desativação Gradeweb (migração para o Guia)";2026;"outubro";0
"PLAT. DE METADADOS E MÍDIAS";"Desativação Gradeweb (migração para o Guia)";2026;"setembro";0
"PLAT. DE METADADOS E MÍDIAS";"Desativação Gradeweb (migração para o Guia)";2027;"fevereiro";0
"PLAT. DE METADADOS E MÍDIAS";"Desativação Gradeweb (migração para o Guia)";2027;"janeiro";0
"PLAT. DE METADADOS E MÍDIAS";"Desativação Gradeweb (migração para o Guia)";2027;"março";0
"PLAT. DE METADADOS E MÍDIAS";"Desenvolvimento do Hub de Direitos";2026;"abril";0
"PLAT. DE METADADOS E MÍDIAS";"Desenvolvimento do Hub de Direitos";2026;"agosto";0
"PLAT. DE METADADOS E MÍDIAS";"Desenvolvimento do Hub de Direitos";2026;"dezembro";37918,84
"PLAT. DE METADADOS E MÍDIAS";"Desenvolvimento do Hub de Direitos";2026;"fevereiro";0
"PLAT. DE METADADOS E MÍDIAS";"Desenvolvimento do Hub de Direitos";2026;"janeiro";0
"PLAT. DE METADADOS E MÍDIAS";"Desenvolvimento do Hub de Direitos";2026;"julho";144862,16
"PLAT. DE METADADOS E MÍDIAS";"Desenvolvimento do Hub de Direitos";2026;"junho";117500
"PLAT. DE METADADOS E MÍDIAS";"Desenvolvimento do Hub de Direitos";2026;"maio";0
"PLAT. DE METADADOS E MÍDIAS";"Desenvolvimento do Hub de Direitos";2026;"março";0
"PLAT. DE METADADOS E MÍDIAS";"Desenvolvimento do Hub de Direitos";2026;"novembro";52219
"PLAT. DE METADADOS E MÍDIAS";"Desenvolvimento do Hub de Direitos";2026;"outubro";0
"PLAT. DE METADADOS E MÍDIAS";"Desenvolvimento do Hub de Direitos";2026;"setembro";117500
"PLAT. DE METADADOS E MÍDIAS";"Desenvolvimento do Hub de Direitos";2027;"fevereiro";0
"PLAT. DE METADADOS E MÍDIAS";"Desenvolvimento do Hub de Direitos";2027;"janeiro";0
"PLAT. DE METADADOS E MÍDIAS";"Desenvolvimento do Hub de Direitos";2027;"março";0
"PLAT. DE METADADOS E MÍDIAS";"Globo Midia";2026;"abril";0
"PLAT. DE METADADOS E MÍDIAS";"Globo Midia";2026;"agosto";0
"PLAT. DE METADADOS E MÍDIAS";"Globo Midia";2026;"dezembro";3821
"PLAT. DE METADADOS E MÍDIAS";"Globo Midia";2026;"fevereiro";0
"PLAT. DE METADADOS E MÍDIAS";"Globo Midia";2026;"janeiro";0
"PLAT. DE METADADOS E MÍDIAS";"Globo Midia";2026;"julho";0
"PLAT. DE METADADOS E MÍDIAS";"Globo Midia";2026;"junho";0
"PLAT. DE METADADOS E MÍDIAS";"Globo Midia";2026;"maio";0
"PLAT. DE METADADOS E MÍDIAS";"Globo Midia";2026;"março";0
"PLAT. DE METADADOS E MÍDIAS";"Globo Midia";2026;"novembro";0
"PLAT. DE METADADOS E MÍDIAS";"Globo Midia";2026;"outubro";0
"PLAT. DE METADADOS E MÍDIAS";"Globo Midia";2026;"setembro";0
"PLAT. DE METADADOS E MÍDIAS";"Globo Midia";2027;"fevereiro";0
"PLAT. DE METADADOS E MÍDIAS";"Globo Midia";2027;"janeiro";0
"PLAT. DE METADADOS E MÍDIAS";"Globo Midia";2027;"março";0
"PLAT. DE METADADOS E MÍDIAS";"Globo Mídia - Integrações com Plataformas de Mídias e Dados e Evolução do UniCo";2026;"abril";88937,98
"PLAT. DE METADADOS E MÍDIAS";"Globo Mídia - Integrações com Plataformas de Mídias e Dados e Evolução do UniCo";2026;"agosto";0
"PLAT. DE METADADOS E MÍDIAS";"Globo Mídia - Integrações com Plataformas de Mídias e Dados e Evolução do UniCo";2026;"dezembro";52875
"PLAT. DE METADADOS E MÍDIAS";"Globo Mídia - Integrações com Plataformas de Mídias e Dados e Evolução do UniCo";2026;"fevereiro";76800
"PLAT. DE METADADOS E MÍDIAS";"Globo Mídia - Integrações com Plataformas de Mídias e Dados e Evolução do UniCo";2026;"janeiro";21407,39
"PLAT. DE METADADOS E MÍDIAS";"Globo Mídia - Integrações com Plataformas de Mídias e Dados e Evolução do UniCo";2026;"julho";375559,41000000003
"PLAT. DE METADADOS E MÍDIAS";"Globo Mídia - Integrações com Plataformas de Mídias e Dados e Evolução do UniCo";2026;"junho";940279,66
"PLAT. DE METADADOS E MÍDIAS";"Globo Mídia - Integrações com Plataformas de Mídias e Dados e Evolução do UniCo";2026;"maio";70274,9
"PLAT. DE METADADOS E MÍDIAS";"Globo Mídia - Integrações com Plataformas de Mídias e Dados e Evolução do UniCo";2026;"março";59380,8
"PLAT. DE METADADOS E MÍDIAS";"Globo Mídia - Integrações com Plataformas de Mídias e Dados e Evolução do UniCo";2026;"novembro";585638
"PLAT. DE METADADOS E MÍDIAS";"Globo Mídia - Integrações com Plataformas de Mídias e Dados e Evolução do UniCo";2026;"outubro";212713
"PLAT. DE METADADOS E MÍDIAS";"Globo Mídia - Integrações com Plataformas de Mídias e Dados e Evolução do UniCo";2026;"setembro";140042
"PLAT. DE METADADOS E MÍDIAS";"Globo Mídia - Integrações com Plataformas de Mídias e Dados e Evolução do UniCo";2027;"fevereiro";0
"PLAT. DE METADADOS E MÍDIAS";"Globo Mídia - Integrações com Plataformas de Mídias e Dados e Evolução do UniCo";2027;"janeiro";47513
"PLAT. DE METADADOS E MÍDIAS";"Globo Mídia - Integrações com Plataformas de Mídias e Dados e Evolução do UniCo";2027;"março";1989698
"PLAT. DE METADADOS E MÍDIAS";"Migração dos Sistemas legados do Acervo EG";2026;"abril";95418,2
"PLAT. DE METADADOS E MÍDIAS";"Migração dos Sistemas legados do Acervo EG";2026;"agosto";0
"PLAT. DE METADADOS E MÍDIAS";"Migração dos Sistemas legados do Acervo EG";2026;"dezembro";0
"PLAT. DE METADADOS E MÍDIAS";"Migração dos Sistemas legados do Acervo EG";2026;"fevereiro";0
"PLAT. DE METADADOS E MÍDIAS";"Migração dos Sistemas legados do Acervo EG";2026;"janeiro";0
"PLAT. DE METADADOS E MÍDIAS";"Migração dos Sistemas legados do Acervo EG";2026;"julho";43731,36
"PLAT. DE METADADOS E MÍDIAS";"Migração dos Sistemas legados do Acervo EG";2026;"junho";266252,42000000004
"PLAT. DE METADADOS E MÍDIAS";"Migração dos Sistemas legados do Acervo EG";2026;"maio";0
"PLAT. DE METADADOS E MÍDIAS";"Migração dos Sistemas legados do Acervo EG";2026;"março";0
"PLAT. DE METADADOS E MÍDIAS";"Migração dos Sistemas legados do Acervo EG";2026;"novembro";302259
"PLAT. DE METADADOS E MÍDIAS";"Migração dos Sistemas legados do Acervo EG";2026;"outubro";104003,58
"PLAT. DE METADADOS E MÍDIAS";"Migração dos Sistemas legados do Acervo EG";2026;"setembro";28335,42
"PLAT. DE METADADOS E MÍDIAS";"Migração dos Sistemas legados do Acervo EG";2027;"fevereiro";0
"PLAT. DE METADADOS E MÍDIAS";"Migração dos Sistemas legados do Acervo EG";2027;"janeiro";0
"PLAT. DE METADADOS E MÍDIAS";"Migração dos Sistemas legados do Acervo EG";2027;"março";0
"PLAT. DE METADADOS E MÍDIAS";"Obs. Servidores ACTORs DIVA + Upgrade LTO ION";2026;"abril";3739,4
"PLAT. DE METADADOS E MÍDIAS";"Obs. Servidores ACTORs DIVA + Upgrade LTO ION";2026;"agosto";0
"PLAT. DE METADADOS E MÍDIAS";"Obs. Servidores ACTORs DIVA + Upgrade LTO ION";2026;"dezembro";61000
"PLAT. DE METADADOS E MÍDIAS";"Obs. Servidores ACTORs DIVA + Upgrade LTO ION";2026;"fevereiro";58277,77
"PLAT. DE METADADOS E MÍDIAS";"Obs. Servidores ACTORs DIVA + Upgrade LTO ION";2026;"janeiro";51893,92
"PLAT. DE METADADOS E MÍDIAS";"Obs. Servidores ACTORs DIVA + Upgrade LTO ION";2026;"julho";0
"PLAT. DE METADADOS E MÍDIAS";"Obs. Servidores ACTORs DIVA + Upgrade LTO ION";2026;"junho";0
"PLAT. DE METADADOS E MÍDIAS";"Obs. Servidores ACTORs DIVA + Upgrade LTO ION";2026;"maio";0
"PLAT. DE METADADOS E MÍDIAS";"Obs. Servidores ACTORs DIVA + Upgrade LTO ION";2026;"março";57028,8
"PLAT. DE METADADOS E MÍDIAS";"Obs. Servidores ACTORs DIVA + Upgrade LTO ION";2026;"novembro";83878
"PLAT. DE METADADOS E MÍDIAS";"Obs. Servidores ACTORs DIVA + Upgrade LTO ION";2026;"outubro";0
"PLAT. DE METADADOS E MÍDIAS";"Obs. Servidores ACTORs DIVA + Upgrade LTO ION";2026;"setembro";327216,05
"PLAT. DE METADADOS E MÍDIAS";"Obs. Servidores ACTORs DIVA + Upgrade LTO ION";2027;"fevereiro";0
"PLAT. DE METADADOS E MÍDIAS";"Obs. Servidores ACTORs DIVA + Upgrade LTO ION";2027;"janeiro";0
"PLAT. DE METADADOS E MÍDIAS";"Obs. Servidores ACTORs DIVA + Upgrade LTO ION";2027;"março";0
"PLAT. DE METADADOS E MÍDIAS";"Obsolescência Ilhas edição Acervo";2026;"abril";0
"PLAT. DE METADADOS E MÍDIAS";"Obsolescência Ilhas edição Acervo";2026;"agosto";20458
"PLAT. DE METADADOS E MÍDIAS";"Obsolescência Ilhas edição Acervo";2026;"dezembro";113215
"PLAT. DE METADADOS E MÍDIAS";"Obsolescência Ilhas edição Acervo";2026;"fevereiro";0
"PLAT. DE METADADOS E MÍDIAS";"Obsolescência Ilhas edição Acervo";2026;"janeiro";0
"PLAT. DE METADADOS E MÍDIAS";"Obsolescência Ilhas edição Acervo";2026;"julho";40916
"PLAT. DE METADADOS E MÍDIAS";"Obsolescência Ilhas edição Acervo";2026;"junho";0
"PLAT. DE METADADOS E MÍDIAS";"Obsolescência Ilhas edição Acervo";2026;"maio";0
"PLAT. DE METADADOS E MÍDIAS";"Obsolescência Ilhas edição Acervo";2026;"março";0
"PLAT. DE METADADOS E MÍDIAS";"Obsolescência Ilhas edição Acervo";2026;"novembro";0
"PLAT. DE METADADOS E MÍDIAS";"Obsolescência Ilhas edição Acervo";2026;"outubro";0
"PLAT. DE METADADOS E MÍDIAS";"Obsolescência Ilhas edição Acervo";2026;"setembro";0
"PLAT. DE METADADOS E MÍDIAS";"Obsolescência Ilhas edição Acervo";2027;"fevereiro";0
"PLAT. DE METADADOS E MÍDIAS";"Obsolescência Ilhas edição Acervo";2027;"janeiro";0
"PLAT. DE METADADOS E MÍDIAS";"Obsolescência Ilhas edição Acervo";2027;"março";631411
"PLAT. DE METADADOS E MÍDIAS";"Upgrade da Aplicação do MAM/PAM VIZRT";2026;"abril";30000
"PLAT. DE METADADOS E MÍDIAS";"Upgrade da Aplicação do MAM/PAM VIZRT";2026;"agosto";0
"PLAT. DE METADADOS E MÍDIAS";"Upgrade da Aplicação do MAM/PAM VIZRT";2026;"dezembro";0
"PLAT. DE METADADOS E MÍDIAS";"Upgrade da Aplicação do MAM/PAM VIZRT";2026;"fevereiro";0
"PLAT. DE METADADOS E MÍDIAS";"Upgrade da Aplicação do MAM/PAM VIZRT";2026;"janeiro";39130,57
"PLAT. DE METADADOS E MÍDIAS";"Upgrade da Aplicação do MAM/PAM VIZRT";2026;"julho";15000
"PLAT. DE METADADOS E MÍDIAS";"Upgrade da Aplicação do MAM/PAM VIZRT";2026;"junho";15000
"PLAT. DE METADADOS E MÍDIAS";"Upgrade da Aplicação do MAM/PAM VIZRT";2026;"maio";30000
"PLAT. DE METADADOS E MÍDIAS";"Upgrade da Aplicação do MAM/PAM VIZRT";2026;"março";30000
"PLAT. DE METADADOS E MÍDIAS";"Upgrade da Aplicação do MAM/PAM VIZRT";2026;"novembro";0
"PLAT. DE METADADOS E MÍDIAS";"Upgrade da Aplicação do MAM/PAM VIZRT";2026;"outubro";0
"PLAT. DE METADADOS E MÍDIAS";"Upgrade da Aplicação do MAM/PAM VIZRT";2026;"setembro";0
"PLAT. DE METADADOS E MÍDIAS";"Upgrade da Aplicação do MAM/PAM VIZRT";2027;"fevereiro";0
"PLAT. DE METADADOS E MÍDIAS";"Upgrade da Aplicação do MAM/PAM VIZRT";2027;"janeiro";0
"PLAT. DE METADADOS E MÍDIAS";"Upgrade da Aplicação do MAM/PAM VIZRT";2027;"março";0
"PLAT. DE METADADOS E MÍDIAS";"Upgrade Mecalux";2026;"abril";0
"PLAT. DE METADADOS E MÍDIAS";"Upgrade Mecalux";2026;"agosto";0
"PLAT. DE METADADOS E MÍDIAS";"Upgrade Mecalux";2026;"dezembro";0
"PLAT. DE METADADOS E MÍDIAS";"Upgrade Mecalux";2026;"fevereiro";0
"PLAT. DE METADADOS E MÍDIAS";"Upgrade Mecalux";2026;"janeiro";0
"PLAT. DE METADADOS E MÍDIAS";"Upgrade Mecalux";2026;"julho";0
"PLAT. DE METADADOS E MÍDIAS";"Upgrade Mecalux";2026;"junho";31930
"PLAT. DE METADADOS E MÍDIAS";"Upgrade Mecalux";2026;"maio";0
"PLAT. DE METADADOS E MÍDIAS";"Upgrade Mecalux";2026;"março";0
"PLAT. DE METADADOS E MÍDIAS";"Upgrade Mecalux";2026;"novembro";32346
"PLAT. DE METADADOS E MÍDIAS";"Upgrade Mecalux";2026;"outubro";119454
"PLAT. DE METADADOS E MÍDIAS";"Upgrade Mecalux";2026;"setembro";0
"PLAT. DE METADADOS E MÍDIAS";"Upgrade Mecalux";2027;"fevereiro";469435
"PLAT. DE METADADOS E MÍDIAS";"Upgrade Mecalux";2027;"janeiro";0
"PLAT. DE METADADOS E MÍDIAS";"Upgrade Mecalux";2027;"março";650000
"PLAT. DE PÓS-PROD. E DESIGN";"Ambiente de Criação GC 4K SP";2026;"abril";23449,5
"PLAT. DE PÓS-PROD. E DESIGN";"Ambiente de Criação GC 4K SP";2026;"agosto";444
"PLAT. DE PÓS-PROD. E DESIGN";"Ambiente de Criação GC 4K SP";2026;"dezembro";0
"PLAT. DE PÓS-PROD. E DESIGN";"Ambiente de Criação GC 4K SP";2026;"fevereiro";1148,92
"PLAT. DE PÓS-PROD. E DESIGN";"Ambiente de Criação GC 4K SP";2026;"janeiro";54207,270000000004
"PLAT. DE PÓS-PROD. E DESIGN";"Ambiente de Criação GC 4K SP";2026;"julho";0
"PLAT. DE PÓS-PROD. E DESIGN";"Ambiente de Criação GC 4K SP";2026;"junho";5319,32
"PLAT. DE PÓS-PROD. E DESIGN";"Ambiente de Criação GC 4K SP";2026;"maio";24504
"PLAT. DE PÓS-PROD. E DESIGN";"Ambiente de Criação GC 4K SP";2026;"março";53936,05
"PLAT. DE PÓS-PROD. E DESIGN";"Ambiente de Criação GC 4K SP";2026;"novembro";0
"PLAT. DE PÓS-PROD. E DESIGN";"Ambiente de Criação GC 4K SP";2026;"outubro";0
"PLAT. DE PÓS-PROD. E DESIGN";"Ambiente de Criação GC 4K SP";2026;"setembro";6064
"PLAT. DE PÓS-PROD. E DESIGN";"Ambiente de Criação GC 4K SP";2027;"fevereiro";0
"PLAT. DE PÓS-PROD. E DESIGN";"Ambiente de Criação GC 4K SP";2027;"janeiro";0
"PLAT. DE PÓS-PROD. E DESIGN";"Ambiente de Criação GC 4K SP";2027;"março";0
"PLAT. DE PÓS-PROD. E DESIGN";"Áudio Imersivo MPEG-H (Sonos: 2 EG + 1 SP)";2026;"abril";29845,2
"PLAT. DE PÓS-PROD. E DESIGN";"Áudio Imersivo MPEG-H (Sonos: 2 EG + 1 SP)";2026;"agosto";12710
"PLAT. DE PÓS-PROD. E DESIGN";"Áudio Imersivo MPEG-H (Sonos: 2 EG + 1 SP)";2026;"dezembro";255095
"PLAT. DE PÓS-PROD. E DESIGN";"Áudio Imersivo MPEG-H (Sonos: 2 EG + 1 SP)";2026;"fevereiro";3425,51
"PLAT. DE PÓS-PROD. E DESIGN";"Áudio Imersivo MPEG-H (Sonos: 2 EG + 1 SP)";2026;"janeiro";25343,62
"PLAT. DE PÓS-PROD. E DESIGN";"Áudio Imersivo MPEG-H (Sonos: 2 EG + 1 SP)";2026;"julho";7500
"PLAT. DE PÓS-PROD. E DESIGN";"Áudio Imersivo MPEG-H (Sonos: 2 EG + 1 SP)";2026;"junho";29951,76
"PLAT. DE PÓS-PROD. E DESIGN";"Áudio Imersivo MPEG-H (Sonos: 2 EG + 1 SP)";2026;"maio";57242,08
"PLAT. DE PÓS-PROD. E DESIGN";"Áudio Imersivo MPEG-H (Sonos: 2 EG + 1 SP)";2026;"março";34055
"PLAT. DE PÓS-PROD. E DESIGN";"Áudio Imersivo MPEG-H (Sonos: 2 EG + 1 SP)";2026;"novembro";0
"PLAT. DE PÓS-PROD. E DESIGN";"Áudio Imersivo MPEG-H (Sonos: 2 EG + 1 SP)";2026;"outubro";0
"PLAT. DE PÓS-PROD. E DESIGN";"Áudio Imersivo MPEG-H (Sonos: 2 EG + 1 SP)";2026;"setembro";227092
"PLAT. DE PÓS-PROD. E DESIGN";"Áudio Imersivo MPEG-H (Sonos: 2 EG + 1 SP)";2027;"fevereiro";0
"PLAT. DE PÓS-PROD. E DESIGN";"Áudio Imersivo MPEG-H (Sonos: 2 EG + 1 SP)";2027;"janeiro";0
"PLAT. DE PÓS-PROD. E DESIGN";"Áudio Imersivo MPEG-H (Sonos: 2 EG + 1 SP)";2027;"março";0
"PLAT. DE PÓS-PROD. E DESIGN";"Backend GC ION & Homolog GC EG";2026;"abril";72470,41
"PLAT. DE PÓS-PROD. E DESIGN";"Backend GC ION & Homolog GC EG";2026;"agosto";130333,13
"PLAT. DE PÓS-PROD. E DESIGN";"Backend GC ION & Homolog GC EG";2026;"dezembro";0
"PLAT. DE PÓS-PROD. E DESIGN";"Backend GC ION & Homolog GC EG";2026;"fevereiro";150768,64
"PLAT. DE PÓS-PROD. E DESIGN";"Backend GC ION & Homolog GC EG";2026;"janeiro";188359,6
"PLAT. DE PÓS-PROD. E DESIGN";"Backend GC ION & Homolog GC EG";2026;"julho";153727,9
"PLAT. DE PÓS-PROD. E DESIGN";"Backend GC ION & Homolog GC EG";2026;"junho";211421,56
"PLAT. DE PÓS-PROD. E DESIGN";"Backend GC ION & Homolog GC EG";2026;"maio";44674,79
"PLAT. DE PÓS-PROD. E DESIGN";"Backend GC ION & Homolog GC EG";2026;"março";119118,19
"PLAT. DE PÓS-PROD. E DESIGN";"Backend GC ION & Homolog GC EG";2026;"novembro";91536,87
"PLAT. DE PÓS-PROD. E DESIGN";"Backend GC ION & Homolog GC EG";2026;"outubro";25000
"PLAT. DE PÓS-PROD. E DESIGN";"Backend GC ION & Homolog GC EG";2026;"setembro";40675
"PLAT. DE PÓS-PROD. E DESIGN";"Backend GC ION & Homolog GC EG";2027;"fevereiro";0
"PLAT. DE PÓS-PROD. E DESIGN";"Backend GC ION & Homolog GC EG";2027;"janeiro";0
"PLAT. DE PÓS-PROD. E DESIGN";"Backend GC ION & Homolog GC EG";2027;"março";0
"PLAT. DE PÓS-PROD. E DESIGN";"Campo tático";2026;"abril";15600
"PLAT. DE PÓS-PROD. E DESIGN";"Campo tático";2026;"agosto";0
"PLAT. DE PÓS-PROD. E DESIGN";"Campo tático";2026;"dezembro";0
"PLAT. DE PÓS-PROD. E DESIGN";"Campo tático";2026;"fevereiro";0
"PLAT. DE PÓS-PROD. E DESIGN";"Campo tático";2026;"janeiro";0
"PLAT. DE PÓS-PROD. E DESIGN";"Campo tático";2026;"julho";0
"PLAT. DE PÓS-PROD. E DESIGN";"Campo tático";2026;"junho";0
"PLAT. DE PÓS-PROD. E DESIGN";"Campo tático";2026;"maio";0
"PLAT. DE PÓS-PROD. E DESIGN";"Campo tático";2026;"março";0
"PLAT. DE PÓS-PROD. E DESIGN";"Campo tático";2026;"novembro";9898
"PLAT. DE PÓS-PROD. E DESIGN";"Campo tático";2026;"outubro";0
"PLAT. DE PÓS-PROD. E DESIGN";"Campo tático";2026;"setembro";2276
"PLAT. DE PÓS-PROD. E DESIGN";"Campo tático";2027;"fevereiro";0
"PLAT. DE PÓS-PROD. E DESIGN";"Campo tático";2027;"janeiro";0
"PLAT. DE PÓS-PROD. E DESIGN";"Campo tático";2027;"março";0
"PLAT. DE PÓS-PROD. E DESIGN";"Cloudification - VFX - GCP";2026;"abril";0
"PLAT. DE PÓS-PROD. E DESIGN";"Cloudification - VFX - GCP";2026;"agosto";0
"PLAT. DE PÓS-PROD. E DESIGN";"Cloudification - VFX - GCP";2026;"dezembro";0
"PLAT. DE PÓS-PROD. E DESIGN";"Cloudification - VFX - GCP";2026;"fevereiro";0
"PLAT. DE PÓS-PROD. E DESIGN";"Cloudification - VFX - GCP";2026;"janeiro";0
"PLAT. DE PÓS-PROD. E DESIGN";"Cloudification - VFX - GCP";2026;"julho";0
"PLAT. DE PÓS-PROD. E DESIGN";"Cloudification - VFX - GCP";2026;"junho";0
"PLAT. DE PÓS-PROD. E DESIGN";"Cloudification - VFX - GCP";2026;"maio";0
"PLAT. DE PÓS-PROD. E DESIGN";"Cloudification - VFX - GCP";2026;"março";0
"PLAT. DE PÓS-PROD. E DESIGN";"Cloudification - VFX - GCP";2026;"novembro";3523
"PLAT. DE PÓS-PROD. E DESIGN";"Cloudification - VFX - GCP";2026;"outubro";0
"PLAT. DE PÓS-PROD. E DESIGN";"Cloudification - VFX - GCP";2026;"setembro";0
"PLAT. DE PÓS-PROD. E DESIGN";"Cloudification - VFX - GCP";2027;"fevereiro";0
"PLAT. DE PÓS-PROD. E DESIGN";"Cloudification - VFX - GCP";2027;"janeiro";0
"PLAT. DE PÓS-PROD. E DESIGN";"Cloudification - VFX - GCP";2027;"março";0
"PLAT. DE PÓS-PROD. E DESIGN";"Consolidação Storages ÍON";2026;"abril";0
"PLAT. DE PÓS-PROD. E DESIGN";"Consolidação Storages ÍON";2026;"agosto";0
"PLAT. DE PÓS-PROD. E DESIGN";"Consolidação Storages ÍON";2026;"dezembro";0
"PLAT. DE PÓS-PROD. E DESIGN";"Consolidação Storages ÍON";2026;"fevereiro";0
"PLAT. DE PÓS-PROD. E DESIGN";"Consolidação Storages ÍON";2026;"janeiro";0
"PLAT. DE PÓS-PROD. E DESIGN";"Consolidação Storages ÍON";2026;"julho";0
"PLAT. DE PÓS-PROD. E DESIGN";"Consolidação Storages ÍON";2026;"junho";0
"PLAT. DE PÓS-PROD. E DESIGN";"Consolidação Storages ÍON";2026;"maio";0
"PLAT. DE PÓS-PROD. E DESIGN";"Consolidação Storages ÍON";2026;"março";0
"PLAT. DE PÓS-PROD. E DESIGN";"Consolidação Storages ÍON";2026;"novembro";0
"PLAT. DE PÓS-PROD. E DESIGN";"Consolidação Storages ÍON";2026;"outubro";0
"PLAT. DE PÓS-PROD. E DESIGN";"Consolidação Storages ÍON";2026;"setembro";0
"PLAT. DE PÓS-PROD. E DESIGN";"Consolidação Storages ÍON";2027;"fevereiro";0
"PLAT. DE PÓS-PROD. E DESIGN";"Consolidação Storages ÍON";2027;"janeiro";0
"PLAT. DE PÓS-PROD. E DESIGN";"Consolidação Storages ÍON";2027;"março";0
"PLAT. DE PÓS-PROD. E DESIGN";"Estações Design (2) - REC";2026;"abril";0
"PLAT. DE PÓS-PROD. E DESIGN";"Estações Design (2) - REC";2026;"agosto";0
"PLAT. DE PÓS-PROD. E DESIGN";"Estações Design (2) - REC";2026;"dezembro";0
"PLAT. DE PÓS-PROD. E DESIGN";"Estações Design (2) - REC";2026;"fevereiro";0
"PLAT. DE PÓS-PROD. E DESIGN";"Estações Design (2) - REC";2026;"janeiro";0
"PLAT. DE PÓS-PROD. E DESIGN";"Estações Design (2) - REC";2026;"julho";0
"PLAT. DE PÓS-PROD. E DESIGN";"Estações Design (2) - REC";2026;"junho";0
"PLAT. DE PÓS-PROD. E DESIGN";"Estações Design (2) - REC";2026;"maio";0
"PLAT. DE PÓS-PROD. E DESIGN";"Estações Design (2) - REC";2026;"março";0
"PLAT. DE PÓS-PROD. E DESIGN";"Estações Design (2) - REC";2026;"novembro";0
"PLAT. DE PÓS-PROD. E DESIGN";"Estações Design (2) - REC";2026;"outubro";0
"PLAT. DE PÓS-PROD. E DESIGN";"Estações Design (2) - REC";2026;"setembro";0
"PLAT. DE PÓS-PROD. E DESIGN";"Estações Design (2) - REC";2027;"fevereiro";0
"PLAT. DE PÓS-PROD. E DESIGN";"Estações Design (2) - REC";2027;"janeiro";0
"PLAT. DE PÓS-PROD. E DESIGN";"Estações Design (2) - REC";2027;"março";270096
"PLAT. DE PÓS-PROD. E DESIGN";"Estações Design (33) - EG";2026;"abril";0
"PLAT. DE PÓS-PROD. E DESIGN";"Estações Design (33) - EG";2026;"agosto";0
"PLAT. DE PÓS-PROD. E DESIGN";"Estações Design (33) - EG";2026;"dezembro";0
"PLAT. DE PÓS-PROD. E DESIGN";"Estações Design (33) - EG";2026;"fevereiro";0
"PLAT. DE PÓS-PROD. E DESIGN";"Estações Design (33) - EG";2026;"janeiro";0
"PLAT. DE PÓS-PROD. E DESIGN";"Estações Design (33) - EG";2026;"julho";385798,81
"PLAT. DE PÓS-PROD. E DESIGN";"Estações Design (33) - EG";2026;"junho";0
"PLAT. DE PÓS-PROD. E DESIGN";"Estações Design (33) - EG";2026;"maio";0
"PLAT. DE PÓS-PROD. E DESIGN";"Estações Design (33) - EG";2026;"março";0
"PLAT. DE PÓS-PROD. E DESIGN";"Estações Design (33) - EG";2026;"novembro";35385,81
"PLAT. DE PÓS-PROD. E DESIGN";"Estações Design (33) - EG";2026;"outubro";101539,69
"PLAT. DE PÓS-PROD. E DESIGN";"Estações Design (33) - EG";2026;"setembro";133792
"PLAT. DE PÓS-PROD. E DESIGN";"Estações Design (33) - EG";2027;"fevereiro";2048181
"PLAT. DE PÓS-PROD. E DESIGN";"Estações Design (33) - EG";2027;"janeiro";20717,19
"PLAT. DE PÓS-PROD. E DESIGN";"Estações Design (33) - EG";2027;"março";1731155,54
"PLAT. DE PÓS-PROD. E DESIGN";"Estações Design (7) - SP";2026;"abril";0
"PLAT. DE PÓS-PROD. E DESIGN";"Estações Design (7) - SP";2026;"agosto";0
"PLAT. DE PÓS-PROD. E DESIGN";"Estações Design (7) - SP";2026;"dezembro";0
"PLAT. DE PÓS-PROD. E DESIGN";"Estações Design (7) - SP";2026;"fevereiro";0
"PLAT. DE PÓS-PROD. E DESIGN";"Estações Design (7) - SP";2026;"janeiro";0
"PLAT. DE PÓS-PROD. E DESIGN";"Estações Design (7) - SP";2026;"julho";45585,84
"PLAT. DE PÓS-PROD. E DESIGN";"Estações Design (7) - SP";2026;"junho";83979,21
"PLAT. DE PÓS-PROD. E DESIGN";"Estações Design (7) - SP";2026;"maio";0
"PLAT. DE PÓS-PROD. E DESIGN";"Estações Design (7) - SP";2026;"março";0
"PLAT. DE PÓS-PROD. E DESIGN";"Estações Design (7) - SP";2026;"novembro";0
"PLAT. DE PÓS-PROD. E DESIGN";"Estações Design (7) - SP";2026;"outubro";0
"PLAT. DE PÓS-PROD. E DESIGN";"Estações Design (7) - SP";2026;"setembro";1738,29
"PLAT. DE PÓS-PROD. E DESIGN";"Estações Design (7) - SP";2027;"fevereiro";0
"PLAT. DE PÓS-PROD. E DESIGN";"Estações Design (7) - SP";2027;"janeiro";0
"PLAT. DE PÓS-PROD. E DESIGN";"Estações Design (7) - SP";2027;"março";814031
"PLAT. DE PÓS-PROD. E DESIGN";"Estações VFX (30)";2026;"abril";10349,6
"PLAT. DE PÓS-PROD. E DESIGN";"Estações VFX (30)";2026;"agosto";937,81
"PLAT. DE PÓS-PROD. E DESIGN";"Estações VFX (30)";2026;"dezembro";0
"PLAT. DE PÓS-PROD. E DESIGN";"Estações VFX (30)";2026;"fevereiro";65625
"PLAT. DE PÓS-PROD. E DESIGN";"Estações VFX (30)";2026;"janeiro";116837
"PLAT. DE PÓS-PROD. E DESIGN";"Estações VFX (30)";2026;"julho";22351,5
"PLAT. DE PÓS-PROD. E DESIGN";"Estações VFX (30)";2026;"junho";13080,88
"PLAT. DE PÓS-PROD. E DESIGN";"Estações VFX (30)";2026;"maio";0
"PLAT. DE PÓS-PROD. E DESIGN";"Estações VFX (30)";2026;"março";0
"PLAT. DE PÓS-PROD. E DESIGN";"Estações VFX (30)";2026;"novembro";26108,93
"PLAT. DE PÓS-PROD. E DESIGN";"Estações VFX (30)";2026;"outubro";15608,29
"PLAT. DE PÓS-PROD. E DESIGN";"Estações VFX (30)";2026;"setembro";9562,99
"PLAT. DE PÓS-PROD. E DESIGN";"Estações VFX (30)";2027;"fevereiro";0
"PLAT. DE PÓS-PROD. E DESIGN";"Estações VFX (30)";2027;"janeiro";0
"PLAT. DE PÓS-PROD. E DESIGN";"Estações VFX (30)";2027;"março";0
"PLAT. DE PÓS-PROD. E DESIGN";"Futebol+ Métricas Avançadas por IA";2026;"abril";0
"PLAT. DE PÓS-PROD. E DESIGN";"Futebol+ Métricas Avançadas por IA";2026;"agosto";0
"PLAT. DE PÓS-PROD. E DESIGN";"Futebol+ Métricas Avançadas por IA";2026;"dezembro";0
"PLAT. DE PÓS-PROD. E DESIGN";"Futebol+ Métricas Avançadas por IA";2026;"fevereiro";0
"PLAT. DE PÓS-PROD. E DESIGN";"Futebol+ Métricas Avançadas por IA";2026;"janeiro";0
"PLAT. DE PÓS-PROD. E DESIGN";"Futebol+ Métricas Avançadas por IA";2026;"julho";0
"PLAT. DE PÓS-PROD. E DESIGN";"Futebol+ Métricas Avançadas por IA";2026;"junho";0
"PLAT. DE PÓS-PROD. E DESIGN";"Futebol+ Métricas Avançadas por IA";2026;"maio";0
"PLAT. DE PÓS-PROD. E DESIGN";"Futebol+ Métricas Avançadas por IA";2026;"março";0
"PLAT. DE PÓS-PROD. E DESIGN";"Futebol+ Métricas Avançadas por IA";2026;"novembro";0
"PLAT. DE PÓS-PROD. E DESIGN";"Futebol+ Métricas Avançadas por IA";2026;"outubro";0
"PLAT. DE PÓS-PROD. E DESIGN";"Futebol+ Métricas Avançadas por IA";2026;"setembro";0
"PLAT. DE PÓS-PROD. E DESIGN";"Futebol+ Métricas Avançadas por IA";2027;"fevereiro";0
"PLAT. DE PÓS-PROD. E DESIGN";"Futebol+ Métricas Avançadas por IA";2027;"janeiro";0
"PLAT. DE PÓS-PROD. E DESIGN";"Futebol+ Métricas Avançadas por IA";2027;"março";0
"PLAT. DE PÓS-PROD. E DESIGN";"GC 4K JB - CTL 3";2026;"abril";0
"PLAT. DE PÓS-PROD. E DESIGN";"GC 4K JB - CTL 3";2026;"agosto";30718,5
"PLAT. DE PÓS-PROD. E DESIGN";"GC 4K JB - CTL 3";2026;"dezembro";0
"PLAT. DE PÓS-PROD. E DESIGN";"GC 4K JB - CTL 3";2026;"fevereiro";0
"PLAT. DE PÓS-PROD. E DESIGN";"GC 4K JB - CTL 3";2026;"janeiro";0
"PLAT. DE PÓS-PROD. E DESIGN";"GC 4K JB - CTL 3";2026;"julho";306959,88
"PLAT. DE PÓS-PROD. E DESIGN";"GC 4K JB - CTL 3";2026;"junho";356778,34
"PLAT. DE PÓS-PROD. E DESIGN";"GC 4K JB - CTL 3";2026;"maio";0
"PLAT. DE PÓS-PROD. E DESIGN";"GC 4K JB - CTL 3";2026;"março";0
"PLAT. DE PÓS-PROD. E DESIGN";"GC 4K JB - CTL 3";2026;"novembro";638504
"PLAT. DE PÓS-PROD. E DESIGN";"GC 4K JB - CTL 3";2026;"outubro";824643
"PLAT. DE PÓS-PROD. E DESIGN";"GC 4K JB - CTL 3";2026;"setembro";76987,53
"PLAT. DE PÓS-PROD. E DESIGN";"GC 4K JB - CTL 3";2027;"fevereiro";0
"PLAT. DE PÓS-PROD. E DESIGN";"GC 4K JB - CTL 3";2027;"janeiro";0
"PLAT. DE PÓS-PROD. E DESIGN";"GC 4K JB - CTL 3";2027;"março";0
"PLAT. DE PÓS-PROD. E DESIGN";"Ilhas de colorização EG (1 de 4)";2026;"abril";0
"PLAT. DE PÓS-PROD. E DESIGN";"Ilhas de colorização EG (1 de 4)";2026;"agosto";10057,51
"PLAT. DE PÓS-PROD. E DESIGN";"Ilhas de colorização EG (1 de 4)";2026;"dezembro";645806
"PLAT. DE PÓS-PROD. E DESIGN";"Ilhas de colorização EG (1 de 4)";2026;"fevereiro";0
"PLAT. DE PÓS-PROD. E DESIGN";"Ilhas de colorização EG (1 de 4)";2026;"janeiro";0
"PLAT. DE PÓS-PROD. E DESIGN";"Ilhas de colorização EG (1 de 4)";2026;"julho";48907,84
"PLAT. DE PÓS-PROD. E DESIGN";"Ilhas de colorização EG (1 de 4)";2026;"junho";10717,45
"PLAT. DE PÓS-PROD. E DESIGN";"Ilhas de colorização EG (1 de 4)";2026;"maio";0
"PLAT. DE PÓS-PROD. E DESIGN";"Ilhas de colorização EG (1 de 4)";2026;"março";30240
"PLAT. DE PÓS-PROD. E DESIGN";"Ilhas de colorização EG (1 de 4)";2026;"novembro";644000
"PLAT. DE PÓS-PROD. E DESIGN";"Ilhas de colorização EG (1 de 4)";2026;"outubro";5328
"PLAT. DE PÓS-PROD. E DESIGN";"Ilhas de colorização EG (1 de 4)";2026;"setembro";40845
"PLAT. DE PÓS-PROD. E DESIGN";"Ilhas de colorização EG (1 de 4)";2027;"fevereiro";0
"PLAT. DE PÓS-PROD. E DESIGN";"Ilhas de colorização EG (1 de 4)";2027;"janeiro";0
"PLAT. DE PÓS-PROD. E DESIGN";"Ilhas de colorização EG (1 de 4)";2027;"março";0
"PLAT. DE PÓS-PROD. E DESIGN";"Ilhas de Edição (42)";2026;"abril";2230156,67
"PLAT. DE PÓS-PROD. E DESIGN";"Ilhas de Edição (42)";2026;"agosto";5996,6
"PLAT. DE PÓS-PROD. E DESIGN";"Ilhas de Edição (42)";2026;"dezembro";1277532
"PLAT. DE PÓS-PROD. E DESIGN";"Ilhas de Edição (42)";2026;"fevereiro";20652,54
"PLAT. DE PÓS-PROD. E DESIGN";"Ilhas de Edição (42)";2026;"janeiro";8388,28
"PLAT. DE PÓS-PROD. E DESIGN";"Ilhas de Edição (42)";2026;"julho";19523,46
"PLAT. DE PÓS-PROD. E DESIGN";"Ilhas de Edição (42)";2026;"junho";56268,82
"PLAT. DE PÓS-PROD. E DESIGN";"Ilhas de Edição (42)";2026;"maio";111803,76
"PLAT. DE PÓS-PROD. E DESIGN";"Ilhas de Edição (42)";2026;"março";1333552,9600000002
"PLAT. DE PÓS-PROD. E DESIGN";"Ilhas de Edição (42)";2026;"novembro";375699
"PLAT. DE PÓS-PROD. E DESIGN";"Ilhas de Edição (42)";2026;"outubro";455699,05
"PLAT. DE PÓS-PROD. E DESIGN";"Ilhas de Edição (42)";2026;"setembro";458172,88
"PLAT. DE PÓS-PROD. E DESIGN";"Ilhas de Edição (42)";2027;"fevereiro";0
"PLAT. DE PÓS-PROD. E DESIGN";"Ilhas de Edição (42)";2027;"janeiro";0
"PLAT. DE PÓS-PROD. E DESIGN";"Ilhas de Edição (42)";2027;"março";0
"PLAT. DE PÓS-PROD. E DESIGN";"Ilhas de Edição G5";2026;"abril";0
"PLAT. DE PÓS-PROD. E DESIGN";"Ilhas de Edição G5";2026;"agosto";0
"PLAT. DE PÓS-PROD. E DESIGN";"Ilhas de Edição G5";2026;"dezembro";1
"PLAT. DE PÓS-PROD. E DESIGN";"Ilhas de Edição G5";2026;"fevereiro";0
"PLAT. DE PÓS-PROD. E DESIGN";"Ilhas de Edição G5";2026;"janeiro";0
"PLAT. DE PÓS-PROD. E DESIGN";"Ilhas de Edição G5";2026;"julho";0
"PLAT. DE PÓS-PROD. E DESIGN";"Ilhas de Edição G5";2026;"junho";0
"PLAT. DE PÓS-PROD. E DESIGN";"Ilhas de Edição G5";2026;"maio";0
"PLAT. DE PÓS-PROD. E DESIGN";"Ilhas de Edição G5";2026;"março";0
"PLAT. DE PÓS-PROD. E DESIGN";"Ilhas de Edição G5";2026;"novembro";0
"PLAT. DE PÓS-PROD. E DESIGN";"Ilhas de Edição G5";2026;"outubro";0
"PLAT. DE PÓS-PROD. E DESIGN";"Ilhas de Edição G5";2026;"setembro";0
"PLAT. DE PÓS-PROD. E DESIGN";"Ilhas de Edição G5";2027;"fevereiro";0
"PLAT. DE PÓS-PROD. E DESIGN";"Ilhas de Edição G5";2027;"janeiro";0
"PLAT. DE PÓS-PROD. E DESIGN";"Ilhas de Edição G5";2027;"março";0
"PLAT. DE PÓS-PROD. E DESIGN";"Incremento de Esteiras Pós Produção 4k (Conteúdo Premium)";2026;"abril";0
"PLAT. DE PÓS-PROD. E DESIGN";"Incremento de Esteiras Pós Produção 4k (Conteúdo Premium)";2026;"agosto";0
"PLAT. DE PÓS-PROD. E DESIGN";"Incremento de Esteiras Pós Produção 4k (Conteúdo Premium)";2026;"dezembro";15913
"PLAT. DE PÓS-PROD. E DESIGN";"Incremento de Esteiras Pós Produção 4k (Conteúdo Premium)";2026;"fevereiro";0
"PLAT. DE PÓS-PROD. E DESIGN";"Incremento de Esteiras Pós Produção 4k (Conteúdo Premium)";2026;"janeiro";0
"PLAT. DE PÓS-PROD. E DESIGN";"Incremento de Esteiras Pós Produção 4k (Conteúdo Premium)";2026;"julho";0
"PLAT. DE PÓS-PROD. E DESIGN";"Incremento de Esteiras Pós Produção 4k (Conteúdo Premium)";2026;"junho";0
"PLAT. DE PÓS-PROD. E DESIGN";"Incremento de Esteiras Pós Produção 4k (Conteúdo Premium)";2026;"maio";0
"PLAT. DE PÓS-PROD. E DESIGN";"Incremento de Esteiras Pós Produção 4k (Conteúdo Premium)";2026;"março";0
"PLAT. DE PÓS-PROD. E DESIGN";"Incremento de Esteiras Pós Produção 4k (Conteúdo Premium)";2026;"novembro";0
"PLAT. DE PÓS-PROD. E DESIGN";"Incremento de Esteiras Pós Produção 4k (Conteúdo Premium)";2026;"outubro";0
"PLAT. DE PÓS-PROD. E DESIGN";"Incremento de Esteiras Pós Produção 4k (Conteúdo Premium)";2026;"setembro";0
"PLAT. DE PÓS-PROD. E DESIGN";"Incremento de Esteiras Pós Produção 4k (Conteúdo Premium)";2027;"fevereiro";0
"PLAT. DE PÓS-PROD. E DESIGN";"Incremento de Esteiras Pós Produção 4k (Conteúdo Premium)";2027;"janeiro";0
"PLAT. DE PÓS-PROD. E DESIGN";"Incremento de Esteiras Pós Produção 4k (Conteúdo Premium)";2027;"março";0
"PLAT. DE PÓS-PROD. E DESIGN";"Jornada dos PAMs (Losys Recife)";2026;"abril";0
"PLAT. DE PÓS-PROD. E DESIGN";"Jornada dos PAMs (Losys Recife)";2026;"agosto";0
"PLAT. DE PÓS-PROD. E DESIGN";"Jornada dos PAMs (Losys Recife)";2026;"dezembro";2744
"PLAT. DE PÓS-PROD. E DESIGN";"Jornada dos PAMs (Losys Recife)";2026;"fevereiro";0
"PLAT. DE PÓS-PROD. E DESIGN";"Jornada dos PAMs (Losys Recife)";2026;"janeiro";0
"PLAT. DE PÓS-PROD. E DESIGN";"Jornada dos PAMs (Losys Recife)";2026;"julho";0
"PLAT. DE PÓS-PROD. E DESIGN";"Jornada dos PAMs (Losys Recife)";2026;"junho";0
"PLAT. DE PÓS-PROD. E DESIGN";"Jornada dos PAMs (Losys Recife)";2026;"maio";0
"PLAT. DE PÓS-PROD. E DESIGN";"Jornada dos PAMs (Losys Recife)";2026;"março";0
"PLAT. DE PÓS-PROD. E DESIGN";"Jornada dos PAMs (Losys Recife)";2026;"novembro";0
"PLAT. DE PÓS-PROD. E DESIGN";"Jornada dos PAMs (Losys Recife)";2026;"outubro";0
"PLAT. DE PÓS-PROD. E DESIGN";"Jornada dos PAMs (Losys Recife)";2026;"setembro";0
"PLAT. DE PÓS-PROD. E DESIGN";"Jornada dos PAMs (Losys Recife)";2027;"fevereiro";0
"PLAT. DE PÓS-PROD. E DESIGN";"Jornada dos PAMs (Losys Recife)";2027;"janeiro";0
"PLAT. DE PÓS-PROD. E DESIGN";"Jornada dos PAMs (Losys Recife)";2027;"março";0
"PLAT. DE PÓS-PROD. E DESIGN";"MVP Produção Virtual XR (Dramaturgia)";2026;"abril";0
"PLAT. DE PÓS-PROD. E DESIGN";"MVP Produção Virtual XR (Dramaturgia)";2026;"agosto";0
"PLAT. DE PÓS-PROD. E DESIGN";"MVP Produção Virtual XR (Dramaturgia)";2026;"dezembro";0
"PLAT. DE PÓS-PROD. E DESIGN";"MVP Produção Virtual XR (Dramaturgia)";2026;"fevereiro";0
"PLAT. DE PÓS-PROD. E DESIGN";"MVP Produção Virtual XR (Dramaturgia)";2026;"janeiro";0
"PLAT. DE PÓS-PROD. E DESIGN";"MVP Produção Virtual XR (Dramaturgia)";2026;"julho";0
"PLAT. DE PÓS-PROD. E DESIGN";"MVP Produção Virtual XR (Dramaturgia)";2026;"junho";0
"PLAT. DE PÓS-PROD. E DESIGN";"MVP Produção Virtual XR (Dramaturgia)";2026;"maio";0
"PLAT. DE PÓS-PROD. E DESIGN";"MVP Produção Virtual XR (Dramaturgia)";2026;"março";0
"PLAT. DE PÓS-PROD. E DESIGN";"MVP Produção Virtual XR (Dramaturgia)";2026;"novembro";0
"PLAT. DE PÓS-PROD. E DESIGN";"MVP Produção Virtual XR (Dramaturgia)";2026;"outubro";0
"PLAT. DE PÓS-PROD. E DESIGN";"MVP Produção Virtual XR (Dramaturgia)";2026;"setembro";238
"PLAT. DE PÓS-PROD. E DESIGN";"MVP Produção Virtual XR (Dramaturgia)";2027;"fevereiro";0
"PLAT. DE PÓS-PROD. E DESIGN";"MVP Produção Virtual XR (Dramaturgia)";2027;"janeiro";0
"PLAT. DE PÓS-PROD. E DESIGN";"MVP Produção Virtual XR (Dramaturgia)";2027;"março";0
"PLAT. DE PÓS-PROD. E DESIGN";"Novo Cenário JG";2026;"abril";0
"PLAT. DE PÓS-PROD. E DESIGN";"Novo Cenário JG";2026;"agosto";0
"PLAT. DE PÓS-PROD. E DESIGN";"Novo Cenário JG";2026;"dezembro";0
"PLAT. DE PÓS-PROD. E DESIGN";"Novo Cenário JG";2026;"fevereiro";0
"PLAT. DE PÓS-PROD. E DESIGN";"Novo Cenário JG";2026;"janeiro";0
"PLAT. DE PÓS-PROD. E DESIGN";"Novo Cenário JG";2026;"julho";0
"PLAT. DE PÓS-PROD. E DESIGN";"Novo Cenário JG";2026;"junho";0
"PLAT. DE PÓS-PROD. E DESIGN";"Novo Cenário JG";2026;"maio";0
"PLAT. DE PÓS-PROD. E DESIGN";"Novo Cenário JG";2026;"março";0
"PLAT. DE PÓS-PROD. E DESIGN";"Novo Cenário JG";2026;"novembro";2557
"PLAT. DE PÓS-PROD. E DESIGN";"Novo Cenário JG";2026;"outubro";0
"PLAT. DE PÓS-PROD. E DESIGN";"Novo Cenário JG";2026;"setembro";0
"PLAT. DE PÓS-PROD. E DESIGN";"Novo Cenário JG";2027;"fevereiro";0
"PLAT. DE PÓS-PROD. E DESIGN";"Novo Cenário JG";2027;"janeiro";0
"PLAT. DE PÓS-PROD. E DESIGN";"Novo Cenário JG";2027;"março";0
"PLAT. DE PÓS-PROD. E DESIGN";"Obs. Ingest Live Ion - Fase 2";2026;"abril";43683,75
"PLAT. DE PÓS-PROD. E DESIGN";"Obs. Ingest Live Ion - Fase 2";2026;"agosto";0
"PLAT. DE PÓS-PROD. E DESIGN";"Obs. Ingest Live Ion - Fase 2";2026;"dezembro";0
"PLAT. DE PÓS-PROD. E DESIGN";"Obs. Ingest Live Ion - Fase 2";2026;"fevereiro";0
"PLAT. DE PÓS-PROD. E DESIGN";"Obs. Ingest Live Ion - Fase 2";2026;"janeiro";1050357,31
"PLAT. DE PÓS-PROD. E DESIGN";"Obs. Ingest Live Ion - Fase 2";2026;"julho";11704,72
"PLAT. DE PÓS-PROD. E DESIGN";"Obs. Ingest Live Ion - Fase 2";2026;"junho";1723,8
"PLAT. DE PÓS-PROD. E DESIGN";"Obs. Ingest Live Ion - Fase 2";2026;"maio";69018,08
"PLAT. DE PÓS-PROD. E DESIGN";"Obs. Ingest Live Ion - Fase 2";2026;"março";161794,69
"PLAT. DE PÓS-PROD. E DESIGN";"Obs. Ingest Live Ion - Fase 2";2026;"novembro";259996
"PLAT. DE PÓS-PROD. E DESIGN";"Obs. Ingest Live Ion - Fase 2";2026;"outubro";9648,61
"PLAT. DE PÓS-PROD. E DESIGN";"Obs. Ingest Live Ion - Fase 2";2026;"setembro";55470,73
"PLAT. DE PÓS-PROD. E DESIGN";"Obs. Ingest Live Ion - Fase 2";2027;"fevereiro";0
"PLAT. DE PÓS-PROD. E DESIGN";"Obs. Ingest Live Ion - Fase 2";2027;"janeiro";0
"PLAT. DE PÓS-PROD. E DESIGN";"Obs. Ingest Live Ion - Fase 2";2027;"março";0
"PLAT. DE PÓS-PROD. E DESIGN";"Obs. VDI (1 cluster de 3 - 12 ilhas)";2026;"abril";0
"PLAT. DE PÓS-PROD. E DESIGN";"Obs. VDI (1 cluster de 3 - 12 ilhas)";2026;"agosto";0
"PLAT. DE PÓS-PROD. E DESIGN";"Obs. VDI (1 cluster de 3 - 12 ilhas)";2026;"dezembro";495693,81
"PLAT. DE PÓS-PROD. E DESIGN";"Obs. VDI (1 cluster de 3 - 12 ilhas)";2026;"fevereiro";0
"PLAT. DE PÓS-PROD. E DESIGN";"Obs. VDI (1 cluster de 3 - 12 ilhas)";2026;"janeiro";64530,19
"PLAT. DE PÓS-PROD. E DESIGN";"Obs. VDI (1 cluster de 3 - 12 ilhas)";2026;"julho";0
"PLAT. DE PÓS-PROD. E DESIGN";"Obs. VDI (1 cluster de 3 - 12 ilhas)";2026;"junho";0
"PLAT. DE PÓS-PROD. E DESIGN";"Obs. VDI (1 cluster de 3 - 12 ilhas)";2026;"maio";42722,44
"PLAT. DE PÓS-PROD. E DESIGN";"Obs. VDI (1 cluster de 3 - 12 ilhas)";2026;"março";0
"PLAT. DE PÓS-PROD. E DESIGN";"Obs. VDI (1 cluster de 3 - 12 ilhas)";2026;"novembro";495694
"PLAT. DE PÓS-PROD. E DESIGN";"Obs. VDI (1 cluster de 3 - 12 ilhas)";2026;"outubro";495693,81
"PLAT. DE PÓS-PROD. E DESIGN";"Obs. VDI (1 cluster de 3 - 12 ilhas)";2026;"setembro";8,56
"PLAT. DE PÓS-PROD. E DESIGN";"Obs. VDI (1 cluster de 3 - 12 ilhas)";2027;"fevereiro";0
"PLAT. DE PÓS-PROD. E DESIGN";"Obs. VDI (1 cluster de 3 - 12 ilhas)";2027;"janeiro";0
"PLAT. DE PÓS-PROD. E DESIGN";"Obs. VDI (1 cluster de 3 - 12 ilhas)";2027;"março";0
"PLAT. DE PÓS-PROD. E DESIGN";"Obsolescência - BBB Página em Branco - Fase 3";2026;"abril";19095,8
"PLAT. DE PÓS-PROD. E DESIGN";"Obsolescência - BBB Página em Branco - Fase 3";2026;"agosto";0
"PLAT. DE PÓS-PROD. E DESIGN";"Obsolescência - BBB Página em Branco - Fase 3";2026;"dezembro";16837
"PLAT. DE PÓS-PROD. E DESIGN";"Obsolescência - BBB Página em Branco - Fase 3";2026;"fevereiro";0
"PLAT. DE PÓS-PROD. E DESIGN";"Obsolescência - BBB Página em Branco - Fase 3";2026;"janeiro";0
"PLAT. DE PÓS-PROD. E DESIGN";"Obsolescência - BBB Página em Branco - Fase 3";2026;"julho";0
"PLAT. DE PÓS-PROD. E DESIGN";"Obsolescência - BBB Página em Branco - Fase 3";2026;"junho";296738,4
"PLAT. DE PÓS-PROD. E DESIGN";"Obsolescência - BBB Página em Branco - Fase 3";2026;"maio";0
"PLAT. DE PÓS-PROD. E DESIGN";"Obsolescência - BBB Página em Branco - Fase 3";2026;"março";0
"PLAT. DE PÓS-PROD. E DESIGN";"Obsolescência - BBB Página em Branco - Fase 3";2026;"novembro";0
"PLAT. DE PÓS-PROD. E DESIGN";"Obsolescência - BBB Página em Branco - Fase 3";2026;"outubro";0
"PLAT. DE PÓS-PROD. E DESIGN";"Obsolescência - BBB Página em Branco - Fase 3";2026;"setembro";0
"PLAT. DE PÓS-PROD. E DESIGN";"Obsolescência - BBB Página em Branco - Fase 3";2027;"fevereiro";0
"PLAT. DE PÓS-PROD. E DESIGN";"Obsolescência - BBB Página em Branco - Fase 3";2027;"janeiro";0
"PLAT. DE PÓS-PROD. E DESIGN";"Obsolescência - BBB Página em Branco - Fase 3";2027;"março";0
"PLAT. DE PÓS-PROD. E DESIGN";"Obsolescência - Composição Flame";2026;"abril";87225,58
"PLAT. DE PÓS-PROD. E DESIGN";"Obsolescência - Composição Flame";2026;"agosto";8337
"PLAT. DE PÓS-PROD. E DESIGN";"Obsolescência - Composição Flame";2026;"dezembro";0
"PLAT. DE PÓS-PROD. E DESIGN";"Obsolescência - Composição Flame";2026;"fevereiro";10771,24
"PLAT. DE PÓS-PROD. E DESIGN";"Obsolescência - Composição Flame";2026;"janeiro";3853,46
"PLAT. DE PÓS-PROD. E DESIGN";"Obsolescência - Composição Flame";2026;"julho";0
"PLAT. DE PÓS-PROD. E DESIGN";"Obsolescência - Composição Flame";2026;"junho";0
"PLAT. DE PÓS-PROD. E DESIGN";"Obsolescência - Composição Flame";2026;"maio";7915,72
"PLAT. DE PÓS-PROD. E DESIGN";"Obsolescência - Composição Flame";2026;"março";7961,45
"PLAT. DE PÓS-PROD. E DESIGN";"Obsolescência - Composição Flame";2026;"novembro";0
"PLAT. DE PÓS-PROD. E DESIGN";"Obsolescência - Composição Flame";2026;"outubro";44580,62
"PLAT. DE PÓS-PROD. E DESIGN";"Obsolescência - Composição Flame";2026;"setembro";39181
"PLAT. DE PÓS-PROD. E DESIGN";"Obsolescência - Composição Flame";2027;"fevereiro";0
"PLAT. DE PÓS-PROD. E DESIGN";"Obsolescência - Composição Flame";2027;"janeiro";0
"PLAT. DE PÓS-PROD. E DESIGN";"Obsolescência - Composição Flame";2027;"março";0
"PLAT. DE PÓS-PROD. E DESIGN";"Obsolescência - Edição 2024";2026;"abril";0
"PLAT. DE PÓS-PROD. E DESIGN";"Obsolescência - Edição 2024";2026;"agosto";0
"PLAT. DE PÓS-PROD. E DESIGN";"Obsolescência - Edição 2024";2026;"dezembro";0
"PLAT. DE PÓS-PROD. E DESIGN";"Obsolescência - Edição 2024";2026;"fevereiro";0
"PLAT. DE PÓS-PROD. E DESIGN";"Obsolescência - Edição 2024";2026;"janeiro";0
"PLAT. DE PÓS-PROD. E DESIGN";"Obsolescência - Edição 2024";2026;"julho";0
"PLAT. DE PÓS-PROD. E DESIGN";"Obsolescência - Edição 2024";2026;"junho";0
"PLAT. DE PÓS-PROD. E DESIGN";"Obsolescência - Edição 2024";2026;"maio";12009,53
"PLAT. DE PÓS-PROD. E DESIGN";"Obsolescência - Edição 2024";2026;"março";0
"PLAT. DE PÓS-PROD. E DESIGN";"Obsolescência - Edição 2024";2026;"novembro";0
"PLAT. DE PÓS-PROD. E DESIGN";"Obsolescência - Edição 2024";2026;"outubro";10455
"PLAT. DE PÓS-PROD. E DESIGN";"Obsolescência - Edição 2024";2026;"setembro";15699,21
"PLAT. DE PÓS-PROD. E DESIGN";"Obsolescência - Edição 2024";2027;"fevereiro";0
"PLAT. DE PÓS-PROD. E DESIGN";"Obsolescência - Edição 2024";2027;"janeiro";0
"PLAT. DE PÓS-PROD. E DESIGN";"Obsolescência - Edição 2024";2027;"março";0
"PLAT. DE PÓS-PROD. E DESIGN";"Obsolescência - Grafismo e Produção Virtual";2026;"abril";0
"PLAT. DE PÓS-PROD. E DESIGN";"Obsolescência - Grafismo e Produção Virtual";2026;"agosto";56439,29
"PLAT. DE PÓS-PROD. E DESIGN";"Obsolescência - Grafismo e Produção Virtual";2026;"dezembro";0
"PLAT. DE PÓS-PROD. E DESIGN";"Obsolescência - Grafismo e Produção Virtual";2026;"fevereiro";0
"PLAT. DE PÓS-PROD. E DESIGN";"Obsolescência - Grafismo e Produção Virtual";2026;"janeiro";128625,84
"PLAT. DE PÓS-PROD. E DESIGN";"Obsolescência - Grafismo e Produção Virtual";2026;"julho";0
"PLAT. DE PÓS-PROD. E DESIGN";"Obsolescência - Grafismo e Produção Virtual";2026;"junho";39621,1
"PLAT. DE PÓS-PROD. E DESIGN";"Obsolescência - Grafismo e Produção Virtual";2026;"maio";0
"PLAT. DE PÓS-PROD. E DESIGN";"Obsolescência - Grafismo e Produção Virtual";2026;"março";0
"PLAT. DE PÓS-PROD. E DESIGN";"Obsolescência - Grafismo e Produção Virtual";2026;"novembro";0
"PLAT. DE PÓS-PROD. E DESIGN";"Obsolescência - Grafismo e Produção Virtual";2026;"outubro";0
"PLAT. DE PÓS-PROD. E DESIGN";"Obsolescência - Grafismo e Produção Virtual";2026;"setembro";0
"PLAT. DE PÓS-PROD. E DESIGN";"Obsolescência - Grafismo e Produção Virtual";2027;"fevereiro";0
"PLAT. DE PÓS-PROD. E DESIGN";"Obsolescência - Grafismo e Produção Virtual";2027;"janeiro";0
"PLAT. DE PÓS-PROD. E DESIGN";"Obsolescência - Grafismo e Produção Virtual";2027;"março";0
"PLAT. DE PÓS-PROD. E DESIGN";"Obsolescência - Ingest Íon";2026;"abril";0
"PLAT. DE PÓS-PROD. E DESIGN";"Obsolescência - Ingest Íon";2026;"agosto";0
"PLAT. DE PÓS-PROD. E DESIGN";"Obsolescência - Ingest Íon";2026;"dezembro";0
"PLAT. DE PÓS-PROD. E DESIGN";"Obsolescência - Ingest Íon";2026;"fevereiro";0
"PLAT. DE PÓS-PROD. E DESIGN";"Obsolescência - Ingest Íon";2026;"janeiro";0
"PLAT. DE PÓS-PROD. E DESIGN";"Obsolescência - Ingest Íon";2026;"julho";0
"PLAT. DE PÓS-PROD. E DESIGN";"Obsolescência - Ingest Íon";2026;"junho";0
"PLAT. DE PÓS-PROD. E DESIGN";"Obsolescência - Ingest Íon";2026;"maio";0
"PLAT. DE PÓS-PROD. E DESIGN";"Obsolescência - Ingest Íon";2026;"março";69505,41
"PLAT. DE PÓS-PROD. E DESIGN";"Obsolescência - Ingest Íon";2026;"novembro";0
"PLAT. DE PÓS-PROD. E DESIGN";"Obsolescência - Ingest Íon";2026;"outubro";0
"PLAT. DE PÓS-PROD. E DESIGN";"Obsolescência - Ingest Íon";2026;"setembro";0
"PLAT. DE PÓS-PROD. E DESIGN";"Obsolescência - Ingest Íon";2027;"fevereiro";0
"PLAT. DE PÓS-PROD. E DESIGN";"Obsolescência - Ingest Íon";2027;"janeiro";0
"PLAT. DE PÓS-PROD. E DESIGN";"Obsolescência - Ingest Íon";2027;"março";0
"PLAT. DE PÓS-PROD. E DESIGN";"Obsolescência - Playout Airspeed";2026;"abril";0
"PLAT. DE PÓS-PROD. E DESIGN";"Obsolescência - Playout Airspeed";2026;"agosto";0
"PLAT. DE PÓS-PROD. E DESIGN";"Obsolescência - Playout Airspeed";2026;"dezembro";0
"PLAT. DE PÓS-PROD. E DESIGN";"Obsolescência - Playout Airspeed";2026;"fevereiro";0
"PLAT. DE PÓS-PROD. E DESIGN";"Obsolescência - Playout Airspeed";2026;"janeiro";10260,04
"PLAT. DE PÓS-PROD. E DESIGN";"Obsolescência - Playout Airspeed";2026;"julho";8640,02
"PLAT. DE PÓS-PROD. E DESIGN";"Obsolescência - Playout Airspeed";2026;"junho";0
"PLAT. DE PÓS-PROD. E DESIGN";"Obsolescência - Playout Airspeed";2026;"maio";0
"PLAT. DE PÓS-PROD. E DESIGN";"Obsolescência - Playout Airspeed";2026;"março";0
"PLAT. DE PÓS-PROD. E DESIGN";"Obsolescência - Playout Airspeed";2026;"novembro";0
"PLAT. DE PÓS-PROD. E DESIGN";"Obsolescência - Playout Airspeed";2026;"outubro";0
"PLAT. DE PÓS-PROD. E DESIGN";"Obsolescência - Playout Airspeed";2026;"setembro";1807,15
"PLAT. DE PÓS-PROD. E DESIGN";"Obsolescência - Playout Airspeed";2027;"fevereiro";0
"PLAT. DE PÓS-PROD. E DESIGN";"Obsolescência - Playout Airspeed";2027;"janeiro";0
"PLAT. DE PÓS-PROD. E DESIGN";"Obsolescência - Playout Airspeed";2027;"março";0
"PLAT. DE PÓS-PROD. E DESIGN";"Obsolescência - Sistema de Análise Tática";2026;"abril";0
"PLAT. DE PÓS-PROD. E DESIGN";"Obsolescência - Sistema de Análise Tática";2026;"agosto";0
"PLAT. DE PÓS-PROD. E DESIGN";"Obsolescência - Sistema de Análise Tática";2026;"dezembro";85609
"PLAT. DE PÓS-PROD. E DESIGN";"Obsolescência - Sistema de Análise Tática";2026;"fevereiro";0
"PLAT. DE PÓS-PROD. E DESIGN";"Obsolescência - Sistema de Análise Tática";2026;"janeiro";0
"PLAT. DE PÓS-PROD. E DESIGN";"Obsolescência - Sistema de Análise Tática";2026;"julho";0
"PLAT. DE PÓS-PROD. E DESIGN";"Obsolescência - Sistema de Análise Tática";2026;"junho";0
"PLAT. DE PÓS-PROD. E DESIGN";"Obsolescência - Sistema de Análise Tática";2026;"maio";0
"PLAT. DE PÓS-PROD. E DESIGN";"Obsolescência - Sistema de Análise Tática";2026;"março";0
"PLAT. DE PÓS-PROD. E DESIGN";"Obsolescência - Sistema de Análise Tática";2026;"novembro";100691
"PLAT. DE PÓS-PROD. E DESIGN";"Obsolescência - Sistema de Análise Tática";2026;"outubro";200000
"PLAT. DE PÓS-PROD. E DESIGN";"Obsolescência - Sistema de Análise Tática";2026;"setembro";100000
"PLAT. DE PÓS-PROD. E DESIGN";"Obsolescência - Sistema de Análise Tática";2027;"fevereiro";0
"PLAT. DE PÓS-PROD. E DESIGN";"Obsolescência - Sistema de Análise Tática";2027;"janeiro";0
"PLAT. DE PÓS-PROD. E DESIGN";"Obsolescência - Sistema de Análise Tática";2027;"março";0
"PLAT. DE PÓS-PROD. E DESIGN";"Obsolescência - Sonorização 2024";2026;"abril";26679,75
"PLAT. DE PÓS-PROD. E DESIGN";"Obsolescência - Sonorização 2024";2026;"agosto";47440,6
"PLAT. DE PÓS-PROD. E DESIGN";"Obsolescência - Sonorização 2024";2026;"dezembro";521606
"PLAT. DE PÓS-PROD. E DESIGN";"Obsolescência - Sonorização 2024";2026;"fevereiro";30000
"PLAT. DE PÓS-PROD. E DESIGN";"Obsolescência - Sonorização 2024";2026;"janeiro";0
"PLAT. DE PÓS-PROD. E DESIGN";"Obsolescência - Sonorização 2024";2026;"julho";1144,53
"PLAT. DE PÓS-PROD. E DESIGN";"Obsolescência - Sonorização 2024";2026;"junho";25224,77
"PLAT. DE PÓS-PROD. E DESIGN";"Obsolescência - Sonorização 2024";2026;"maio";23113,27
"PLAT. DE PÓS-PROD. E DESIGN";"Obsolescência - Sonorização 2024";2026;"março";9395
"PLAT. DE PÓS-PROD. E DESIGN";"Obsolescência - Sonorização 2024";2026;"novembro";0
"PLAT. DE PÓS-PROD. E DESIGN";"Obsolescência - Sonorização 2024";2026;"outubro";400710,4
"PLAT. DE PÓS-PROD. E DESIGN";"Obsolescência - Sonorização 2024";2026;"setembro";25629,52
"PLAT. DE PÓS-PROD. E DESIGN";"Obsolescência - Sonorização 2024";2027;"fevereiro";0
"PLAT. DE PÓS-PROD. E DESIGN";"Obsolescência - Sonorização 2024";2027;"janeiro";0
"PLAT. DE PÓS-PROD. E DESIGN";"Obsolescência - Sonorização 2024";2027;"março";0
"PLAT. DE PÓS-PROD. E DESIGN";"Obsolescência - Transcoding Vantage";2026;"abril";0
"PLAT. DE PÓS-PROD. E DESIGN";"Obsolescência - Transcoding Vantage";2026;"agosto";0
"PLAT. DE PÓS-PROD. E DESIGN";"Obsolescência - Transcoding Vantage";2026;"dezembro";66711
"PLAT. DE PÓS-PROD. E DESIGN";"Obsolescência - Transcoding Vantage";2026;"fevereiro";51878,6
"PLAT. DE PÓS-PROD. E DESIGN";"Obsolescência - Transcoding Vantage";2026;"janeiro";34126,73
"PLAT. DE PÓS-PROD. E DESIGN";"Obsolescência - Transcoding Vantage";2026;"julho";0
"PLAT. DE PÓS-PROD. E DESIGN";"Obsolescência - Transcoding Vantage";2026;"junho";0
"PLAT. DE PÓS-PROD. E DESIGN";"Obsolescência - Transcoding Vantage";2026;"maio";15690,61
"PLAT. DE PÓS-PROD. E DESIGN";"Obsolescência - Transcoding Vantage";2026;"março";0
"PLAT. DE PÓS-PROD. E DESIGN";"Obsolescência - Transcoding Vantage";2026;"novembro";0
"PLAT. DE PÓS-PROD. E DESIGN";"Obsolescência - Transcoding Vantage";2026;"outubro";0
"PLAT. DE PÓS-PROD. E DESIGN";"Obsolescência - Transcoding Vantage";2026;"setembro";0
"PLAT. DE PÓS-PROD. E DESIGN";"Obsolescência - Transcoding Vantage";2027;"fevereiro";0
"PLAT. DE PÓS-PROD. E DESIGN";"Obsolescência - Transcoding Vantage";2027;"janeiro";0
"PLAT. DE PÓS-PROD. E DESIGN";"Obsolescência - Transcoding Vantage";2027;"março";0
"PLAT. DE PÓS-PROD. E DESIGN";"Obsolescência - Video Wall - Central de Ingest CPP";2026;"abril";0
"PLAT. DE PÓS-PROD. E DESIGN";"Obsolescência - Video Wall - Central de Ingest CPP";2026;"agosto";0
"PLAT. DE PÓS-PROD. E DESIGN";"Obsolescência - Video Wall - Central de Ingest CPP";2026;"dezembro";0
"PLAT. DE PÓS-PROD. E DESIGN";"Obsolescência - Video Wall - Central de Ingest CPP";2026;"fevereiro";0
"PLAT. DE PÓS-PROD. E DESIGN";"Obsolescência - Video Wall - Central de Ingest CPP";2026;"janeiro";0
"PLAT. DE PÓS-PROD. E DESIGN";"Obsolescência - Video Wall - Central de Ingest CPP";2026;"julho";0
"PLAT. DE PÓS-PROD. E DESIGN";"Obsolescência - Video Wall - Central de Ingest CPP";2026;"junho";0
"PLAT. DE PÓS-PROD. E DESIGN";"Obsolescência - Video Wall - Central de Ingest CPP";2026;"maio";0
"PLAT. DE PÓS-PROD. E DESIGN";"Obsolescência - Video Wall - Central de Ingest CPP";2026;"março";0
"PLAT. DE PÓS-PROD. E DESIGN";"Obsolescência - Video Wall - Central de Ingest CPP";2026;"novembro";0
"PLAT. DE PÓS-PROD. E DESIGN";"Obsolescência - Video Wall - Central de Ingest CPP";2026;"outubro";0
"PLAT. DE PÓS-PROD. E DESIGN";"Obsolescência - Video Wall - Central de Ingest CPP";2026;"setembro";878
"PLAT. DE PÓS-PROD. E DESIGN";"Obsolescência - Video Wall - Central de Ingest CPP";2027;"fevereiro";0
"PLAT. DE PÓS-PROD. E DESIGN";"Obsolescência - Video Wall - Central de Ingest CPP";2027;"janeiro";0
"PLAT. DE PÓS-PROD. E DESIGN";"Obsolescência - Video Wall - Central de Ingest CPP";2027;"março";0
"PLAT. DE PÓS-PROD. E DESIGN";"Obsolescência Avaliação Técnica & Finalização";2026;"abril";0
"PLAT. DE PÓS-PROD. E DESIGN";"Obsolescência Avaliação Técnica & Finalização";2026;"agosto";0
"PLAT. DE PÓS-PROD. E DESIGN";"Obsolescência Avaliação Técnica & Finalização";2026;"dezembro";21439
"PLAT. DE PÓS-PROD. E DESIGN";"Obsolescência Avaliação Técnica & Finalização";2026;"fevereiro";0
"PLAT. DE PÓS-PROD. E DESIGN";"Obsolescência Avaliação Técnica & Finalização";2026;"janeiro";0
"PLAT. DE PÓS-PROD. E DESIGN";"Obsolescência Avaliação Técnica & Finalização";2026;"julho";0
"PLAT. DE PÓS-PROD. E DESIGN";"Obsolescência Avaliação Técnica & Finalização";2026;"junho";0
"PLAT. DE PÓS-PROD. E DESIGN";"Obsolescência Avaliação Técnica & Finalização";2026;"maio";0
"PLAT. DE PÓS-PROD. E DESIGN";"Obsolescência Avaliação Técnica & Finalização";2026;"março";0
"PLAT. DE PÓS-PROD. E DESIGN";"Obsolescência Avaliação Técnica & Finalização";2026;"novembro";0
"PLAT. DE PÓS-PROD. E DESIGN";"Obsolescência Avaliação Técnica & Finalização";2026;"outubro";0
"PLAT. DE PÓS-PROD. E DESIGN";"Obsolescência Avaliação Técnica & Finalização";2026;"setembro";0
"PLAT. DE PÓS-PROD. E DESIGN";"Obsolescência Avaliação Técnica & Finalização";2027;"fevereiro";0
"PLAT. DE PÓS-PROD. E DESIGN";"Obsolescência Avaliação Técnica & Finalização";2027;"janeiro";0
"PLAT. DE PÓS-PROD. E DESIGN";"Obsolescência Avaliação Técnica & Finalização";2027;"março";0
"PLAT. DE PÓS-PROD. E DESIGN";"Obsolescência Central de Foley";2026;"abril";36675,66
"PLAT. DE PÓS-PROD. E DESIGN";"Obsolescência Central de Foley";2026;"agosto";0
"PLAT. DE PÓS-PROD. E DESIGN";"Obsolescência Central de Foley";2026;"dezembro";236514,18
"PLAT. DE PÓS-PROD. E DESIGN";"Obsolescência Central de Foley";2026;"fevereiro";0
"PLAT. DE PÓS-PROD. E DESIGN";"Obsolescência Central de Foley";2026;"janeiro";0
"PLAT. DE PÓS-PROD. E DESIGN";"Obsolescência Central de Foley";2026;"julho";28306,68
"PLAT. DE PÓS-PROD. E DESIGN";"Obsolescência Central de Foley";2026;"junho";91469,94
"PLAT. DE PÓS-PROD. E DESIGN";"Obsolescência Central de Foley";2026;"maio";0
"PLAT. DE PÓS-PROD. E DESIGN";"Obsolescência Central de Foley";2026;"março";0
"PLAT. DE PÓS-PROD. E DESIGN";"Obsolescência Central de Foley";2026;"novembro";291840,82
"PLAT. DE PÓS-PROD. E DESIGN";"Obsolescência Central de Foley";2026;"outubro";134239,65
"PLAT. DE PÓS-PROD. E DESIGN";"Obsolescência Central de Foley";2026;"setembro";134239,65
"PLAT. DE PÓS-PROD. E DESIGN";"Obsolescência Central de Foley";2027;"fevereiro";0
"PLAT. DE PÓS-PROD. E DESIGN";"Obsolescência Central de Foley";2027;"janeiro";0
"PLAT. DE PÓS-PROD. E DESIGN";"Obsolescência Central de Foley";2027;"março";953287
"PLAT. DE PÓS-PROD. E DESIGN";"Obsolescência Cliplayer (4) - JB";2026;"abril";0
"PLAT. DE PÓS-PROD. E DESIGN";"Obsolescência Cliplayer (4) - JB";2026;"agosto";0
"PLAT. DE PÓS-PROD. E DESIGN";"Obsolescência Cliplayer (4) - JB";2026;"dezembro";0
"PLAT. DE PÓS-PROD. E DESIGN";"Obsolescência Cliplayer (4) - JB";2026;"fevereiro";0
"PLAT. DE PÓS-PROD. E DESIGN";"Obsolescência Cliplayer (4) - JB";2026;"janeiro";0
"PLAT. DE PÓS-PROD. E DESIGN";"Obsolescência Cliplayer (4) - JB";2026;"julho";136020,79
"PLAT. DE PÓS-PROD. E DESIGN";"Obsolescência Cliplayer (4) - JB";2026;"junho";85371,43
"PLAT. DE PÓS-PROD. E DESIGN";"Obsolescência Cliplayer (4) - JB";2026;"maio";45600
"PLAT. DE PÓS-PROD. E DESIGN";"Obsolescência Cliplayer (4) - JB";2026;"março";0
"PLAT. DE PÓS-PROD. E DESIGN";"Obsolescência Cliplayer (4) - JB";2026;"novembro";250000
"PLAT. DE PÓS-PROD. E DESIGN";"Obsolescência Cliplayer (4) - JB";2026;"outubro";656517
"PLAT. DE PÓS-PROD. E DESIGN";"Obsolescência Cliplayer (4) - JB";2026;"setembro";203990,57
"PLAT. DE PÓS-PROD. E DESIGN";"Obsolescência Cliplayer (4) - JB";2027;"fevereiro";0
"PLAT. DE PÓS-PROD. E DESIGN";"Obsolescência Cliplayer (4) - JB";2027;"janeiro";0
"PLAT. DE PÓS-PROD. E DESIGN";"Obsolescência Cliplayer (4) - JB";2027;"março";0
"PLAT. DE PÓS-PROD. E DESIGN";"Obsolescência Cliplayer (4) - SP";2026;"abril";0
"PLAT. DE PÓS-PROD. E DESIGN";"Obsolescência Cliplayer (4) - SP";2026;"agosto";0
"PLAT. DE PÓS-PROD. E DESIGN";"Obsolescência Cliplayer (4) - SP";2026;"dezembro";526490
"PLAT. DE PÓS-PROD. E DESIGN";"Obsolescência Cliplayer (4) - SP";2026;"fevereiro";0
"PLAT. DE PÓS-PROD. E DESIGN";"Obsolescência Cliplayer (4) - SP";2026;"janeiro";0
"PLAT. DE PÓS-PROD. E DESIGN";"Obsolescência Cliplayer (4) - SP";2026;"julho";0
"PLAT. DE PÓS-PROD. E DESIGN";"Obsolescência Cliplayer (4) - SP";2026;"junho";0
"PLAT. DE PÓS-PROD. E DESIGN";"Obsolescência Cliplayer (4) - SP";2026;"maio";131197,79
"PLAT. DE PÓS-PROD. E DESIGN";"Obsolescência Cliplayer (4) - SP";2026;"março";0
"PLAT. DE PÓS-PROD. E DESIGN";"Obsolescência Cliplayer (4) - SP";2026;"novembro";0
"PLAT. DE PÓS-PROD. E DESIGN";"Obsolescência Cliplayer (4) - SP";2026;"outubro";0
"PLAT. DE PÓS-PROD. E DESIGN";"Obsolescência Cliplayer (4) - SP";2026;"setembro";0
"PLAT. DE PÓS-PROD. E DESIGN";"Obsolescência Cliplayer (4) - SP";2027;"fevereiro";0
"PLAT. DE PÓS-PROD. E DESIGN";"Obsolescência Cliplayer (4) - SP";2027;"janeiro";44676,21
"PLAT. DE PÓS-PROD. E DESIGN";"Obsolescência Cliplayer (4) - SP";2027;"março";675136
"PLAT. DE PÓS-PROD. E DESIGN";"Obsolescência Colorgrading (x1) - SP";2026;"abril";0
"PLAT. DE PÓS-PROD. E DESIGN";"Obsolescência Colorgrading (x1) - SP";2026;"agosto";0
"PLAT. DE PÓS-PROD. E DESIGN";"Obsolescência Colorgrading (x1) - SP";2026;"dezembro";391819
"PLAT. DE PÓS-PROD. E DESIGN";"Obsolescência Colorgrading (x1) - SP";2026;"fevereiro";0
"PLAT. DE PÓS-PROD. E DESIGN";"Obsolescência Colorgrading (x1) - SP";2026;"janeiro";0
"PLAT. DE PÓS-PROD. E DESIGN";"Obsolescência Colorgrading (x1) - SP";2026;"julho";8181,26
"PLAT. DE PÓS-PROD. E DESIGN";"Obsolescência Colorgrading (x1) - SP";2026;"junho";0
"PLAT. DE PÓS-PROD. E DESIGN";"Obsolescência Colorgrading (x1) - SP";2026;"maio";0
"PLAT. DE PÓS-PROD. E DESIGN";"Obsolescência Colorgrading (x1) - SP";2026;"março";0
"PLAT. DE PÓS-PROD. E DESIGN";"Obsolescência Colorgrading (x1) - SP";2026;"novembro";0
"PLAT. DE PÓS-PROD. E DESIGN";"Obsolescência Colorgrading (x1) - SP";2026;"outubro";0
"PLAT. DE PÓS-PROD. E DESIGN";"Obsolescência Colorgrading (x1) - SP";2026;"setembro";0
"PLAT. DE PÓS-PROD. E DESIGN";"Obsolescência Colorgrading (x1) - SP";2027;"fevereiro";0
"PLAT. DE PÓS-PROD. E DESIGN";"Obsolescência Colorgrading (x1) - SP";2027;"janeiro";0
"PLAT. DE PÓS-PROD. E DESIGN";"Obsolescência Colorgrading (x1) - SP";2027;"março";0
"PLAT. DE PÓS-PROD. E DESIGN";"Obsolescência Colorgrading (x3) - EG";2026;"abril";0
"PLAT. DE PÓS-PROD. E DESIGN";"Obsolescência Colorgrading (x3) - EG";2026;"agosto";0
"PLAT. DE PÓS-PROD. E DESIGN";"Obsolescência Colorgrading (x3) - EG";2026;"dezembro";382428,95
"PLAT. DE PÓS-PROD. E DESIGN";"Obsolescência Colorgrading (x3) - EG";2026;"fevereiro";0
"PLAT. DE PÓS-PROD. E DESIGN";"Obsolescência Colorgrading (x3) - EG";2026;"janeiro";0
"PLAT. DE PÓS-PROD. E DESIGN";"Obsolescência Colorgrading (x3) - EG";2026;"julho";0
"PLAT. DE PÓS-PROD. E DESIGN";"Obsolescência Colorgrading (x3) - EG";2026;"junho";0
"PLAT. DE PÓS-PROD. E DESIGN";"Obsolescência Colorgrading (x3) - EG";2026;"maio";0
"PLAT. DE PÓS-PROD. E DESIGN";"Obsolescência Colorgrading (x3) - EG";2026;"março";0
"PLAT. DE PÓS-PROD. E DESIGN";"Obsolescência Colorgrading (x3) - EG";2026;"novembro";380379,61
"PLAT. DE PÓS-PROD. E DESIGN";"Obsolescência Colorgrading (x3) - EG";2026;"outubro";163009,66
"PLAT. DE PÓS-PROD. E DESIGN";"Obsolescência Colorgrading (x3) - EG";2026;"setembro";150181,61
"PLAT. DE PÓS-PROD. E DESIGN";"Obsolescência Colorgrading (x3) - EG";2027;"fevereiro";0
"PLAT. DE PÓS-PROD. E DESIGN";"Obsolescência Colorgrading (x3) - EG";2027;"janeiro";0
"PLAT. DE PÓS-PROD. E DESIGN";"Obsolescência Colorgrading (x3) - EG";2027;"março";1076000
"PLAT. DE PÓS-PROD. E DESIGN";"Obsolescência Composição (2023)";2026;"abril";0
"PLAT. DE PÓS-PROD. E DESIGN";"Obsolescência Composição (2023)";2026;"agosto";0
"PLAT. DE PÓS-PROD. E DESIGN";"Obsolescência Composição (2023)";2026;"dezembro";0
"PLAT. DE PÓS-PROD. E DESIGN";"Obsolescência Composição (2023)";2026;"fevereiro";0
"PLAT. DE PÓS-PROD. E DESIGN";"Obsolescência Composição (2023)";2026;"janeiro";0
"PLAT. DE PÓS-PROD. E DESIGN";"Obsolescência Composição (2023)";2026;"julho";0
"PLAT. DE PÓS-PROD. E DESIGN";"Obsolescência Composição (2023)";2026;"junho";0
"PLAT. DE PÓS-PROD. E DESIGN";"Obsolescência Composição (2023)";2026;"maio";0
"PLAT. DE PÓS-PROD. E DESIGN";"Obsolescência Composição (2023)";2026;"março";0
"PLAT. DE PÓS-PROD. E DESIGN";"Obsolescência Composição (2023)";2026;"novembro";0
"PLAT. DE PÓS-PROD. E DESIGN";"Obsolescência Composição (2023)";2026;"outubro";8710
"PLAT. DE PÓS-PROD. E DESIGN";"Obsolescência Composição (2023)";2026;"setembro";0
"PLAT. DE PÓS-PROD. E DESIGN";"Obsolescência Composição (2023)";2027;"fevereiro";0
"PLAT. DE PÓS-PROD. E DESIGN";"Obsolescência Composição (2023)";2027;"janeiro";0
"PLAT. DE PÓS-PROD. E DESIGN";"Obsolescência Composição (2023)";2027;"março";0
"PLAT. DE PÓS-PROD. E DESIGN";"Obsolescência Ilhas de Edição 2023";2026;"abril";0
"PLAT. DE PÓS-PROD. E DESIGN";"Obsolescência Ilhas de Edição 2023";2026;"agosto";0
"PLAT. DE PÓS-PROD. E DESIGN";"Obsolescência Ilhas de Edição 2023";2026;"dezembro";74411
"PLAT. DE PÓS-PROD. E DESIGN";"Obsolescência Ilhas de Edição 2023";2026;"fevereiro";38280,73
"PLAT. DE PÓS-PROD. E DESIGN";"Obsolescência Ilhas de Edição 2023";2026;"janeiro";25181,81
"PLAT. DE PÓS-PROD. E DESIGN";"Obsolescência Ilhas de Edição 2023";2026;"julho";0
"PLAT. DE PÓS-PROD. E DESIGN";"Obsolescência Ilhas de Edição 2023";2026;"junho";0
"PLAT. DE PÓS-PROD. E DESIGN";"Obsolescência Ilhas de Edição 2023";2026;"maio";0
"PLAT. DE PÓS-PROD. E DESIGN";"Obsolescência Ilhas de Edição 2023";2026;"março";0
"PLAT. DE PÓS-PROD. E DESIGN";"Obsolescência Ilhas de Edição 2023";2026;"novembro";0
"PLAT. DE PÓS-PROD. E DESIGN";"Obsolescência Ilhas de Edição 2023";2026;"outubro";0
"PLAT. DE PÓS-PROD. E DESIGN";"Obsolescência Ilhas de Edição 2023";2026;"setembro";0
"PLAT. DE PÓS-PROD. E DESIGN";"Obsolescência Ilhas de Edição 2023";2027;"fevereiro";0
"PLAT. DE PÓS-PROD. E DESIGN";"Obsolescência Ilhas de Edição 2023";2027;"janeiro";0
"PLAT. DE PÓS-PROD. E DESIGN";"Obsolescência Ilhas de Edição 2023";2027;"março";0
"PLAT. DE PÓS-PROD. E DESIGN";"Obsolescência Ingest Live SP - Fase 1";2026;"abril";0
"PLAT. DE PÓS-PROD. E DESIGN";"Obsolescência Ingest Live SP - Fase 1";2026;"agosto";0
"PLAT. DE PÓS-PROD. E DESIGN";"Obsolescência Ingest Live SP - Fase 1";2026;"dezembro";965799,27
"PLAT. DE PÓS-PROD. E DESIGN";"Obsolescência Ingest Live SP - Fase 1";2026;"fevereiro";0
"PLAT. DE PÓS-PROD. E DESIGN";"Obsolescência Ingest Live SP - Fase 1";2026;"janeiro";0
"PLAT. DE PÓS-PROD. E DESIGN";"Obsolescência Ingest Live SP - Fase 1";2026;"julho";602532
"PLAT. DE PÓS-PROD. E DESIGN";"Obsolescência Ingest Live SP - Fase 1";2026;"junho";0
"PLAT. DE PÓS-PROD. E DESIGN";"Obsolescência Ingest Live SP - Fase 1";2026;"maio";0
"PLAT. DE PÓS-PROD. E DESIGN";"Obsolescência Ingest Live SP - Fase 1";2026;"março";0
"PLAT. DE PÓS-PROD. E DESIGN";"Obsolescência Ingest Live SP - Fase 1";2026;"novembro";81264,14
"PLAT. DE PÓS-PROD. E DESIGN";"Obsolescência Ingest Live SP - Fase 1";2026;"outubro";34629
"PLAT. DE PÓS-PROD. E DESIGN";"Obsolescência Ingest Live SP - Fase 1";2026;"setembro";34628,59
"PLAT. DE PÓS-PROD. E DESIGN";"Obsolescência Ingest Live SP - Fase 1";2027;"fevereiro";0
"PLAT. DE PÓS-PROD. E DESIGN";"Obsolescência Ingest Live SP - Fase 1";2027;"janeiro";0
"PLAT. DE PÓS-PROD. E DESIGN";"Obsolescência Ingest Live SP - Fase 1";2027;"março";281147
"PLAT. DE PÓS-PROD. E DESIGN";"Obsolescência MAM Vizrt 2023";2026;"abril";0
"PLAT. DE PÓS-PROD. E DESIGN";"Obsolescência MAM Vizrt 2023";2026;"agosto";0
"PLAT. DE PÓS-PROD. E DESIGN";"Obsolescência MAM Vizrt 2023";2026;"dezembro";3618
"PLAT. DE PÓS-PROD. E DESIGN";"Obsolescência MAM Vizrt 2023";2026;"fevereiro";0
"PLAT. DE PÓS-PROD. E DESIGN";"Obsolescência MAM Vizrt 2023";2026;"janeiro";0
"PLAT. DE PÓS-PROD. E DESIGN";"Obsolescência MAM Vizrt 2023";2026;"julho";0
"PLAT. DE PÓS-PROD. E DESIGN";"Obsolescência MAM Vizrt 2023";2026;"junho";32219,86
"PLAT. DE PÓS-PROD. E DESIGN";"Obsolescência MAM Vizrt 2023";2026;"maio";19008,76
"PLAT. DE PÓS-PROD. E DESIGN";"Obsolescência MAM Vizrt 2023";2026;"março";0
"PLAT. DE PÓS-PROD. E DESIGN";"Obsolescência MAM Vizrt 2023";2026;"novembro";0
"PLAT. DE PÓS-PROD. E DESIGN";"Obsolescência MAM Vizrt 2023";2026;"outubro";0
"PLAT. DE PÓS-PROD. E DESIGN";"Obsolescência MAM Vizrt 2023";2026;"setembro";0
"PLAT. DE PÓS-PROD. E DESIGN";"Obsolescência MAM Vizrt 2023";2027;"fevereiro";0
"PLAT. DE PÓS-PROD. E DESIGN";"Obsolescência MAM Vizrt 2023";2027;"janeiro";0
"PLAT. DE PÓS-PROD. E DESIGN";"Obsolescência MAM Vizrt 2023";2027;"março";0
"PLAT. DE PÓS-PROD. E DESIGN";"Obsolescência Produção Virtual Jornalismo & Esporte - RJ e SP";2026;"abril";103685,35
"PLAT. DE PÓS-PROD. E DESIGN";"Obsolescência Produção Virtual Jornalismo & Esporte - RJ e SP";2026;"agosto";123406,79000000001
"PLAT. DE PÓS-PROD. E DESIGN";"Obsolescência Produção Virtual Jornalismo & Esporte - RJ e SP";2026;"dezembro";26536
"PLAT. DE PÓS-PROD. E DESIGN";"Obsolescência Produção Virtual Jornalismo & Esporte - RJ e SP";2026;"fevereiro";33039,2
"PLAT. DE PÓS-PROD. E DESIGN";"Obsolescência Produção Virtual Jornalismo & Esporte - RJ e SP";2026;"janeiro";52217,98
"PLAT. DE PÓS-PROD. E DESIGN";"Obsolescência Produção Virtual Jornalismo & Esporte - RJ e SP";2026;"julho";38752,67
"PLAT. DE PÓS-PROD. E DESIGN";"Obsolescência Produção Virtual Jornalismo & Esporte - RJ e SP";2026;"junho";69739,12
"PLAT. DE PÓS-PROD. E DESIGN";"Obsolescência Produção Virtual Jornalismo & Esporte - RJ e SP";2026;"maio";56888,170000000006
"PLAT. DE PÓS-PROD. E DESIGN";"Obsolescência Produção Virtual Jornalismo & Esporte - RJ e SP";2026;"março";310282,82999999996
"PLAT. DE PÓS-PROD. E DESIGN";"Obsolescência Produção Virtual Jornalismo & Esporte - RJ e SP";2026;"novembro";106600
"PLAT. DE PÓS-PROD. E DESIGN";"Obsolescência Produção Virtual Jornalismo & Esporte - RJ e SP";2026;"outubro";233084,75
"PLAT. DE PÓS-PROD. E DESIGN";"Obsolescência Produção Virtual Jornalismo & Esporte - RJ e SP";2026;"setembro";163374,91
"PLAT. DE PÓS-PROD. E DESIGN";"Obsolescência Produção Virtual Jornalismo & Esporte - RJ e SP";2027;"fevereiro";0
"PLAT. DE PÓS-PROD. E DESIGN";"Obsolescência Produção Virtual Jornalismo & Esporte - RJ e SP";2027;"janeiro";0
"PLAT. DE PÓS-PROD. E DESIGN";"Obsolescência Produção Virtual Jornalismo & Esporte - RJ e SP";2027;"março";0
"PLAT. DE PÓS-PROD. E DESIGN";"Obsolescência Render Grafismo BSB";2026;"abril";0
"PLAT. DE PÓS-PROD. E DESIGN";"Obsolescência Render Grafismo BSB";2026;"agosto";0
"PLAT. DE PÓS-PROD. E DESIGN";"Obsolescência Render Grafismo BSB";2026;"dezembro";0
"PLAT. DE PÓS-PROD. E DESIGN";"Obsolescência Render Grafismo BSB";2026;"fevereiro";0
"PLAT. DE PÓS-PROD. E DESIGN";"Obsolescência Render Grafismo BSB";2026;"janeiro";0
"PLAT. DE PÓS-PROD. E DESIGN";"Obsolescência Render Grafismo BSB";2026;"julho";0
"PLAT. DE PÓS-PROD. E DESIGN";"Obsolescência Render Grafismo BSB";2026;"junho";0
"PLAT. DE PÓS-PROD. E DESIGN";"Obsolescência Render Grafismo BSB";2026;"maio";0
"PLAT. DE PÓS-PROD. E DESIGN";"Obsolescência Render Grafismo BSB";2026;"março";0
"PLAT. DE PÓS-PROD. E DESIGN";"Obsolescência Render Grafismo BSB";2026;"novembro";5433
"PLAT. DE PÓS-PROD. E DESIGN";"Obsolescência Render Grafismo BSB";2026;"outubro";0
"PLAT. DE PÓS-PROD. E DESIGN";"Obsolescência Render Grafismo BSB";2026;"setembro";0
"PLAT. DE PÓS-PROD. E DESIGN";"Obsolescência Render Grafismo BSB";2027;"fevereiro";0
"PLAT. DE PÓS-PROD. E DESIGN";"Obsolescência Render Grafismo BSB";2027;"janeiro";0
"PLAT. DE PÓS-PROD. E DESIGN";"Obsolescência Render Grafismo BSB";2027;"março";0
"PLAT. DE PÓS-PROD. E DESIGN";"Obsolescência SO MAM VIZRT SP";2026;"abril";0
"PLAT. DE PÓS-PROD. E DESIGN";"Obsolescência SO MAM VIZRT SP";2026;"agosto";0
"PLAT. DE PÓS-PROD. E DESIGN";"Obsolescência SO MAM VIZRT SP";2026;"dezembro";0
"PLAT. DE PÓS-PROD. E DESIGN";"Obsolescência SO MAM VIZRT SP";2026;"fevereiro";0
"PLAT. DE PÓS-PROD. E DESIGN";"Obsolescência SO MAM VIZRT SP";2026;"janeiro";0
"PLAT. DE PÓS-PROD. E DESIGN";"Obsolescência SO MAM VIZRT SP";2026;"julho";0
"PLAT. DE PÓS-PROD. E DESIGN";"Obsolescência SO MAM VIZRT SP";2026;"junho";0
"PLAT. DE PÓS-PROD. E DESIGN";"Obsolescência SO MAM VIZRT SP";2026;"maio";0
"PLAT. DE PÓS-PROD. E DESIGN";"Obsolescência SO MAM VIZRT SP";2026;"março";0
"PLAT. DE PÓS-PROD. E DESIGN";"Obsolescência SO MAM VIZRT SP";2026;"novembro";0
"PLAT. DE PÓS-PROD. E DESIGN";"Obsolescência SO MAM VIZRT SP";2026;"outubro";296400
"PLAT. DE PÓS-PROD. E DESIGN";"Obsolescência SO MAM VIZRT SP";2026;"setembro";0
"PLAT. DE PÓS-PROD. E DESIGN";"Obsolescência SO MAM VIZRT SP";2027;"fevereiro";0
"PLAT. DE PÓS-PROD. E DESIGN";"Obsolescência SO MAM VIZRT SP";2027;"janeiro";0
"PLAT. DE PÓS-PROD. E DESIGN";"Obsolescência SO MAM VIZRT SP";2027;"março";0
"PLAT. DE PÓS-PROD. E DESIGN";"Obsolescência Telas Estudio Regionais - BH";2026;"abril";0
"PLAT. DE PÓS-PROD. E DESIGN";"Obsolescência Telas Estudio Regionais - BH";2026;"agosto";0
"PLAT. DE PÓS-PROD. E DESIGN";"Obsolescência Telas Estudio Regionais - BH";2026;"dezembro";0
"PLAT. DE PÓS-PROD. E DESIGN";"Obsolescência Telas Estudio Regionais - BH";2026;"fevereiro";0
"PLAT. DE PÓS-PROD. E DESIGN";"Obsolescência Telas Estudio Regionais - BH";2026;"janeiro";0
"PLAT. DE PÓS-PROD. E DESIGN";"Obsolescência Telas Estudio Regionais - BH";2026;"julho";0
"PLAT. DE PÓS-PROD. E DESIGN";"Obsolescência Telas Estudio Regionais - BH";2026;"junho";0
"PLAT. DE PÓS-PROD. E DESIGN";"Obsolescência Telas Estudio Regionais - BH";2026;"maio";0
"PLAT. DE PÓS-PROD. E DESIGN";"Obsolescência Telas Estudio Regionais - BH";2026;"março";0
"PLAT. DE PÓS-PROD. E DESIGN";"Obsolescência Telas Estudio Regionais - BH";2026;"novembro";0
"PLAT. DE PÓS-PROD. E DESIGN";"Obsolescência Telas Estudio Regionais - BH";2026;"outubro";0
"PLAT. DE PÓS-PROD. E DESIGN";"Obsolescência Telas Estudio Regionais - BH";2026;"setembro";0
"PLAT. DE PÓS-PROD. E DESIGN";"Obsolescência Telas Estudio Regionais - BH";2027;"fevereiro";0
"PLAT. DE PÓS-PROD. E DESIGN";"Obsolescência Telas Estudio Regionais - BH";2027;"janeiro";0
"PLAT. DE PÓS-PROD. E DESIGN";"Obsolescência Telas Estudio Regionais - BH";2027;"março";33500
"PLAT. DE PÓS-PROD. E DESIGN";"Obsolescência Telas Estudio Regionais - BSA";2026;"abril";0
"PLAT. DE PÓS-PROD. E DESIGN";"Obsolescência Telas Estudio Regionais - BSA";2026;"agosto";0
"PLAT. DE PÓS-PROD. E DESIGN";"Obsolescência Telas Estudio Regionais - BSA";2026;"dezembro";0
"PLAT. DE PÓS-PROD. E DESIGN";"Obsolescência Telas Estudio Regionais - BSA";2026;"fevereiro";0
"PLAT. DE PÓS-PROD. E DESIGN";"Obsolescência Telas Estudio Regionais - BSA";2026;"janeiro";0
"PLAT. DE PÓS-PROD. E DESIGN";"Obsolescência Telas Estudio Regionais - BSA";2026;"julho";0
"PLAT. DE PÓS-PROD. E DESIGN";"Obsolescência Telas Estudio Regionais - BSA";2026;"junho";0
"PLAT. DE PÓS-PROD. E DESIGN";"Obsolescência Telas Estudio Regionais - BSA";2026;"maio";0
"PLAT. DE PÓS-PROD. E DESIGN";"Obsolescência Telas Estudio Regionais - BSA";2026;"março";0
"PLAT. DE PÓS-PROD. E DESIGN";"Obsolescência Telas Estudio Regionais - BSA";2026;"novembro";33500
"PLAT. DE PÓS-PROD. E DESIGN";"Obsolescência Telas Estudio Regionais - BSA";2026;"outubro";0
"PLAT. DE PÓS-PROD. E DESIGN";"Obsolescência Telas Estudio Regionais - BSA";2026;"setembro";0
"PLAT. DE PÓS-PROD. E DESIGN";"Obsolescência Telas Estudio Regionais - BSA";2027;"fevereiro";0
"PLAT. DE PÓS-PROD. E DESIGN";"Obsolescência Telas Estudio Regionais - BSA";2027;"janeiro";0
"PLAT. DE PÓS-PROD. E DESIGN";"Obsolescência Telas Estudio Regionais - BSA";2027;"março";0
"PLAT. DE PÓS-PROD. E DESIGN";"PAM do Futuro - Plataforma de Revisão e Aprovação (FrameIO)";2026;"abril";0
"PLAT. DE PÓS-PROD. E DESIGN";"PAM do Futuro - Plataforma de Revisão e Aprovação (FrameIO)";2026;"agosto";0
"PLAT. DE PÓS-PROD. E DESIGN";"PAM do Futuro - Plataforma de Revisão e Aprovação (FrameIO)";2026;"dezembro";92454
"PLAT. DE PÓS-PROD. E DESIGN";"PAM do Futuro - Plataforma de Revisão e Aprovação (FrameIO)";2026;"fevereiro";0
"PLAT. DE PÓS-PROD. E DESIGN";"PAM do Futuro - Plataforma de Revisão e Aprovação (FrameIO)";2026;"janeiro";0
"PLAT. DE PÓS-PROD. E DESIGN";"PAM do Futuro - Plataforma de Revisão e Aprovação (FrameIO)";2026;"julho";0
"PLAT. DE PÓS-PROD. E DESIGN";"PAM do Futuro - Plataforma de Revisão e Aprovação (FrameIO)";2026;"junho";0
"PLAT. DE PÓS-PROD. E DESIGN";"PAM do Futuro - Plataforma de Revisão e Aprovação (FrameIO)";2026;"maio";0
"PLAT. DE PÓS-PROD. E DESIGN";"PAM do Futuro - Plataforma de Revisão e Aprovação (FrameIO)";2026;"março";0
"PLAT. DE PÓS-PROD. E DESIGN";"PAM do Futuro - Plataforma de Revisão e Aprovação (FrameIO)";2026;"novembro";0
"PLAT. DE PÓS-PROD. E DESIGN";"PAM do Futuro - Plataforma de Revisão e Aprovação (FrameIO)";2026;"outubro";0
"PLAT. DE PÓS-PROD. E DESIGN";"PAM do Futuro - Plataforma de Revisão e Aprovação (FrameIO)";2026;"setembro";0
"PLAT. DE PÓS-PROD. E DESIGN";"PAM do Futuro - Plataforma de Revisão e Aprovação (FrameIO)";2027;"fevereiro";0
"PLAT. DE PÓS-PROD. E DESIGN";"PAM do Futuro - Plataforma de Revisão e Aprovação (FrameIO)";2027;"janeiro";0
"PLAT. DE PÓS-PROD. E DESIGN";"PAM do Futuro - Plataforma de Revisão e Aprovação (FrameIO)";2027;"março";0
"PLAT. DE PÓS-PROD. E DESIGN";"PAM do Futuro - PoC";2026;"abril";99699,97
"PLAT. DE PÓS-PROD. E DESIGN";"PAM do Futuro - PoC";2026;"agosto";7868,62
"PLAT. DE PÓS-PROD. E DESIGN";"PAM do Futuro - PoC";2026;"dezembro";0
"PLAT. DE PÓS-PROD. E DESIGN";"PAM do Futuro - PoC";2026;"fevereiro";110924,39
"PLAT. DE PÓS-PROD. E DESIGN";"PAM do Futuro - PoC";2026;"janeiro";1720
"PLAT. DE PÓS-PROD. E DESIGN";"PAM do Futuro - PoC";2026;"julho";0
"PLAT. DE PÓS-PROD. E DESIGN";"PAM do Futuro - PoC";2026;"junho";31270,66
"PLAT. DE PÓS-PROD. E DESIGN";"PAM do Futuro - PoC";2026;"maio";498152,6
"PLAT. DE PÓS-PROD. E DESIGN";"PAM do Futuro - PoC";2026;"março";21823,11
"PLAT. DE PÓS-PROD. E DESIGN";"PAM do Futuro - PoC";2026;"novembro";670000
"PLAT. DE PÓS-PROD. E DESIGN";"PAM do Futuro - PoC";2026;"outubro";77131,38
"PLAT. DE PÓS-PROD. E DESIGN";"PAM do Futuro - PoC";2026;"setembro";7973,4
"PLAT. DE PÓS-PROD. E DESIGN";"PAM do Futuro - PoC";2027;"fevereiro";0
"PLAT. DE PÓS-PROD. E DESIGN";"PAM do Futuro - PoC";2027;"janeiro";0
"PLAT. DE PÓS-PROD. E DESIGN";"PAM do Futuro - PoC";2027;"março";0
"PLAT. DE PÓS-PROD. E DESIGN";"PAM do Futuro - Revisão dos MAMs";2026;"abril";0
"PLAT. DE PÓS-PROD. E DESIGN";"PAM do Futuro - Revisão dos MAMs";2026;"agosto";0
"PLAT. DE PÓS-PROD. E DESIGN";"PAM do Futuro - Revisão dos MAMs";2026;"dezembro";0
"PLAT. DE PÓS-PROD. E DESIGN";"PAM do Futuro - Revisão dos MAMs";2026;"fevereiro";0
"PLAT. DE PÓS-PROD. E DESIGN";"PAM do Futuro - Revisão dos MAMs";2026;"janeiro";0
"PLAT. DE PÓS-PROD. E DESIGN";"PAM do Futuro - Revisão dos MAMs";2026;"julho";0
"PLAT. DE PÓS-PROD. E DESIGN";"PAM do Futuro - Revisão dos MAMs";2026;"junho";0
"PLAT. DE PÓS-PROD. E DESIGN";"PAM do Futuro - Revisão dos MAMs";2026;"maio";0
"PLAT. DE PÓS-PROD. E DESIGN";"PAM do Futuro - Revisão dos MAMs";2026;"março";0
"PLAT. DE PÓS-PROD. E DESIGN";"PAM do Futuro - Revisão dos MAMs";2026;"novembro";0
"PLAT. DE PÓS-PROD. E DESIGN";"PAM do Futuro - Revisão dos MAMs";2026;"outubro";13903
"PLAT. DE PÓS-PROD. E DESIGN";"PAM do Futuro - Revisão dos MAMs";2026;"setembro";0
"PLAT. DE PÓS-PROD. E DESIGN";"PAM do Futuro - Revisão dos MAMs";2027;"fevereiro";0
"PLAT. DE PÓS-PROD. E DESIGN";"PAM do Futuro - Revisão dos MAMs";2027;"janeiro";0
"PLAT. DE PÓS-PROD. E DESIGN";"PAM do Futuro - Revisão dos MAMs";2027;"março";0
"PLAT. DE PÓS-PROD. E DESIGN";"Pool de Trascoding ION & EG (Amberfin)";2026;"abril";185082,7
"PLAT. DE PÓS-PROD. E DESIGN";"Pool de Trascoding ION & EG (Amberfin)";2026;"agosto";20182
"PLAT. DE PÓS-PROD. E DESIGN";"Pool de Trascoding ION & EG (Amberfin)";2026;"dezembro";701427,19
"PLAT. DE PÓS-PROD. E DESIGN";"Pool de Trascoding ION & EG (Amberfin)";2026;"fevereiro";0
"PLAT. DE PÓS-PROD. E DESIGN";"Pool de Trascoding ION & EG (Amberfin)";2026;"janeiro";38141,12
"PLAT. DE PÓS-PROD. E DESIGN";"Pool de Trascoding ION & EG (Amberfin)";2026;"julho";12274,25
"PLAT. DE PÓS-PROD. E DESIGN";"Pool de Trascoding ION & EG (Amberfin)";2026;"junho";10208,6
"PLAT. DE PÓS-PROD. E DESIGN";"Pool de Trascoding ION & EG (Amberfin)";2026;"maio";8701,07
"PLAT. DE PÓS-PROD. E DESIGN";"Pool de Trascoding ION & EG (Amberfin)";2026;"março";82890,430000000008
"PLAT. DE PÓS-PROD. E DESIGN";"Pool de Trascoding ION & EG (Amberfin)";2026;"novembro";10660,01
"PLAT. DE PÓS-PROD. E DESIGN";"Pool de Trascoding ION & EG (Amberfin)";2026;"outubro";0
"PLAT. DE PÓS-PROD. E DESIGN";"Pool de Trascoding ION & EG (Amberfin)";2026;"setembro";10980
"PLAT. DE PÓS-PROD. E DESIGN";"Pool de Trascoding ION & EG (Amberfin)";2027;"fevereiro";0
"PLAT. DE PÓS-PROD. E DESIGN";"Pool de Trascoding ION & EG (Amberfin)";2027;"janeiro";0
"PLAT. DE PÓS-PROD. E DESIGN";"Pool de Trascoding ION & EG (Amberfin)";2027;"março";0
"PLAT. DE PÓS-PROD. E DESIGN";"Pool GC Vizrt ION (Fase 2)";2026;"abril";0
"PLAT. DE PÓS-PROD. E DESIGN";"Pool GC Vizrt ION (Fase 2)";2026;"agosto";5364,31
"PLAT. DE PÓS-PROD. E DESIGN";"Pool GC Vizrt ION (Fase 2)";2026;"dezembro";187987,95
"PLAT. DE PÓS-PROD. E DESIGN";"Pool GC Vizrt ION (Fase 2)";2026;"fevereiro";0
"PLAT. DE PÓS-PROD. E DESIGN";"Pool GC Vizrt ION (Fase 2)";2026;"janeiro";0
"PLAT. DE PÓS-PROD. E DESIGN";"Pool GC Vizrt ION (Fase 2)";2026;"julho";273004,26
"PLAT. DE PÓS-PROD. E DESIGN";"Pool GC Vizrt ION (Fase 2)";2026;"junho";18619,38
"PLAT. DE PÓS-PROD. E DESIGN";"Pool GC Vizrt ION (Fase 2)";2026;"maio";37912,74
"PLAT. DE PÓS-PROD. E DESIGN";"Pool GC Vizrt ION (Fase 2)";2026;"março";0
"PLAT. DE PÓS-PROD. E DESIGN";"Pool GC Vizrt ION (Fase 2)";2026;"novembro";729853,2
"PLAT. DE PÓS-PROD. E DESIGN";"Pool GC Vizrt ION (Fase 2)";2026;"outubro";344481
"PLAT. DE PÓS-PROD. E DESIGN";"Pool GC Vizrt ION (Fase 2)";2026;"setembro";155506,69
"PLAT. DE PÓS-PROD. E DESIGN";"Pool GC Vizrt ION (Fase 2)";2027;"fevereiro";211500
"PLAT. DE PÓS-PROD. E DESIGN";"Pool GC Vizrt ION (Fase 2)";2027;"janeiro";0
"PLAT. DE PÓS-PROD. E DESIGN";"Pool GC Vizrt ION (Fase 2)";2027;"março";0
"PLAT. DE PÓS-PROD. E DESIGN";"Produção Virtual EG - Fase 2";2026;"abril";0
"PLAT. DE PÓS-PROD. E DESIGN";"Produção Virtual EG - Fase 2";2026;"agosto";0
"PLAT. DE PÓS-PROD. E DESIGN";"Produção Virtual EG - Fase 2";2026;"dezembro";0
"PLAT. DE PÓS-PROD. E DESIGN";"Produção Virtual EG - Fase 2";2026;"fevereiro";0
"PLAT. DE PÓS-PROD. E DESIGN";"Produção Virtual EG - Fase 2";2026;"janeiro";84999,99
"PLAT. DE PÓS-PROD. E DESIGN";"Produção Virtual EG - Fase 2";2026;"julho";0
"PLAT. DE PÓS-PROD. E DESIGN";"Produção Virtual EG - Fase 2";2026;"junho";0
"PLAT. DE PÓS-PROD. E DESIGN";"Produção Virtual EG - Fase 2";2026;"maio";14960,4
"PLAT. DE PÓS-PROD. E DESIGN";"Produção Virtual EG - Fase 2";2026;"março";68376,92
"PLAT. DE PÓS-PROD. E DESIGN";"Produção Virtual EG - Fase 2";2026;"novembro";681
"PLAT. DE PÓS-PROD. E DESIGN";"Produção Virtual EG - Fase 2";2026;"outubro";0
"PLAT. DE PÓS-PROD. E DESIGN";"Produção Virtual EG - Fase 2";2026;"setembro";10824,66
"PLAT. DE PÓS-PROD. E DESIGN";"Produção Virtual EG - Fase 2";2027;"fevereiro";0
"PLAT. DE PÓS-PROD. E DESIGN";"Produção Virtual EG - Fase 2";2027;"janeiro";0
"PLAT. DE PÓS-PROD. E DESIGN";"Produção Virtual EG - Fase 2";2027;"março";0
"PLAT. DE PÓS-PROD. E DESIGN";"Render (16) - EG";2026;"abril";0
"PLAT. DE PÓS-PROD. E DESIGN";"Render (16) - EG";2026;"agosto";0
"PLAT. DE PÓS-PROD. E DESIGN";"Render (16) - EG";2026;"dezembro";0
"PLAT. DE PÓS-PROD. E DESIGN";"Render (16) - EG";2026;"fevereiro";0
"PLAT. DE PÓS-PROD. E DESIGN";"Render (16) - EG";2026;"janeiro";0
"PLAT. DE PÓS-PROD. E DESIGN";"Render (16) - EG";2026;"julho";0
"PLAT. DE PÓS-PROD. E DESIGN";"Render (16) - EG";2026;"junho";251938,8
"PLAT. DE PÓS-PROD. E DESIGN";"Render (16) - EG";2026;"maio";0
"PLAT. DE PÓS-PROD. E DESIGN";"Render (16) - EG";2026;"março";0
"PLAT. DE PÓS-PROD. E DESIGN";"Render (16) - EG";2026;"novembro";1476322
"PLAT. DE PÓS-PROD. E DESIGN";"Render (16) - EG";2026;"outubro";601289,1
"PLAT. DE PÓS-PROD. E DESIGN";"Render (16) - EG";2026;"setembro";340017,1
"PLAT. DE PÓS-PROD. E DESIGN";"Render (16) - EG";2027;"fevereiro";0
"PLAT. DE PÓS-PROD. E DESIGN";"Render (16) - EG";2027;"janeiro";46901,1
"PLAT. DE PÓS-PROD. E DESIGN";"Render (16) - EG";2027;"março";67531,9
"PLAT. DE PÓS-PROD. E DESIGN";"Renders VFX (35)";2026;"abril";96978,5
"PLAT. DE PÓS-PROD. E DESIGN";"Renders VFX (35)";2026;"agosto";0
"PLAT. DE PÓS-PROD. E DESIGN";"Renders VFX (35)";2026;"dezembro";0
"PLAT. DE PÓS-PROD. E DESIGN";"Renders VFX (35)";2026;"fevereiro";0
"PLAT. DE PÓS-PROD. E DESIGN";"Renders VFX (35)";2026;"janeiro";51754,54
"PLAT. DE PÓS-PROD. E DESIGN";"Renders VFX (35)";2026;"julho";54724,32
"PLAT. DE PÓS-PROD. E DESIGN";"Renders VFX (35)";2026;"junho";2705,46
"PLAT. DE PÓS-PROD. E DESIGN";"Renders VFX (35)";2026;"maio";0
"PLAT. DE PÓS-PROD. E DESIGN";"Renders VFX (35)";2026;"março";110418,42
"PLAT. DE PÓS-PROD. E DESIGN";"Renders VFX (35)";2026;"novembro";756424
"PLAT. DE PÓS-PROD. E DESIGN";"Renders VFX (35)";2026;"outubro";756423
"PLAT. DE PÓS-PROD. E DESIGN";"Renders VFX (35)";2026;"setembro";63011,88
"PLAT. DE PÓS-PROD. E DESIGN";"Renders VFX (35)";2027;"fevereiro";0
"PLAT. DE PÓS-PROD. E DESIGN";"Renders VFX (35)";2027;"janeiro";0
"PLAT. DE PÓS-PROD. E DESIGN";"Renders VFX (35)";2027;"março";0
"PLAT. DE PÓS-PROD. E DESIGN";"Roadmap de GCs";2026;"abril";149469,06
"PLAT. DE PÓS-PROD. E DESIGN";"Roadmap de GCs";2026;"agosto";0
"PLAT. DE PÓS-PROD. E DESIGN";"Roadmap de GCs";2026;"dezembro";0
"PLAT. DE PÓS-PROD. E DESIGN";"Roadmap de GCs";2026;"fevereiro";0
"PLAT. DE PÓS-PROD. E DESIGN";"Roadmap de GCs";2026;"janeiro";486511,5
"PLAT. DE PÓS-PROD. E DESIGN";"Roadmap de GCs";2026;"julho";0
"PLAT. DE PÓS-PROD. E DESIGN";"Roadmap de GCs";2026;"junho";0
"PLAT. DE PÓS-PROD. E DESIGN";"Roadmap de GCs";2026;"maio";6214,25
"PLAT. DE PÓS-PROD. E DESIGN";"Roadmap de GCs";2026;"março";0
"PLAT. DE PÓS-PROD. E DESIGN";"Roadmap de GCs";2026;"novembro";2321
"PLAT. DE PÓS-PROD. E DESIGN";"Roadmap de GCs";2026;"outubro";0
"PLAT. DE PÓS-PROD. E DESIGN";"Roadmap de GCs";2026;"setembro";4221,47
"PLAT. DE PÓS-PROD. E DESIGN";"Roadmap de GCs";2027;"fevereiro";0
"PLAT. DE PÓS-PROD. E DESIGN";"Roadmap de GCs";2027;"janeiro";0
"PLAT. DE PÓS-PROD. E DESIGN";"Roadmap de GCs";2027;"março";0
"PLAT. DE PÓS-PROD. E DESIGN";"Roadmap Playout Controles - SP/JB/BSA";2026;"abril";43910,869999999995
"PLAT. DE PÓS-PROD. E DESIGN";"Roadmap Playout Controles - SP/JB/BSA";2026;"agosto";0
"PLAT. DE PÓS-PROD. E DESIGN";"Roadmap Playout Controles - SP/JB/BSA";2026;"dezembro";0
"PLAT. DE PÓS-PROD. E DESIGN";"Roadmap Playout Controles - SP/JB/BSA";2026;"fevereiro";41686,47
"PLAT. DE PÓS-PROD. E DESIGN";"Roadmap Playout Controles - SP/JB/BSA";2026;"janeiro";0
"PLAT. DE PÓS-PROD. E DESIGN";"Roadmap Playout Controles - SP/JB/BSA";2026;"julho";12534,3
"PLAT. DE PÓS-PROD. E DESIGN";"Roadmap Playout Controles - SP/JB/BSA";2026;"junho";64829,01
"PLAT. DE PÓS-PROD. E DESIGN";"Roadmap Playout Controles - SP/JB/BSA";2026;"maio";71247,81
"PLAT. DE PÓS-PROD. E DESIGN";"Roadmap Playout Controles - SP/JB/BSA";2026;"março";3829,42
"PLAT. DE PÓS-PROD. E DESIGN";"Roadmap Playout Controles - SP/JB/BSA";2026;"novembro";647000
"PLAT. DE PÓS-PROD. E DESIGN";"Roadmap Playout Controles - SP/JB/BSA";2026;"outubro";8434
"PLAT. DE PÓS-PROD. E DESIGN";"Roadmap Playout Controles - SP/JB/BSA";2026;"setembro";15245,91
"PLAT. DE PÓS-PROD. E DESIGN";"Roadmap Playout Controles - SP/JB/BSA";2027;"fevereiro";0
"PLAT. DE PÓS-PROD. E DESIGN";"Roadmap Playout Controles - SP/JB/BSA";2027;"janeiro";0
"PLAT. DE PÓS-PROD. E DESIGN";"Roadmap Playout Controles - SP/JB/BSA";2027;"março";1576541
"PLAT. DE PÓS-PROD. E DESIGN";"Telas e touch - EG, SP e ION";2026;"abril";34563,57
"PLAT. DE PÓS-PROD. E DESIGN";"Telas e touch - EG, SP e ION";2026;"agosto";11564,6
"PLAT. DE PÓS-PROD. E DESIGN";"Telas e touch - EG, SP e ION";2026;"dezembro";0
"PLAT. DE PÓS-PROD. E DESIGN";"Telas e touch - EG, SP e ION";2026;"fevereiro";0
"PLAT. DE PÓS-PROD. E DESIGN";"Telas e touch - EG, SP e ION";2026;"janeiro";20558,15
"PLAT. DE PÓS-PROD. E DESIGN";"Telas e touch - EG, SP e ION";2026;"julho";920,1
"PLAT. DE PÓS-PROD. E DESIGN";"Telas e touch - EG, SP e ION";2026;"junho";1903,74
"PLAT. DE PÓS-PROD. E DESIGN";"Telas e touch - EG, SP e ION";2026;"maio";13275
"PLAT. DE PÓS-PROD. E DESIGN";"Telas e touch - EG, SP e ION";2026;"março";40080
"PLAT. DE PÓS-PROD. E DESIGN";"Telas e touch - EG, SP e ION";2026;"novembro";6506,4
"PLAT. DE PÓS-PROD. E DESIGN";"Telas e touch - EG, SP e ION";2026;"outubro";0
"PLAT. DE PÓS-PROD. E DESIGN";"Telas e touch - EG, SP e ION";2026;"setembro";27439
"PLAT. DE PÓS-PROD. E DESIGN";"Telas e touch - EG, SP e ION";2027;"fevereiro";0
"PLAT. DE PÓS-PROD. E DESIGN";"Telas e touch - EG, SP e ION";2027;"janeiro";0
"PLAT. DE PÓS-PROD. E DESIGN";"Telas e touch - EG, SP e ION";2027;"março";0
"PLAT. DE PÓS-PROD. E DESIGN";"Workflow 4K de edição";2026;"abril";147453,32
"PLAT. DE PÓS-PROD. E DESIGN";"Workflow 4K de edição";2026;"agosto";23757,57
"PLAT. DE PÓS-PROD. E DESIGN";"Workflow 4K de edição";2026;"dezembro";238505
"PLAT. DE PÓS-PROD. E DESIGN";"Workflow 4K de edição";2026;"fevereiro";0
"PLAT. DE PÓS-PROD. E DESIGN";"Workflow 4K de edição";2026;"janeiro";0
"PLAT. DE PÓS-PROD. E DESIGN";"Workflow 4K de edição";2026;"julho";460141,19
"PLAT. DE PÓS-PROD. E DESIGN";"Workflow 4K de edição";2026;"junho";13363,2
"PLAT. DE PÓS-PROD. E DESIGN";"Workflow 4K de edição";2026;"maio";35628,73
"PLAT. DE PÓS-PROD. E DESIGN";"Workflow 4K de edição";2026;"março";0
"PLAT. DE PÓS-PROD. E DESIGN";"Workflow 4K de edição";2026;"novembro";700000
"PLAT. DE PÓS-PROD. E DESIGN";"Workflow 4K de edição";2026;"outubro";56719,43
"PLAT. DE PÓS-PROD. E DESIGN";"Workflow 4K de edição";2026;"setembro";13157,39
"PLAT. DE PÓS-PROD. E DESIGN";"Workflow 4K de edição";2027;"fevereiro";0
"PLAT. DE PÓS-PROD. E DESIGN";"Workflow 4K de edição";2027;"janeiro";0
"PLAT. DE PÓS-PROD. E DESIGN";"Workflow 4K de edição";2027;"março";0
"PLAT. DE PÓS-PROD. E DESIGN";"Workflow 4K Light (sites: JB, ÍON & SP)";2026;"abril";0
"PLAT. DE PÓS-PROD. E DESIGN";"Workflow 4K Light (sites: JB, ÍON & SP)";2026;"agosto";0
"PLAT. DE PÓS-PROD. E DESIGN";"Workflow 4K Light (sites: JB, ÍON & SP)";2026;"dezembro";0
"PLAT. DE PÓS-PROD. E DESIGN";"Workflow 4K Light (sites: JB, ÍON & SP)";2026;"fevereiro";56153,33
"PLAT. DE PÓS-PROD. E DESIGN";"Workflow 4K Light (sites: JB, ÍON & SP)";2026;"janeiro";36938,75
"PLAT. DE PÓS-PROD. E DESIGN";"Workflow 4K Light (sites: JB, ÍON & SP)";2026;"julho";0
"PLAT. DE PÓS-PROD. E DESIGN";"Workflow 4K Light (sites: JB, ÍON & SP)";2026;"junho";0
"PLAT. DE PÓS-PROD. E DESIGN";"Workflow 4K Light (sites: JB, ÍON & SP)";2026;"maio";0
"PLAT. DE PÓS-PROD. E DESIGN";"Workflow 4K Light (sites: JB, ÍON & SP)";2026;"março";0
"PLAT. DE PÓS-PROD. E DESIGN";"Workflow 4K Light (sites: JB, ÍON & SP)";2026;"novembro";0
"PLAT. DE PÓS-PROD. E DESIGN";"Workflow 4K Light (sites: JB, ÍON & SP)";2026;"outubro";0
"PLAT. DE PÓS-PROD. E DESIGN";"Workflow 4K Light (sites: JB, ÍON & SP)";2026;"setembro";0
"PLAT. DE PÓS-PROD. E DESIGN";"Workflow 4K Light (sites: JB, ÍON & SP)";2027;"fevereiro";0
"PLAT. DE PÓS-PROD. E DESIGN";"Workflow 4K Light (sites: JB, ÍON & SP)";2027;"janeiro";0
"PLAT. DE PÓS-PROD. E DESIGN";"Workflow 4K Light (sites: JB, ÍON & SP)";2027;"março";0
"PLATAFORMA DE PRÉ-PRODUÇÃO";"Move AWS to GCP - Newshub e SCOUT";2026;"abril";0
"PLATAFORMA DE PRÉ-PRODUÇÃO";"Move AWS to GCP - Newshub e SCOUT";2026;"agosto";0
"PLATAFORMA DE PRÉ-PRODUÇÃO";"Move AWS to GCP - Newshub e SCOUT";2026;"dezembro";0
"PLATAFORMA DE PRÉ-PRODUÇÃO";"Move AWS to GCP - Newshub e SCOUT";2026;"fevereiro";0
"PLATAFORMA DE PRÉ-PRODUÇÃO";"Move AWS to GCP - Newshub e SCOUT";2026;"janeiro";0
"PLATAFORMA DE PRÉ-PRODUÇÃO";"Move AWS to GCP - Newshub e SCOUT";2026;"julho";0
"PLATAFORMA DE PRÉ-PRODUÇÃO";"Move AWS to GCP - Newshub e SCOUT";2026;"junho";4231,85
"PLATAFORMA DE PRÉ-PRODUÇÃO";"Move AWS to GCP - Newshub e SCOUT";2026;"maio";11833,5
"PLATAFORMA DE PRÉ-PRODUÇÃO";"Move AWS to GCP - Newshub e SCOUT";2026;"março";0
"PLATAFORMA DE PRÉ-PRODUÇÃO";"Move AWS to GCP - Newshub e SCOUT";2026;"novembro";0
"PLATAFORMA DE PRÉ-PRODUÇÃO";"Move AWS to GCP - Newshub e SCOUT";2026;"outubro";0
"PLATAFORMA DE PRÉ-PRODUÇÃO";"Move AWS to GCP - Newshub e SCOUT";2026;"setembro";0
"PLATAFORMA DE PRÉ-PRODUÇÃO";"Move AWS to GCP - Newshub e SCOUT";2027;"fevereiro";0
"PLATAFORMA DE PRÉ-PRODUÇÃO";"Move AWS to GCP - Newshub e SCOUT";2027;"janeiro";0
"PLATAFORMA DE PRÉ-PRODUÇÃO";"Move AWS to GCP - Newshub e SCOUT";2027;"março";0
"PLATAFORMA DE PRÉ-PRODUÇÃO";"Move to cloud e Resgate / upload dos assets do Acervo da Produção Artística";2026;"abril";0
"PLATAFORMA DE PRÉ-PRODUÇÃO";"Move to cloud e Resgate / upload dos assets do Acervo da Produção Artística";2026;"agosto";0
"PLATAFORMA DE PRÉ-PRODUÇÃO";"Move to cloud e Resgate / upload dos assets do Acervo da Produção Artística";2026;"dezembro";101580
"PLATAFORMA DE PRÉ-PRODUÇÃO";"Move to cloud e Resgate / upload dos assets do Acervo da Produção Artística";2026;"fevereiro";0
"PLATAFORMA DE PRÉ-PRODUÇÃO";"Move to cloud e Resgate / upload dos assets do Acervo da Produção Artística";2026;"janeiro";0
"PLATAFORMA DE PRÉ-PRODUÇÃO";"Move to cloud e Resgate / upload dos assets do Acervo da Produção Artística";2026;"julho";0
"PLATAFORMA DE PRÉ-PRODUÇÃO";"Move to cloud e Resgate / upload dos assets do Acervo da Produção Artística";2026;"junho";0
"PLATAFORMA DE PRÉ-PRODUÇÃO";"Move to cloud e Resgate / upload dos assets do Acervo da Produção Artística";2026;"maio";0
"PLATAFORMA DE PRÉ-PRODUÇÃO";"Move to cloud e Resgate / upload dos assets do Acervo da Produção Artística";2026;"março";0
"PLATAFORMA DE PRÉ-PRODUÇÃO";"Move to cloud e Resgate / upload dos assets do Acervo da Produção Artística";2026;"novembro";0
"PLATAFORMA DE PRÉ-PRODUÇÃO";"Move to cloud e Resgate / upload dos assets do Acervo da Produção Artística";2026;"outubro";0
"PLATAFORMA DE PRÉ-PRODUÇÃO";"Move to cloud e Resgate / upload dos assets do Acervo da Produção Artística";2026;"setembro";6490,48
"PLATAFORMA DE PRÉ-PRODUÇÃO";"Move to cloud e Resgate / upload dos assets do Acervo da Produção Artística";2027;"fevereiro";0
"PLATAFORMA DE PRÉ-PRODUÇÃO";"Move to cloud e Resgate / upload dos assets do Acervo da Produção Artística";2027;"janeiro";0
"PLATAFORMA DE PRÉ-PRODUÇÃO";"Move to cloud e Resgate / upload dos assets do Acervo da Produção Artística";2027;"março";0
