N4;1º Aprovador;NomeLB;Ano;Rubrica;Orcamento_Cenarios;Realizado_Pago;Realizado_Pendente;DeltaCaixa_CAPEX;Compromisso_Conecta;A_emitir_Conecta_CAPEX
"PLAT. DE CAPTAÇÃO E PRODUÇÃO";"";"Controles JB Obsolescência 2023";2026;"RESERVA";0;;;0;;0
"PLAT. DE CAPTAÇÃO E PRODUÇÃO";"";"Controles JB Obsolescência 2023";2026;"SOLUÇÃO";0;;;0;;0
"PLAT. DE CAPTAÇÃO E PRODUÇÃO";"";"Controles JB Obsolescência 2023";2026;"MDO";0;;;0;;0
"PLAT. DE CAPTAÇÃO E PRODUÇÃO";"";"Controles JB Obsolescência 2023";2026;"INSTALAÇÃO";0;;;0;;0
"PLAT. DE CAPTAÇÃO E PRODUÇÃO";"";"Controles JB Obsolescência 2023";2027;"INSTALAÇÃO";0;;;0;;0
"PLAT. DE CAPTAÇÃO E PRODUÇÃO";"";"Controles JB Obsolescência 2023";2027;"MDO";0;;;0;;0
"PLAT. DE CAPTAÇÃO E PRODUÇÃO";"";"Controles JB Obsolescência 2023";2027;"SOLUÇÃO";0;;;0;;0
"PLAT. DE CAPTAÇÃO E PRODUÇÃO";"";"Controles JB Obsolescência 2023";2027;"RESERVA";0;;;0;;0
"PLAT. DE CAPTAÇÃO E PRODUÇÃO";"";"Obs. Crítica Câmeras Ion - CAMBOX Estúdio A";2026;"SOLUÇÃO";;;;;316352,51;-316352,51
"PLAT. DE CAPTAÇÃO E PRODUÇÃO";"";"Obs. Crítica Câmeras Ion - CAMBOX Estúdio A";2027;"SOLUÇÃO";;;;;316352,51;-316352,51
"PLAT. DE CAPTAÇÃO E PRODUÇÃO";"";"Kits De Externa - Up Kit Light Recife";2026;"SOLUÇÃO";;;;;0;0
"PLAT. DE CAPTAÇÃO E PRODUÇÃO";"";"Kits De Externa - Up Kit Light Recife";2027;"SOLUÇÃO";;;;;0;0
"PLAT. DE CAPTAÇÃO E PRODUÇÃO";"";"Obsolescência Controle 1 SP";2026;"SOLUÇÃO";;;;;9571,26;-9571,26
"PLAT. DE CAPTAÇÃO E PRODUÇÃO";"";"Obsolescência Controle 1 SP";2027;"SOLUÇÃO";;;;;9571,26;-9571,26
"PLAT. DE CAPTAÇÃO E PRODUÇÃO";"";"UPPs Dramaturgia - Sistemas de TV";2026;"SOLUÇÃO";;;;;188517,12;-188517,12
"PLAT. DE CAPTAÇÃO E PRODUÇÃO";"";"UPPs Dramaturgia - Sistemas de TV";2027;"SOLUÇÃO";;;;;188517,12;-188517,12
"PLAT. DE CAPTAÇÃO E PRODUÇÃO";"(vazio)";"Comunicação Operacional (ÍON, BSA, REC)";2026;"SOLUÇÃO";;;;;0;0
"PLAT. DE CAPTAÇÃO E PRODUÇÃO";"(vazio)";"Comunicação Operacional (ÍON, BSA, REC)";2027;"SOLUÇÃO";;;;;0;0
"PLAT. DE CAPTAÇÃO E PRODUÇÃO";"(vazio)";"Iluminação Est-B  (BSA) / Sistema Panic do JB";2026;"SOLUÇÃO";;;;;0;0
"PLAT. DE CAPTAÇÃO E PRODUÇÃO";"(vazio)";"Iluminação Est-B  (BSA) / Sistema Panic do JB";2027;"SOLUÇÃO";;;;;0;0
"PLAT. DE CAPTAÇÃO E PRODUÇÃO";"arthurnsantos@g.globo";"Automação Hoists MG2 - Obs. Crítica e Mesa de Iluminação EST-3 SP";2026;"INSTALAÇÃO";0;;;0;;0
"PLAT. DE CAPTAÇÃO E PRODUÇÃO";"arthurnsantos@g.globo";"Automação Hoists MG2 - Obs. Crítica e Mesa de Iluminação EST-3 SP";2026;"SOLUÇÃO";925215,73;876717,49;;48498,24;15449,37;33048,869999999988
"PLAT. DE CAPTAÇÃO E PRODUÇÃO";"arthurnsantos@g.globo";"Automação Hoists MG2 - Obs. Crítica e Mesa de Iluminação EST-3 SP";2026;"RESERVA";0;;;0;;0
"PLAT. DE CAPTAÇÃO E PRODUÇÃO";"arthurnsantos@g.globo";"Automação Hoists MG2 - Obs. Crítica e Mesa de Iluminação EST-3 SP";2026;"MDO";92704,23000000001;68084,91;8663,97;15955,35;15955,35;5,4569682106375694E-12
"PLAT. DE CAPTAÇÃO E PRODUÇÃO";"arthurnsantos@g.globo";"Automação Hoists MG2 - Obs. Crítica e Mesa de Iluminação EST-3 SP";2027;"SOLUÇÃO";0;;;0;15449,37;-15449,37
"PLAT. DE CAPTAÇÃO E PRODUÇÃO";"arthurnsantos@g.globo";"Automação Hoists MG2 - Obs. Crítica e Mesa de Iluminação EST-3 SP";2027;"MDO";0;;;0;15955,35;-15955,35
"PLAT. DE CAPTAÇÃO E PRODUÇÃO";"arthurnsantos@g.globo";"Automação Hoists MG2 - Obs. Crítica e Mesa de Iluminação EST-3 SP";2027;"INSTALAÇÃO";0;;;0;;0
"PLAT. DE CAPTAÇÃO E PRODUÇÃO";"arthurnsantos@g.globo";"Automação Hoists MG2 - Obs. Crítica e Mesa de Iluminação EST-3 SP";2027;"RESERVA";0;;;0;;0
"PLAT. DE CAPTAÇÃO E PRODUÇÃO";"arthurnsantos@g.globo";"BC Iluminação Branca Estúdio 1 SP";2026;"RESERVA";0;;;0;;0
"PLAT. DE CAPTAÇÃO E PRODUÇÃO";"arthurnsantos@g.globo";"BC Iluminação Branca Estúdio 1 SP";2026;"INSTALAÇÃO";0;;;0;;0
"PLAT. DE CAPTAÇÃO E PRODUÇÃO";"arthurnsantos@g.globo";"BC Iluminação Branca Estúdio 1 SP";2026;"MDO";58212;58212;;0;;0
"PLAT. DE CAPTAÇÃO E PRODUÇÃO";"arthurnsantos@g.globo";"BC Iluminação Branca Estúdio 1 SP";2026;"SOLUÇÃO";335188;86700,62;92570,12;155917,26;38037,009999999995;117880,25000000001
"PLAT. DE CAPTAÇÃO E PRODUÇÃO";"arthurnsantos@g.globo";"BC Iluminação Branca Estúdio 1 SP";2027;"SOLUÇÃO";0;;;0;38037,009999999995;-38037,009999999995
"PLAT. DE CAPTAÇÃO E PRODUÇÃO";"arthurnsantos@g.globo";"BC Iluminação Branca Estúdio 1 SP";2027;"RESERVA";0;;;0;;0
"PLAT. DE CAPTAÇÃO E PRODUÇÃO";"arthurnsantos@g.globo";"BC Iluminação Branca Estúdio 1 SP";2027;"INSTALAÇÃO";0;;;0;;0
"PLAT. DE CAPTAÇÃO E PRODUÇÃO";"arthurnsantos@g.globo";"BC Iluminação Branca Estúdio 1 SP";2027;"MDO";0;;;0;;0
"PLAT. DE CAPTAÇÃO E PRODUÇÃO";"arthurnsantos@g.globo";"Câmeras de Externa - Obs. crítica G5";2026;"MDO";77307,87;38017,869999999995;;39290;0;39289,999999999993
"PLAT. DE CAPTAÇÃO E PRODUÇÃO";"arthurnsantos@g.globo";"Câmeras de Externa - Obs. crítica G5";2026;"RESERVA";0;;;0;;0
"PLAT. DE CAPTAÇÃO E PRODUÇÃO";"arthurnsantos@g.globo";"Câmeras de Externa - Obs. crítica G5";2026;"INSTALAÇÃO";0;;;0;;0
"PLAT. DE CAPTAÇÃO E PRODUÇÃO";"arthurnsantos@g.globo";"Câmeras de Externa - Obs. crítica G5";2026;"SOLUÇÃO";2524968,56;2268850,1300000004;140310,69;115807,74;177788,41;-61980,66999999978
"PLAT. DE CAPTAÇÃO E PRODUÇÃO";"arthurnsantos@g.globo";"Câmeras de Externa - Obs. crítica G5";2027;"SOLUÇÃO";0;;;0;177788,41;-177788,41
"PLAT. DE CAPTAÇÃO E PRODUÇÃO";"arthurnsantos@g.globo";"Câmeras de Externa - Obs. crítica G5";2027;"RESERVA";0;;;0;;0
"PLAT. DE CAPTAÇÃO E PRODUÇÃO";"arthurnsantos@g.globo";"Câmeras de Externa - Obs. crítica G5";2027;"MDO";0;;;0;0;0
"PLAT. DE CAPTAÇÃO E PRODUÇÃO";"arthurnsantos@g.globo";"Câmeras de Externa - Obs. crítica G5";2027;"INSTALAÇÃO";0;;;0;;0
"PLAT. DE CAPTAÇÃO E PRODUÇÃO";"arthurnsantos@g.globo";"Câmeras Robô - Obs. crítica ION";2026;"RESERVA";0;;;0;;0
"PLAT. DE CAPTAÇÃO E PRODUÇÃO";"arthurnsantos@g.globo";"Câmeras Robô - Obs. crítica ION";2026;"SOLUÇÃO";539228;;;539228;537613,18;1614,8199999999488
"PLAT. DE CAPTAÇÃO E PRODUÇÃO";"arthurnsantos@g.globo";"Câmeras Robô - Obs. crítica ION";2026;"MDO";13194;4713;;8481;8481;0
"PLAT. DE CAPTAÇÃO E PRODUÇÃO";"arthurnsantos@g.globo";"Câmeras Robô - Obs. crítica ION";2026;"INSTALAÇÃO";4224,98;4224,98;;0;8568,88;-8568,88
"PLAT. DE CAPTAÇÃO E PRODUÇÃO";"arthurnsantos@g.globo";"Câmeras Robô - Obs. crítica ION";2027;"SOLUÇÃO";0;;;0;537613,18;-537613,18
"PLAT. DE CAPTAÇÃO E PRODUÇÃO";"arthurnsantos@g.globo";"Câmeras Robô - Obs. crítica ION";2027;"RESERVA";0;;;0;;0
"PLAT. DE CAPTAÇÃO E PRODUÇÃO";"arthurnsantos@g.globo";"Câmeras Robô - Obs. crítica ION";2027;"INSTALAÇÃO";0;;;0;8568,88;-8568,88
"PLAT. DE CAPTAÇÃO E PRODUÇÃO";"arthurnsantos@g.globo";"Câmeras Robô - Obs. crítica ION";2027;"MDO";0;;;0;8481;-8481
"PLAT. DE CAPTAÇÃO E PRODUÇÃO";"arthurnsantos@g.globo";"Câmeras Robóticas G5";2026;"MDO";0;;;0;;0
"PLAT. DE CAPTAÇÃO E PRODUÇÃO";"arthurnsantos@g.globo";"Câmeras Robóticas G5";2026;"RESERVA";0;;;0;;0
"PLAT. DE CAPTAÇÃO E PRODUÇÃO";"arthurnsantos@g.globo";"Câmeras Robóticas G5";2026;"SOLUÇÃO";90861,02;89736,63;;1124,39;558,15000000000009;566,23999999999933
"PLAT. DE CAPTAÇÃO E PRODUÇÃO";"arthurnsantos@g.globo";"Câmeras Robóticas G5";2026;"INSTALAÇÃO";0;;;0;;0
"PLAT. DE CAPTAÇÃO E PRODUÇÃO";"arthurnsantos@g.globo";"Câmeras Robóticas G5";2027;"MDO";0;;;0;;0
"PLAT. DE CAPTAÇÃO E PRODUÇÃO";"arthurnsantos@g.globo";"Câmeras Robóticas G5";2027;"INSTALAÇÃO";0;;;0;;0
"PLAT. DE CAPTAÇÃO E PRODUÇÃO";"arthurnsantos@g.globo";"Câmeras Robóticas G5";2027;"SOLUÇÃO";0;;;0;558,15000000000009;-558,15000000000009
"PLAT. DE CAPTAÇÃO E PRODUÇÃO";"arthurnsantos@g.globo";"Câmeras Robóticas G5";2027;"RESERVA";0;;;0;;0
"PLAT. DE CAPTAÇÃO E PRODUÇÃO";"arthurnsantos@g.globo";"Gnews no estúdio A";2026;"RESERVA";0;;;0;;0
"PLAT. DE CAPTAÇÃO E PRODUÇÃO";"arthurnsantos@g.globo";"Gnews no estúdio A";2026;"INSTALAÇÃO";0;;;0;3802,61;-3802,61
"PLAT. DE CAPTAÇÃO E PRODUÇÃO";"arthurnsantos@g.globo";"Gnews no estúdio A";2026;"SOLUÇÃO";3118761,5199999996;3119917,7600000007;;-1156,24;;-1156,2400000002235
"PLAT. DE CAPTAÇÃO E PRODUÇÃO";"arthurnsantos@g.globo";"Gnews no estúdio A";2026;"MDO";0;;;0;;0
"PLAT. DE CAPTAÇÃO E PRODUÇÃO";"arthurnsantos@g.globo";"Gnews no estúdio A";2027;"INSTALAÇÃO";0;;;0;3802,61;-3802,61
"PLAT. DE CAPTAÇÃO E PRODUÇÃO";"arthurnsantos@g.globo";"Gnews no estúdio A";2027;"SOLUÇÃO";0;;;0;;0
"PLAT. DE CAPTAÇÃO E PRODUÇÃO";"arthurnsantos@g.globo";"Gnews no estúdio A";2027;"MDO";0;;;0;;0
"PLAT. DE CAPTAÇÃO E PRODUÇÃO";"arthurnsantos@g.globo";"Gnews no estúdio A";2027;"RESERVA";0;;;0;;0
"PLAT. DE CAPTAÇÃO E PRODUÇÃO";"arthurnsantos@g.globo";"Iluminação EST-F JB | Cidade CEN. EG";2026;"SOLUÇÃO";;;;;0,8;-0,8
"PLAT. DE CAPTAÇÃO E PRODUÇÃO";"arthurnsantos@g.globo";"Iluminação EST-F JB | Cidade CEN. EG";2027;"SOLUÇÃO";;;;;0,8;-0,8
"PLAT. DE CAPTAÇÃO E PRODUÇÃO";"arthurnsantos@g.globo";"Iluminação SP - Estúdio/Controle 3";2026;"SOLUÇÃO";0;;;0;;0
"PLAT. DE CAPTAÇÃO E PRODUÇÃO";"arthurnsantos@g.globo";"Iluminação SP - Estúdio/Controle 3";2026;"INSTALAÇÃO";0;;;0;;0
"PLAT. DE CAPTAÇÃO E PRODUÇÃO";"arthurnsantos@g.globo";"Iluminação SP - Estúdio/Controle 3";2026;"MDO";0;;;0;;0
"PLAT. DE CAPTAÇÃO E PRODUÇÃO";"arthurnsantos@g.globo";"Iluminação SP - Estúdio/Controle 3";2026;"RESERVA";0;;;0;;0
"PLAT. DE CAPTAÇÃO E PRODUÇÃO";"arthurnsantos@g.globo";"Iluminação SP - Estúdio/Controle 3";2027;"INSTALAÇÃO";0;;;0;;0
"PLAT. DE CAPTAÇÃO E PRODUÇÃO";"arthurnsantos@g.globo";"Iluminação SP - Estúdio/Controle 3";2027;"MDO";0;;;0;;0
"PLAT. DE CAPTAÇÃO E PRODUÇÃO";"arthurnsantos@g.globo";"Iluminação SP - Estúdio/Controle 3";2027;"RESERVA";0;;;0;;0
"PLAT. DE CAPTAÇÃO E PRODUÇÃO";"arthurnsantos@g.globo";"Iluminação SP - Estúdio/Controle 3";2027;"SOLUÇÃO";501700;;;501700;;501700
"PLAT. DE CAPTAÇÃO E PRODUÇÃO";"arthurnsantos@g.globo";"Iluminação SP - Mesa e acessórios JG e JH";2026;"SOLUÇÃO";205000;197460;;7540;16737,78;-9197,7799999999988
"PLAT. DE CAPTAÇÃO E PRODUÇÃO";"arthurnsantos@g.globo";"Iluminação SP - Mesa e acessórios JG e JH";2026;"MDO";320700;232912,53;;87787,47;87787,47;0
"PLAT. DE CAPTAÇÃO E PRODUÇÃO";"arthurnsantos@g.globo";"Iluminação SP - Mesa e acessórios JG e JH";2026;"RESERVA";0;;;0;;0
"PLAT. DE CAPTAÇÃO E PRODUÇÃO";"arthurnsantos@g.globo";"Iluminação SP - Mesa e acessórios JG e JH";2026;"INSTALAÇÃO";0;;;0;;0
"PLAT. DE CAPTAÇÃO E PRODUÇÃO";"arthurnsantos@g.globo";"Iluminação SP - Mesa e acessórios JG e JH";2027;"INSTALAÇÃO";0;;;0;;0
"PLAT. DE CAPTAÇÃO E PRODUÇÃO";"arthurnsantos@g.globo";"Iluminação SP - Mesa e acessórios JG e JH";2027;"RESERVA";0;;;0;;0
"PLAT. DE CAPTAÇÃO E PRODUÇÃO";"arthurnsantos@g.globo";"Iluminação SP - Mesa e acessórios JG e JH";2027;"SOLUÇÃO";0;;;0;16737,78;-16737,78
"PLAT. DE CAPTAÇÃO E PRODUÇÃO";"arthurnsantos@g.globo";"Iluminação SP - Mesa e acessórios JG e JH";2027;"MDO";0;;;0;87787,47;-87787,47
"PLAT. DE CAPTAÇÃO E PRODUÇÃO";"arthurnsantos@g.globo";"Iluminação SP - Mesa Estúdio 1";2026;"RESERVA";0;;;0;;0
"PLAT. DE CAPTAÇÃO E PRODUÇÃO";"arthurnsantos@g.globo";"Iluminação SP - Mesa Estúdio 1";2026;"SOLUÇÃO";0;;;0;;0
"PLAT. DE CAPTAÇÃO E PRODUÇÃO";"arthurnsantos@g.globo";"Iluminação SP - Mesa Estúdio 1";2026;"MDO";0;;;0;;0
"PLAT. DE CAPTAÇÃO E PRODUÇÃO";"arthurnsantos@g.globo";"Iluminação SP - Mesa Estúdio 1";2026;"INSTALAÇÃO";0;;;0;;0
"PLAT. DE CAPTAÇÃO E PRODUÇÃO";"arthurnsantos@g.globo";"Iluminação SP - Mesa Estúdio 1";2027;"RESERVA";0;;;0;;0
"PLAT. DE CAPTAÇÃO E PRODUÇÃO";"arthurnsantos@g.globo";"Iluminação SP - Mesa Estúdio 1";2027;"SOLUÇÃO";501700;;;501700;;501700
"PLAT. DE CAPTAÇÃO E PRODUÇÃO";"arthurnsantos@g.globo";"Iluminação SP - Mesa Estúdio 1";2027;"MDO";0;;;0;;0
"PLAT. DE CAPTAÇÃO E PRODUÇÃO";"arthurnsantos@g.globo";"Iluminação SP - Mesa Estúdio 1";2027;"INSTALAÇÃO";0;;;0;;0
"PLAT. DE CAPTAÇÃO E PRODUÇÃO";"arthurnsantos@g.globo";"Iluminação SP - Mesa Glass SP";2026;"SOLUÇÃO";0;;;0;;0
"PLAT. DE CAPTAÇÃO E PRODUÇÃO";"arthurnsantos@g.globo";"Iluminação SP - Mesa Glass SP";2026;"INSTALAÇÃO";0;;;0;;0
"PLAT. DE CAPTAÇÃO E PRODUÇÃO";"arthurnsantos@g.globo";"Iluminação SP - Mesa Glass SP";2026;"RESERVA";0;;;0;;0
"PLAT. DE CAPTAÇÃO E PRODUÇÃO";"arthurnsantos@g.globo";"Iluminação SP - Mesa Glass SP";2026;"MDO";0;;;0;;0
"PLAT. DE CAPTAÇÃO E PRODUÇÃO";"arthurnsantos@g.globo";"Iluminação SP - Mesa Glass SP";2027;"MDO";0;;;0;;0
"PLAT. DE CAPTAÇÃO E PRODUÇÃO";"arthurnsantos@g.globo";"Iluminação SP - Mesa Glass SP";2027;"SOLUÇÃO";501700;;;501700;;501700
"PLAT. DE CAPTAÇÃO E PRODUÇÃO";"arthurnsantos@g.globo";"Iluminação SP - Mesa Glass SP";2027;"INSTALAÇÃO";0;;;0;;0
"PLAT. DE CAPTAÇÃO E PRODUÇÃO";"arthurnsantos@g.globo";"Iluminação SP - Mesa Glass SP";2027;"RESERVA";0;;;0;;0
"PLAT. DE CAPTAÇÃO E PRODUÇÃO";"arthurnsantos@g.globo";"Kit de externa internacional";2026;"INSTALAÇÃO";0;;;0;;0
"PLAT. DE CAPTAÇÃO E PRODUÇÃO";"arthurnsantos@g.globo";"Kit de externa internacional";2026;"SOLUÇÃO";130000;;;130000;;130000
"PLAT. DE CAPTAÇÃO E PRODUÇÃO";"arthurnsantos@g.globo";"Kit de externa internacional";2026;"MDO";0;;;0;;0
"PLAT. DE CAPTAÇÃO E PRODUÇÃO";"arthurnsantos@g.globo";"Kit de externa internacional";2026;"RESERVA";0;;;0;;0
"PLAT. DE CAPTAÇÃO E PRODUÇÃO";"arthurnsantos@g.globo";"Kit de externa internacional";2027;"RESERVA";0;;;0;;0
"PLAT. DE CAPTAÇÃO E PRODUÇÃO";"arthurnsantos@g.globo";"Kit de externa internacional";2027;"INSTALAÇÃO";0;;;0;;0
"PLAT. DE CAPTAÇÃO E PRODUÇÃO";"arthurnsantos@g.globo";"Kit de externa internacional";2027;"SOLUÇÃO";0;;;0;;0
"PLAT. DE CAPTAÇÃO E PRODUÇÃO";"arthurnsantos@g.globo";"Kit de externa internacional";2027;"MDO";0;;;0;;0
"PLAT. DE CAPTAÇÃO E PRODUÇÃO";"arthurnsantos@g.globo";"Kit Light Jornalismo - JB + Restante SP (2027)";2026;"MDO";0;;;0;;0
"PLAT. DE CAPTAÇÃO E PRODUÇÃO";"arthurnsantos@g.globo";"Kit Light Jornalismo - JB + Restante SP (2027)";2026;"INSTALAÇÃO";0;;;0;;0
"PLAT. DE CAPTAÇÃO E PRODUÇÃO";"arthurnsantos@g.globo";"Kit Light Jornalismo - JB + Restante SP (2027)";2026;"RESERVA";0;;;0;;0
"PLAT. DE CAPTAÇÃO E PRODUÇÃO";"arthurnsantos@g.globo";"Kit Light Jornalismo - JB + Restante SP (2027)";2026;"SOLUÇÃO";0;;;0;;0
"PLAT. DE CAPTAÇÃO E PRODUÇÃO";"arthurnsantos@g.globo";"Kit Light Jornalismo - JB + Restante SP (2027)";2027;"RESERVA";0;;;0;;0
"PLAT. DE CAPTAÇÃO E PRODUÇÃO";"arthurnsantos@g.globo";"Kit Light Jornalismo - JB + Restante SP (2027)";2027;"INSTALAÇÃO";0;;;0;;0
"PLAT. DE CAPTAÇÃO E PRODUÇÃO";"arthurnsantos@g.globo";"Kit Light Jornalismo - JB + Restante SP (2027)";2027;"MDO";0;;;0;;0
"PLAT. DE CAPTAÇÃO E PRODUÇÃO";"arthurnsantos@g.globo";"Kit Light Jornalismo - JB + Restante SP (2027)";2027;"SOLUÇÃO";0;;;0;;0
"PLAT. DE CAPTAÇÃO E PRODUÇÃO";"arthurnsantos@g.globo";"Kit Light Jornalismo - SP";2026;"SOLUÇÃO";1816792,23;267469,7;20039,09;1529283,44;1108918,41;420365,03
"PLAT. DE CAPTAÇÃO E PRODUÇÃO";"arthurnsantos@g.globo";"Kit Light Jornalismo - SP";2026;"MDO";398807,97;398807,64;;0,33;0,36;-0,030000000041909503
"PLAT. DE CAPTAÇÃO E PRODUÇÃO";"arthurnsantos@g.globo";"Kit Light Jornalismo - SP";2026;"RESERVA";0;;;0;;0
"PLAT. DE CAPTAÇÃO E PRODUÇÃO";"arthurnsantos@g.globo";"Kit Light Jornalismo - SP";2026;"INSTALAÇÃO";0;;;0;;0
"PLAT. DE CAPTAÇÃO E PRODUÇÃO";"arthurnsantos@g.globo";"Kit Light Jornalismo - SP";2027;"MDO";0;;;0;0,36;-0,36
"PLAT. DE CAPTAÇÃO E PRODUÇÃO";"arthurnsantos@g.globo";"Kit Light Jornalismo - SP";2027;"RESERVA";0;;;0;;0
"PLAT. DE CAPTAÇÃO E PRODUÇÃO";"arthurnsantos@g.globo";"Kit Light Jornalismo - SP";2027;"INSTALAÇÃO";0;;;0;;0
"PLAT. DE CAPTAÇÃO E PRODUÇÃO";"arthurnsantos@g.globo";"Kit Light Jornalismo - SP";2027;"SOLUÇÃO";0;;;0;1108918,41;-1108918,41
"PLAT. DE CAPTAÇÃO E PRODUÇÃO";"arthurnsantos@g.globo";"Lentes Full Frame";2026;"INSTALAÇÃO";0;;;0;;0
"PLAT. DE CAPTAÇÃO E PRODUÇÃO";"arthurnsantos@g.globo";"Lentes Full Frame";2026;"SOLUÇÃO";0;;;0;;0
"PLAT. DE CAPTAÇÃO E PRODUÇÃO";"arthurnsantos@g.globo";"Lentes Full Frame";2026;"MDO";29273,6;24480;;4793,6;4793,6;-1,8189894035458565E-12
"PLAT. DE CAPTAÇÃO E PRODUÇÃO";"arthurnsantos@g.globo";"Lentes Full Frame";2026;"RESERVA";0;;;0;;0
"PLAT. DE CAPTAÇÃO E PRODUÇÃO";"arthurnsantos@g.globo";"Lentes Full Frame";2027;"MDO";0;;;0;4793,6;-4793,6
"PLAT. DE CAPTAÇÃO E PRODUÇÃO";"arthurnsantos@g.globo";"Lentes Full Frame";2027;"SOLUÇÃO";0;;;0;;0
"PLAT. DE CAPTAÇÃO E PRODUÇÃO";"arthurnsantos@g.globo";"Lentes Full Frame";2027;"INSTALAÇÃO";0;;;0;;0
"PLAT. DE CAPTAÇÃO E PRODUÇÃO";"arthurnsantos@g.globo";"Lentes Full Frame";2027;"RESERVA";0;;;0;;0
"PLAT. DE CAPTAÇÃO E PRODUÇÃO";"arthurnsantos@g.globo";"Obs. Crítica Câmeras de Externa BH -  Fase 2";2026;"MDO";95004;;;95004;;95004
"PLAT. DE CAPTAÇÃO E PRODUÇÃO";"arthurnsantos@g.globo";"Obs. Crítica Câmeras de Externa BH -  Fase 2";2026;"RESERVA";0;;;0;;0
"PLAT. DE CAPTAÇÃO E PRODUÇÃO";"arthurnsantos@g.globo";"Obs. Crítica Câmeras de Externa BH -  Fase 2";2026;"SOLUÇÃO";432795,61;172624,26;4065,78;256105,57;179313,72;76791,849999999977
"PLAT. DE CAPTAÇÃO E PRODUÇÃO";"arthurnsantos@g.globo";"Obs. Crítica Câmeras de Externa BH -  Fase 2";2026;"INSTALAÇÃO";0;;;0;;0
"PLAT. DE CAPTAÇÃO E PRODUÇÃO";"arthurnsantos@g.globo";"Obs. Crítica Câmeras de Externa BH -  Fase 2";2027;"INSTALAÇÃO";0;;;0;;0
"PLAT. DE CAPTAÇÃO E PRODUÇÃO";"arthurnsantos@g.globo";"Obs. Crítica Câmeras de Externa BH -  Fase 2";2027;"MDO";0;;;0;;0
"PLAT. DE CAPTAÇÃO E PRODUÇÃO";"arthurnsantos@g.globo";"Obs. Crítica Câmeras de Externa BH -  Fase 2";2027;"SOLUÇÃO";0;;;0;179313,72;-179313,72
"PLAT. DE CAPTAÇÃO E PRODUÇÃO";"arthurnsantos@g.globo";"Obs. Crítica Câmeras de Externa BH -  Fase 2";2027;"RESERVA";0;;;0;;0
"PLAT. DE CAPTAÇÃO E PRODUÇÃO";"arthurnsantos@g.globo";"Obs. Crítica Câmeras de Externa BSA - Fase 2";2026;"RESERVA";0;;;0;;0
"PLAT. DE CAPTAÇÃO E PRODUÇÃO";"arthurnsantos@g.globo";"Obs. Crítica Câmeras de Externa BSA - Fase 2";2026;"MDO";95004;;;95004;;95004
"PLAT. DE CAPTAÇÃO E PRODUÇÃO";"arthurnsantos@g.globo";"Obs. Crítica Câmeras de Externa BSA - Fase 2";2026;"INSTALAÇÃO";0;;;0;;0
"PLAT. DE CAPTAÇÃO E PRODUÇÃO";"arthurnsantos@g.globo";"Obs. Crítica Câmeras de Externa BSA - Fase 2";2026;"SOLUÇÃO";432795,67;235249,78000000003;63866,91;133678,98;170769,58999999997;-37090,609999999986
"PLAT. DE CAPTAÇÃO E PRODUÇÃO";"arthurnsantos@g.globo";"Obs. Crítica Câmeras de Externa BSA - Fase 2";2027;"RESERVA";0;;;0;;0
"PLAT. DE CAPTAÇÃO E PRODUÇÃO";"arthurnsantos@g.globo";"Obs. Crítica Câmeras de Externa BSA - Fase 2";2027;"INSTALAÇÃO";0;;;0;;0
"PLAT. DE CAPTAÇÃO E PRODUÇÃO";"arthurnsantos@g.globo";"Obs. Crítica Câmeras de Externa BSA - Fase 2";2027;"MDO";0;;;0;;0
"PLAT. DE CAPTAÇÃO E PRODUÇÃO";"arthurnsantos@g.globo";"Obs. Crítica Câmeras de Externa BSA - Fase 2";2027;"SOLUÇÃO";0;;;0;170769,58999999997;-170769,58999999997
"PLAT. DE CAPTAÇÃO E PRODUÇÃO";"arthurnsantos@g.globo";"Obs. Crítica Câmeras Ion - CAMBOX Estúdio C";2026;"INSTALAÇÃO";0;;;0;;0
"PLAT. DE CAPTAÇÃO E PRODUÇÃO";"arthurnsantos@g.globo";"Obs. Crítica Câmeras Ion - CAMBOX Estúdio C";2026;"SOLUÇÃO";0;;;0;;0
"PLAT. DE CAPTAÇÃO E PRODUÇÃO";"arthurnsantos@g.globo";"Obs. Crítica Câmeras Ion - CAMBOX Estúdio C";2026;"RESERVA";0;;;0;;0
"PLAT. DE CAPTAÇÃO E PRODUÇÃO";"arthurnsantos@g.globo";"Obs. Crítica Câmeras Ion - CAMBOX Estúdio C";2026;"MDO";0;;;0;;0
"PLAT. DE CAPTAÇÃO E PRODUÇÃO";"arthurnsantos@g.globo";"Obs. Crítica Câmeras Ion - CAMBOX Estúdio C";2027;"MDO";0;;;0;;0
"PLAT. DE CAPTAÇÃO E PRODUÇÃO";"arthurnsantos@g.globo";"Obs. Crítica Câmeras Ion - CAMBOX Estúdio C";2027;"RESERVA";0;;;0;;0
"PLAT. DE CAPTAÇÃO E PRODUÇÃO";"arthurnsantos@g.globo";"Obs. Crítica Câmeras Ion - CAMBOX Estúdio C";2027;"INSTALAÇÃO";0;;;0;;0
"PLAT. DE CAPTAÇÃO E PRODUÇÃO";"arthurnsantos@g.globo";"Obs. Crítica Câmeras Ion - CAMBOX Estúdio C";2027;"SOLUÇÃO";0;;;0;;0
"PLAT. DE CAPTAÇÃO E PRODUÇÃO";"arthurnsantos@g.globo";"Obs. Crítica Câmeras Super Slow";2026;"RESERVA";0;;;0;;0
"PLAT. DE CAPTAÇÃO E PRODUÇÃO";"arthurnsantos@g.globo";"Obs. Crítica Câmeras Super Slow";2026;"SOLUÇÃO";0;;;0;;0
"PLAT. DE CAPTAÇÃO E PRODUÇÃO";"arthurnsantos@g.globo";"Obs. Crítica Câmeras Super Slow";2026;"INSTALAÇÃO";0;;;0;;0
"PLAT. DE CAPTAÇÃO E PRODUÇÃO";"arthurnsantos@g.globo";"Obs. Crítica Câmeras Super Slow";2026;"MDO";168606;133785,97;;34820,03;34820,03;0
"PLAT. DE CAPTAÇÃO E PRODUÇÃO";"arthurnsantos@g.globo";"Obs. Crítica Câmeras Super Slow";2027;"RESERVA";0;;;0;;0
"PLAT. DE CAPTAÇÃO E PRODUÇÃO";"arthurnsantos@g.globo";"Obs. Crítica Câmeras Super Slow";2027;"INSTALAÇÃO";0;;;0;;0
"PLAT. DE CAPTAÇÃO E PRODUÇÃO";"arthurnsantos@g.globo";"Obs. Crítica Câmeras Super Slow";2027;"SOLUÇÃO";0;;;0;;0
"PLAT. DE CAPTAÇÃO E PRODUÇÃO";"arthurnsantos@g.globo";"Obs. Crítica Câmeras Super Slow";2027;"MDO";0;;;0;34820,03;-34820,03
"PLAT. DE CAPTAÇÃO E PRODUÇÃO";"arthurnsantos@g.globo";"Obs. Crítica Canhões Seguidores MG2 (2026)";2026;"RESERVA";0;;;0;;0
"PLAT. DE CAPTAÇÃO E PRODUÇÃO";"arthurnsantos@g.globo";"Obs. Crítica Canhões Seguidores MG2 (2026)";2026;"INSTALAÇÃO";0;;;0;;0
"PLAT. DE CAPTAÇÃO E PRODUÇÃO";"arthurnsantos@g.globo";"Obs. Crítica Canhões Seguidores MG2 (2026)";2026;"SOLUÇÃO";430417,87;423684,42;;6733,45;1000;5733,4500000000116
"PLAT. DE CAPTAÇÃO E PRODUÇÃO";"arthurnsantos@g.globo";"Obs. Crítica Canhões Seguidores MG2 (2026)";2026;"MDO";94482;87246,62;;7235,38;7235,38;4,5474735088646412E-12
"PLAT. DE CAPTAÇÃO E PRODUÇÃO";"arthurnsantos@g.globo";"Obs. Crítica Canhões Seguidores MG2 (2026)";2027;"INSTALAÇÃO";0;;;0;;0
"PLAT. DE CAPTAÇÃO E PRODUÇÃO";"arthurnsantos@g.globo";"Obs. Crítica Canhões Seguidores MG2 (2026)";2027;"RESERVA";0;;;0;;0
"PLAT. DE CAPTAÇÃO E PRODUÇÃO";"arthurnsantos@g.globo";"Obs. Crítica Canhões Seguidores MG2 (2026)";2027;"SOLUÇÃO";0;;;0;1000;-1000
"PLAT. DE CAPTAÇÃO E PRODUÇÃO";"arthurnsantos@g.globo";"Obs. Crítica Canhões Seguidores MG2 (2026)";2027;"MDO";0;;;0;7235,38;-7235,38
"PLAT. DE CAPTAÇÃO E PRODUÇÃO";"arthurnsantos@g.globo";"Obs. Crítica Canhões Seguidores MG2 (2027)";2026;"INSTALAÇÃO";0;;;0;;0
"PLAT. DE CAPTAÇÃO E PRODUÇÃO";"arthurnsantos@g.globo";"Obs. Crítica Canhões Seguidores MG2 (2027)";2026;"SOLUÇÃO";0;;;0;;0
"PLAT. DE CAPTAÇÃO E PRODUÇÃO";"arthurnsantos@g.globo";"Obs. Crítica Canhões Seguidores MG2 (2027)";2026;"RESERVA";0;;;0;;0
"PLAT. DE CAPTAÇÃO E PRODUÇÃO";"arthurnsantos@g.globo";"Obs. Crítica Canhões Seguidores MG2 (2027)";2026;"MDO";0;;;0;;0
"PLAT. DE CAPTAÇÃO E PRODUÇÃO";"arthurnsantos@g.globo";"Obs. Crítica Canhões Seguidores MG2 (2027)";2027;"MDO";0;;;0;;0
"PLAT. DE CAPTAÇÃO E PRODUÇÃO";"arthurnsantos@g.globo";"Obs. Crítica Canhões Seguidores MG2 (2027)";2027;"SOLUÇÃO";524900;;;524900;;524900
"PLAT. DE CAPTAÇÃO E PRODUÇÃO";"arthurnsantos@g.globo";"Obs. Crítica Canhões Seguidores MG2 (2027)";2027;"RESERVA";0;;;0;;0
"PLAT. DE CAPTAÇÃO E PRODUÇÃO";"arthurnsantos@g.globo";"Obs. Crítica Canhões Seguidores MG2 (2027)";2027;"INSTALAÇÃO";0;;;0;;0
"PLAT. DE CAPTAÇÃO E PRODUÇÃO";"arthurnsantos@g.globo";"Obs. Crítica Sistema de Trânsito REC";2026;"RESERVA";0;;;0;;0
"PLAT. DE CAPTAÇÃO E PRODUÇÃO";"arthurnsantos@g.globo";"Obs. Crítica Sistema de Trânsito REC";2026;"MDO";20880;20879,4;;0,6;;0,59999999999854481
"PLAT. DE CAPTAÇÃO E PRODUÇÃO";"arthurnsantos@g.globo";"Obs. Crítica Sistema de Trânsito REC";2026;"SOLUÇÃO";95120;;;95120;;95120
"PLAT. DE CAPTAÇÃO E PRODUÇÃO";"arthurnsantos@g.globo";"Obs. Crítica Sistema de Trânsito REC";2026;"INSTALAÇÃO";0;;;0;;0
"PLAT. DE CAPTAÇÃO E PRODUÇÃO";"arthurnsantos@g.globo";"Obs. Crítica Sistema de Trânsito REC";2027;"INSTALAÇÃO";0;;;0;;0
"PLAT. DE CAPTAÇÃO E PRODUÇÃO";"arthurnsantos@g.globo";"Obs. Crítica Sistema de Trânsito REC";2027;"MDO";0;;;0;;0
"PLAT. DE CAPTAÇÃO E PRODUÇÃO";"arthurnsantos@g.globo";"Obs. Crítica Sistema de Trânsito REC";2027;"SOLUÇÃO";0;;;0;;0
"PLAT. DE CAPTAÇÃO E PRODUÇÃO";"arthurnsantos@g.globo";"Obs. Crítica Sistema de Trânsito REC";2027;"RESERVA";0;;;0;;0
"PLAT. DE CAPTAÇÃO E PRODUÇÃO";"arthurnsantos@g.globo";"Obs. Crítica Sistema de Trânsito SP";2026;"MDO";46600;46600;;0;;0
"PLAT. DE CAPTAÇÃO E PRODUÇÃO";"arthurnsantos@g.globo";"Obs. Crítica Sistema de Trânsito SP";2026;"INSTALAÇÃO";0;;;0;;0
"PLAT. DE CAPTAÇÃO E PRODUÇÃO";"arthurnsantos@g.globo";"Obs. Crítica Sistema de Trânsito SP";2026;"RESERVA";0;;;0;;0
"PLAT. DE CAPTAÇÃO E PRODUÇÃO";"arthurnsantos@g.globo";"Obs. Crítica Sistema de Trânsito SP";2026;"SOLUÇÃO";212291;;;212291;50427,79;161863,21
"PLAT. DE CAPTAÇÃO E PRODUÇÃO";"arthurnsantos@g.globo";"Obs. Crítica Sistema de Trânsito SP";2027;"SOLUÇÃO";0;;;0;50427,79;-50427,79
"PLAT. DE CAPTAÇÃO E PRODUÇÃO";"arthurnsantos@g.globo";"Obs. Crítica Sistema de Trânsito SP";2027;"MDO";0;;;0;;0
"PLAT. DE CAPTAÇÃO E PRODUÇÃO";"arthurnsantos@g.globo";"Obs. Crítica Sistema de Trânsito SP";2027;"RESERVA";0;;;0;;0
"PLAT. DE CAPTAÇÃO E PRODUÇÃO";"arthurnsantos@g.globo";"Obs. Crítica Sistema de Trânsito SP";2027;"INSTALAÇÃO";0;;;0;;0
"PLAT. DE CAPTAÇÃO E PRODUÇÃO";"arthurnsantos@g.globo";"Obs. Crítica TP BH";2026;"INSTALAÇÃO";0;;;0;;0
"PLAT. DE CAPTAÇÃO E PRODUÇÃO";"arthurnsantos@g.globo";"Obs. Crítica TP BH";2026;"MDO";20880;20879,4;;0,6;;0,59999999999854481
"PLAT. DE CAPTAÇÃO E PRODUÇÃO";"arthurnsantos@g.globo";"Obs. Crítica TP BH";2026;"SOLUÇÃO";95120;37029,15;;58090,85;;58090,85
"PLAT. DE CAPTAÇÃO E PRODUÇÃO";"arthurnsantos@g.globo";"Obs. Crítica TP BH";2026;"RESERVA";0;;;0;;0
"PLAT. DE CAPTAÇÃO E PRODUÇÃO";"arthurnsantos@g.globo";"Obs. Crítica TP BH";2027;"INSTALAÇÃO";0;;;0;;0
"PLAT. DE CAPTAÇÃO E PRODUÇÃO";"arthurnsantos@g.globo";"Obs. Crítica TP BH";2027;"SOLUÇÃO";0;;;0;;0
"PLAT. DE CAPTAÇÃO E PRODUÇÃO";"arthurnsantos@g.globo";"Obs. Crítica TP BH";2027;"RESERVA";0;;;0;;0
"PLAT. DE CAPTAÇÃO E PRODUÇÃO";"arthurnsantos@g.globo";"Obs. Crítica TP BH";2027;"MDO";0;;;0;;0
"PLAT. DE CAPTAÇÃO E PRODUÇÃO";"arthurnsantos@g.globo";"Obsolescência - Roadmap de Câmeras 2024";2026;"SOLUÇÃO";186688,66;164188,61;;22500,05;22489,43;10,620000000017171
"PLAT. DE CAPTAÇÃO E PRODUÇÃO";"arthurnsantos@g.globo";"Obsolescência - Roadmap de Câmeras 2024";2026;"RESERVA";0;;;0;;0
"PLAT. DE CAPTAÇÃO E PRODUÇÃO";"arthurnsantos@g.globo";"Obsolescência - Roadmap de Câmeras 2024";2026;"INSTALAÇÃO";0;;;0;;0
"PLAT. DE CAPTAÇÃO E PRODUÇÃO";"arthurnsantos@g.globo";"Obsolescência - Roadmap de Câmeras 2024";2026;"MDO";301,29;301,29;;0;0;0
"PLAT. DE CAPTAÇÃO E PRODUÇÃO";"arthurnsantos@g.globo";"Obsolescência - Roadmap de Câmeras 2024";2027;"SOLUÇÃO";0;;;0;22489,43;-22489,43
"PLAT. DE CAPTAÇÃO E PRODUÇÃO";"arthurnsantos@g.globo";"Obsolescência - Roadmap de Câmeras 2024";2027;"MDO";0;;;0;0;0
"PLAT. DE CAPTAÇÃO E PRODUÇÃO";"arthurnsantos@g.globo";"Obsolescência - Roadmap de Câmeras 2024";2027;"RESERVA";0;;;0;;0
"PLAT. DE CAPTAÇÃO E PRODUÇÃO";"arthurnsantos@g.globo";"Obsolescência - Roadmap de Câmeras 2024";2027;"INSTALAÇÃO";0;;;0;;0
"PLAT. DE CAPTAÇÃO E PRODUÇÃO";"arthurnsantos@g.globo";"Obsolescência Kits de Externa - BH, DF, REC e SP";2026;"RESERVA";;;;;1805;-1805
"PLAT. DE CAPTAÇÃO E PRODUÇÃO";"arthurnsantos@g.globo";"Obsolescência Kits de Externa - BH, DF, REC e SP";2026;"SOLUÇÃO";;;;;124155,50999999998;-124155,50999999998
"PLAT. DE CAPTAÇÃO E PRODUÇÃO";"arthurnsantos@g.globo";"Obsolescência Kits de Externa - BH, DF, REC e SP";2027;"SOLUÇÃO";;;;;124155,50999999998;-124155,50999999998
"PLAT. DE CAPTAÇÃO E PRODUÇÃO";"arthurnsantos@g.globo";"Obsolescência Kits de Externa - BH, DF, REC e SP";2027;"RESERVA";;;;;1805;-1805
"PLAT. DE CAPTAÇÃO E PRODUÇÃO";"arthurnsantos@g.globo";"Obsolescência Kits TP BH, DF, REC E ION";2026;"RESERVA";0;;;0;;0
"PLAT. DE CAPTAÇÃO E PRODUÇÃO";"arthurnsantos@g.globo";"Obsolescência Kits TP BH, DF, REC E ION";2026;"MDO";0;;;0;;0
"PLAT. DE CAPTAÇÃO E PRODUÇÃO";"arthurnsantos@g.globo";"Obsolescência Kits TP BH, DF, REC E ION";2026;"INSTALAÇÃO";0;;;0;;0
"PLAT. DE CAPTAÇÃO E PRODUÇÃO";"arthurnsantos@g.globo";"Obsolescência Kits TP BH, DF, REC E ION";2026;"SOLUÇÃO";532698,23;125321,78;;407376,45;405615,73;1760,7199999999721
"PLAT. DE CAPTAÇÃO E PRODUÇÃO";"arthurnsantos@g.globo";"Obsolescência Kits TP BH, DF, REC E ION";2027;"SOLUÇÃO";0;;;0;405615,73;-405615,73
"PLAT. DE CAPTAÇÃO E PRODUÇÃO";"arthurnsantos@g.globo";"Obsolescência Kits TP BH, DF, REC E ION";2027;"MDO";0;;;0;;0
"PLAT. DE CAPTAÇÃO E PRODUÇÃO";"arthurnsantos@g.globo";"Obsolescência Kits TP BH, DF, REC E ION";2027;"RESERVA";0;;;0;;0
"PLAT. DE CAPTAÇÃO E PRODUÇÃO";"arthurnsantos@g.globo";"Obsolescência Kits TP BH, DF, REC E ION";2027;"INSTALAÇÃO";0;;;0;;0
"PLAT. DE CAPTAÇÃO E PRODUÇÃO";"arthurnsantos@g.globo";"Obsolescência Troca do filtro do glass";2026;"SOLUÇÃO";;;;;2,5;-2,5
"PLAT. DE CAPTAÇÃO E PRODUÇÃO";"arthurnsantos@g.globo";"Obsolescência Troca do filtro do glass";2027;"SOLUÇÃO";;;;;2,5;-2,5
"PLAT. DE CAPTAÇÃO E PRODUÇÃO";"arthurnsantos@g.globo";"Produção Remota para Missa SP";2026;"INSTALAÇÃO";0;;;0;;0
"PLAT. DE CAPTAÇÃO E PRODUÇÃO";"arthurnsantos@g.globo";"Produção Remota para Missa SP";2026;"MDO";6771,25;;;6771,25;6771,25;0
"PLAT. DE CAPTAÇÃO E PRODUÇÃO";"arthurnsantos@g.globo";"Produção Remota para Missa SP";2026;"SOLUÇÃO";0;;;0;;0
"PLAT. DE CAPTAÇÃO E PRODUÇÃO";"arthurnsantos@g.globo";"Produção Remota para Missa SP";2026;"RESERVA";0;;;0;;0
"PLAT. DE CAPTAÇÃO E PRODUÇÃO";"arthurnsantos@g.globo";"Produção Remota para Missa SP";2027;"RESERVA";0;;;0;;0
"PLAT. DE CAPTAÇÃO E PRODUÇÃO";"arthurnsantos@g.globo";"Produção Remota para Missa SP";2027;"MDO";0;;;0;6771,25;-6771,25
"PLAT. DE CAPTAÇÃO E PRODUÇÃO";"arthurnsantos@g.globo";"Produção Remota para Missa SP";2027;"SOLUÇÃO";0;;;0;;0
"PLAT. DE CAPTAÇÃO E PRODUÇÃO";"arthurnsantos@g.globo";"Produção Remota para Missa SP";2027;"INSTALAÇÃO";0;;;0;;0
"PLAT. DE CAPTAÇÃO E PRODUÇÃO";"arthurnsantos@g.globo";"Roadmap Câmeras de Cinema 4K";2026;"SOLUÇÃO";;;;;955,23;-955,23
"PLAT. DE CAPTAÇÃO E PRODUÇÃO";"arthurnsantos@g.globo";"Roadmap Câmeras de Cinema 4K";2027;"SOLUÇÃO";;;;;955,23;-955,23
"PLAT. DE CAPTAÇÃO E PRODUÇÃO";"arthurnsantos@g.globo";"Roadmap Câmeras de Cinema 4K - Fase 2";2026;"SOLUÇÃO";;;;;332,76000000000005;-332,76000000000005
"PLAT. DE CAPTAÇÃO E PRODUÇÃO";"arthurnsantos@g.globo";"Roadmap Câmeras de Cinema 4K - Fase 2";2027;"SOLUÇÃO";;;;;332,76000000000005;-332,76000000000005
"PLAT. DE CAPTAÇÃO E PRODUÇÃO";"arthurnsantos@g.globo";"Roadmap de Câmeras - Dramaturgia - Fase 3";2026;"SOLUÇÃO";0;;;0;;0
"PLAT. DE CAPTAÇÃO E PRODUÇÃO";"arthurnsantos@g.globo";"Roadmap de Câmeras - Dramaturgia - Fase 3";2026;"INSTALAÇÃO";0;;;0;;0
"PLAT. DE CAPTAÇÃO E PRODUÇÃO";"arthurnsantos@g.globo";"Roadmap de Câmeras - Dramaturgia - Fase 3";2026;"MDO";14119;14119;;0;;0
"PLAT. DE CAPTAÇÃO E PRODUÇÃO";"arthurnsantos@g.globo";"Roadmap de Câmeras - Dramaturgia - Fase 3";2026;"RESERVA";0;;;0;;0
"PLAT. DE CAPTAÇÃO E PRODUÇÃO";"arthurnsantos@g.globo";"Roadmap de Câmeras - Dramaturgia - Fase 3";2027;"MDO";0;;;0;;0
"PLAT. DE CAPTAÇÃO E PRODUÇÃO";"arthurnsantos@g.globo";"Roadmap de Câmeras - Dramaturgia - Fase 3";2027;"INSTALAÇÃO";0;;;0;;0
"PLAT. DE CAPTAÇÃO E PRODUÇÃO";"arthurnsantos@g.globo";"Roadmap de Câmeras - Dramaturgia - Fase 3";2027;"SOLUÇÃO";0;;;0;;0
"PLAT. DE CAPTAÇÃO E PRODUÇÃO";"arthurnsantos@g.globo";"Roadmap de Câmeras - Dramaturgia - Fase 3";2027;"RESERVA";0;;;0;;0
"PLAT. DE CAPTAÇÃO E PRODUÇÃO";"arthurnsantos@g.globo";"Roadmap de Iluminação - Obsolescência";2026;"SOLUÇÃO";92663,209999999992;49374,39;;43288,82;1225,93;42062,889999999992
"PLAT. DE CAPTAÇÃO E PRODUÇÃO";"arthurnsantos@g.globo";"Roadmap de Iluminação - Obsolescência";2026;"MDO";3802,6200000000003;3802,6200000000003;;0;;4,5474735088646412E-13
"PLAT. DE CAPTAÇÃO E PRODUÇÃO";"arthurnsantos@g.globo";"Roadmap de Iluminação - Obsolescência";2026;"INSTALAÇÃO";0;;;0;0;0
"PLAT. DE CAPTAÇÃO E PRODUÇÃO";"arthurnsantos@g.globo";"Roadmap de Iluminação - Obsolescência";2026;"RESERVA";0;;;0;;0
"PLAT. DE CAPTAÇÃO E PRODUÇÃO";"arthurnsantos@g.globo";"Roadmap de Iluminação - Obsolescência";2027;"RESERVA";0;;;0;;0
"PLAT. DE CAPTAÇÃO E PRODUÇÃO";"arthurnsantos@g.globo";"Roadmap de Iluminação - Obsolescência";2027;"INSTALAÇÃO";0;;;0;0;0
"PLAT. DE CAPTAÇÃO E PRODUÇÃO";"arthurnsantos@g.globo";"Roadmap de Iluminação - Obsolescência";2027;"MDO";0;;;0;;0
"PLAT. DE CAPTAÇÃO E PRODUÇÃO";"arthurnsantos@g.globo";"Roadmap de Iluminação - Obsolescência";2027;"SOLUÇÃO";0;;;0;1225,93;-1225,93
"PLAT. DE CAPTAÇÃO E PRODUÇÃO";"arthurnsantos@g.globo";"Roadmap Estudio Rede 4k - Cameras SP";2026;"MDO";373291,63;250000;;123291,63;123292;-0,36999999999534339
"PLAT. DE CAPTAÇÃO E PRODUÇÃO";"arthurnsantos@g.globo";"Roadmap Estudio Rede 4k - Cameras SP";2026;"RESERVA";0;;;0;;0
"PLAT. DE CAPTAÇÃO E PRODUÇÃO";"arthurnsantos@g.globo";"Roadmap Estudio Rede 4k - Cameras SP";2026;"INSTALAÇÃO";0;;;0;;0
"PLAT. DE CAPTAÇÃO E PRODUÇÃO";"arthurnsantos@g.globo";"Roadmap Estudio Rede 4k - Cameras SP";2026;"SOLUÇÃO";2808708;;357266,29;2451441,71;2468687,8400000003;-17246,130000000354
"PLAT. DE CAPTAÇÃO E PRODUÇÃO";"arthurnsantos@g.globo";"Roadmap Estudio Rede 4k - Cameras SP";2027;"INSTALAÇÃO";0;;;0;;0
"PLAT. DE CAPTAÇÃO E PRODUÇÃO";"arthurnsantos@g.globo";"Roadmap Estudio Rede 4k - Cameras SP";2027;"MDO";0;;;0;123292;-123292
"PLAT. DE CAPTAÇÃO E PRODUÇÃO";"arthurnsantos@g.globo";"Roadmap Estudio Rede 4k - Cameras SP";2027;"RESERVA";0;;;0;;0
"PLAT. DE CAPTAÇÃO E PRODUÇÃO";"arthurnsantos@g.globo";"Roadmap Estudio Rede 4k - Cameras SP";2027;"SOLUÇÃO";0;;;0;2468687,8400000003;-2468687,8400000003
"PLAT. DE CAPTAÇÃO E PRODUÇÃO";"arthurnsantos@g.globo";"Sistemas de TP - Obs. crítica BSA";2026;"SOLUÇÃO";635208;;;635208;492935,52999999997;142272,47000000003
"PLAT. DE CAPTAÇÃO E PRODUÇÃO";"arthurnsantos@g.globo";"Sistemas de TP - Obs. crítica BSA";2026;"RESERVA";0;;;0;;0
"PLAT. DE CAPTAÇÃO E PRODUÇÃO";"arthurnsantos@g.globo";"Sistemas de TP - Obs. crítica BSA";2026;"MDO";0;;;0;;0
"PLAT. DE CAPTAÇÃO E PRODUÇÃO";"arthurnsantos@g.globo";"Sistemas de TP - Obs. crítica BSA";2026;"INSTALAÇÃO";0;;;0;;0
"PLAT. DE CAPTAÇÃO E PRODUÇÃO";"arthurnsantos@g.globo";"Sistemas de TP - Obs. crítica BSA";2027;"SOLUÇÃO";0;;;0;492935,52999999997;-492935,52999999997
"PLAT. DE CAPTAÇÃO E PRODUÇÃO";"arthurnsantos@g.globo";"Sistemas de TP - Obs. crítica BSA";2027;"RESERVA";0;;;0;;0
"PLAT. DE CAPTAÇÃO E PRODUÇÃO";"arthurnsantos@g.globo";"Sistemas de TP - Obs. crítica BSA";2027;"MDO";0;;;0;;0
"PLAT. DE CAPTAÇÃO E PRODUÇÃO";"arthurnsantos@g.globo";"Sistemas de TP - Obs. crítica BSA";2027;"INSTALAÇÃO";0;;;0;;0
"PLAT. DE CAPTAÇÃO E PRODUÇÃO";"daniel.vicentin@g.globo";"Fundação Roberto Marinho: Projeto GET Audiovisual";2026;"MDO";0;;;0;;0
"PLAT. DE CAPTAÇÃO E PRODUÇÃO";"daniel.vicentin@g.globo";"Fundação Roberto Marinho: Projeto GET Audiovisual";2026;"INSTALAÇÃO";0;;;0;;0
"PLAT. DE CAPTAÇÃO E PRODUÇÃO";"daniel.vicentin@g.globo";"Fundação Roberto Marinho: Projeto GET Audiovisual";2026;"RESERVA";0;;;0;;0
"PLAT. DE CAPTAÇÃO E PRODUÇÃO";"daniel.vicentin@g.globo";"Fundação Roberto Marinho: Projeto GET Audiovisual";2026;"SOLUÇÃO";0;494992,16000000003;;-494992,16;;-494992,16
"PLAT. DE CAPTAÇÃO E PRODUÇÃO";"daniel.vicentin@g.globo";"Fundação Roberto Marinho: Projeto GET Audiovisual";2027;"INSTALAÇÃO";0;;;0;;0
"PLAT. DE CAPTAÇÃO E PRODUÇÃO";"daniel.vicentin@g.globo";"Fundação Roberto Marinho: Projeto GET Audiovisual";2027;"MDO";0;;;0;;0
"PLAT. DE CAPTAÇÃO E PRODUÇÃO";"daniel.vicentin@g.globo";"Fundação Roberto Marinho: Projeto GET Audiovisual";2027;"RESERVA";0;;;0;;0
"PLAT. DE CAPTAÇÃO E PRODUÇÃO";"daniel.vicentin@g.globo";"Fundação Roberto Marinho: Projeto GET Audiovisual";2027;"SOLUÇÃO";0;;;0;;0
"PLAT. DE CAPTAÇÃO E PRODUÇÃO";"diogo.silva@g.globo";"Plataforma de Controles JB - Controle 3";2026;"MDO";0;;;0;;0
"PLAT. DE CAPTAÇÃO E PRODUÇÃO";"diogo.silva@g.globo";"Plataforma de Controles JB - Controle 3";2026;"SOLUÇÃO";2558041,0100000002;81,34;;2557959,67;3351351,32;-793391,64999999944
"PLAT. DE CAPTAÇÃO E PRODUÇÃO";"diogo.silva@g.globo";"Plataforma de Controles JB - Controle 3";2026;"INSTALAÇÃO";348634,45;348634,45;53842,270000000004;-53842,27;219049,28;-272891,54999999993
"PLAT. DE CAPTAÇÃO E PRODUÇÃO";"diogo.silva@g.globo";"Plataforma de Controles JB - Controle 3";2026;"RESERVA";0;;;0;;0
"PLAT. DE CAPTAÇÃO E PRODUÇÃO";"diogo.silva@g.globo";"Plataforma de Controles JB - Controle 3";2027;"SOLUÇÃO";5698213;;;5698213;3351351,32;2346861,68
"PLAT. DE CAPTAÇÃO E PRODUÇÃO";"diogo.silva@g.globo";"Plataforma de Controles JB - Controle 3";2027;"INSTALAÇÃO";450543;;;450543;219049,28;231493,72
"PLAT. DE CAPTAÇÃO E PRODUÇÃO";"diogo.silva@g.globo";"Plataforma de Controles JB - Controle 3";2027;"RESERVA";510525,5;;;510525,5;;510525,5
"PLAT. DE CAPTAÇÃO E PRODUÇÃO";"diogo.silva@g.globo";"Plataforma de Controles JB - Controle 3";2027;"MDO";462077,5;;;462077,5;;462077,5
"PLAT. DE CAPTAÇÃO E PRODUÇÃO";"diogo.silva@g.globo";"Plataforma de Controles RJ - Obs. Controle 3 ION";2026;"INSTALAÇÃO";0;;;0;;0
"PLAT. DE CAPTAÇÃO E PRODUÇÃO";"diogo.silva@g.globo";"Plataforma de Controles RJ - Obs. Controle 3 ION";2026;"SOLUÇÃO";177014,09;187006,77000000002;;-9992,68;261153,19;-271145,87
"PLAT. DE CAPTAÇÃO E PRODUÇÃO";"diogo.silva@g.globo";"Plataforma de Controles RJ - Obs. Controle 3 ION";2026;"RESERVA";0;;;0;;0
"PLAT. DE CAPTAÇÃO E PRODUÇÃO";"diogo.silva@g.globo";"Plataforma de Controles RJ - Obs. Controle 3 ION";2026;"MDO";13008,86;13008,86;;0;0;0
"PLAT. DE CAPTAÇÃO E PRODUÇÃO";"diogo.silva@g.globo";"Plataforma de Controles RJ - Obs. Controle 3 ION";2027;"RESERVA";0;;;0;;0
"PLAT. DE CAPTAÇÃO E PRODUÇÃO";"diogo.silva@g.globo";"Plataforma de Controles RJ - Obs. Controle 3 ION";2027;"SOLUÇÃO";0;;;0;261153,19;-261153,19
"PLAT. DE CAPTAÇÃO E PRODUÇÃO";"diogo.silva@g.globo";"Plataforma de Controles RJ - Obs. Controle 3 ION";2027;"MDO";0;;;0;0;0
"PLAT. DE CAPTAÇÃO E PRODUÇÃO";"diogo.silva@g.globo";"Plataforma de Controles RJ - Obs. Controle 3 ION";2027;"INSTALAÇÃO";0;;;0;;0
"PLAT. DE CAPTAÇÃO E PRODUÇÃO";"diogo.silva@g.globo";"Solução All In One";2026;"MDO";0;;;0;;0
"PLAT. DE CAPTAÇÃO E PRODUÇÃO";"diogo.silva@g.globo";"Solução All In One";2026;"RESERVA";0;;;0;;0
"PLAT. DE CAPTAÇÃO E PRODUÇÃO";"diogo.silva@g.globo";"Solução All In One";2026;"SOLUÇÃO";0;;;0;;0
"PLAT. DE CAPTAÇÃO E PRODUÇÃO";"diogo.silva@g.globo";"Solução All In One";2026;"INSTALAÇÃO";0;;;0;;0
"PLAT. DE CAPTAÇÃO E PRODUÇÃO";"diogo.silva@g.globo";"Solução All In One";2027;"MDO";0;;;0;;0
"PLAT. DE CAPTAÇÃO E PRODUÇÃO";"diogo.silva@g.globo";"Solução All In One";2027;"RESERVA";0;;;0;;0
"PLAT. DE CAPTAÇÃO E PRODUÇÃO";"diogo.silva@g.globo";"Solução All In One";2027;"INSTALAÇÃO";0;;;0;;0
"PLAT. DE CAPTAÇÃO E PRODUÇÃO";"diogo.silva@g.globo";"Solução All In One";2027;"SOLUÇÃO";0;;;0;;0
"PLAT. DE CAPTAÇÃO E PRODUÇÃO";"fparisi@g.globo";"Aquisição Kit diretor pro Entretenimento";2026;"SOLUÇÃO";697820,2;502867,43;4733,32;190219,45;177235,24999999997;12984,199999999983
"PLAT. DE CAPTAÇÃO E PRODUÇÃO";"fparisi@g.globo";"Aquisição Kit diretor pro Entretenimento";2026;"RESERVA";38295;;38295,28;-0,28;;-0,27999999999883585
"PLAT. DE CAPTAÇÃO E PRODUÇÃO";"fparisi@g.globo";"Aquisição Kit diretor pro Entretenimento";2026;"MDO";114885;80161,48000000001;;34723,52;13002,76;21720,760000000002
"PLAT. DE CAPTAÇÃO E PRODUÇÃO";"fparisi@g.globo";"Aquisição Kit diretor pro Entretenimento";2026;"INSTALAÇÃO";0;;;0;;0
"PLAT. DE CAPTAÇÃO E PRODUÇÃO";"fparisi@g.globo";"Aquisição Kit diretor pro Entretenimento";2027;"SOLUÇÃO";0;;;0;177235,24999999997;-177235,24999999997
"PLAT. DE CAPTAÇÃO E PRODUÇÃO";"fparisi@g.globo";"Aquisição Kit diretor pro Entretenimento";2027;"INSTALAÇÃO";0;;;0;;0
"PLAT. DE CAPTAÇÃO E PRODUÇÃO";"fparisi@g.globo";"Aquisição Kit diretor pro Entretenimento";2027;"MDO";0;;;0;13002,76;-13002,76
"PLAT. DE CAPTAÇÃO E PRODUÇÃO";"fparisi@g.globo";"Aquisição Kit diretor pro Entretenimento";2027;"RESERVA";0;;;0;;0
"PLAT. DE CAPTAÇÃO E PRODUÇÃO";"fparisi@g.globo";"BBB 2026 Reposição Microfones";2026;"MDO";38911;25218;;13693;;13693
"PLAT. DE CAPTAÇÃO E PRODUÇÃO";"fparisi@g.globo";"BBB 2026 Reposição Microfones";2026;"RESERVA";0;;;0;;0
"PLAT. DE CAPTAÇÃO E PRODUÇÃO";"fparisi@g.globo";"BBB 2026 Reposição Microfones";2026;"INSTALAÇÃO";0;;;0;;0
"PLAT. DE CAPTAÇÃO E PRODUÇÃO";"fparisi@g.globo";"BBB 2026 Reposição Microfones";2026;"SOLUÇÃO";177259,15;53750,15;;123509;202156,01;-78647,010000000009
"PLAT. DE CAPTAÇÃO E PRODUÇÃO";"fparisi@g.globo";"BBB 2026 Reposição Microfones";2027;"INSTALAÇÃO";0;;;0;;0
"PLAT. DE CAPTAÇÃO E PRODUÇÃO";"fparisi@g.globo";"BBB 2026 Reposição Microfones";2027;"MDO";0;;;0;;0
"PLAT. DE CAPTAÇÃO E PRODUÇÃO";"fparisi@g.globo";"BBB 2026 Reposição Microfones";2027;"RESERVA";0;;;0;;0
"PLAT. DE CAPTAÇÃO E PRODUÇÃO";"fparisi@g.globo";"BBB 2026 Reposição Microfones";2027;"SOLUÇÃO";0;;;0;202156,01;-202156,01
"PLAT. DE CAPTAÇÃO E PRODUÇÃO";"fparisi@g.globo";"BBB Página em Branco Fase 1";2026;"SOLUÇÃO";903,13;903,13;;0;49966,439999999995;-49966,439999999995
"PLAT. DE CAPTAÇÃO E PRODUÇÃO";"fparisi@g.globo";"BBB Página em Branco Fase 1";2026;"MDO";0;;;0;;0
"PLAT. DE CAPTAÇÃO E PRODUÇÃO";"fparisi@g.globo";"BBB Página em Branco Fase 1";2026;"INSTALAÇÃO";0;;;0;;0
"PLAT. DE CAPTAÇÃO E PRODUÇÃO";"fparisi@g.globo";"BBB Página em Branco Fase 1";2026;"RESERVA";0;;;0;;0
"PLAT. DE CAPTAÇÃO E PRODUÇÃO";"fparisi@g.globo";"BBB Página em Branco Fase 1";2027;"SOLUÇÃO";0;;;0;49966,439999999995;-49966,439999999995
"PLAT. DE CAPTAÇÃO E PRODUÇÃO";"fparisi@g.globo";"BBB Página em Branco Fase 1";2027;"RESERVA";0;;;0;;0
"PLAT. DE CAPTAÇÃO E PRODUÇÃO";"fparisi@g.globo";"BBB Página em Branco Fase 1";2027;"INSTALAÇÃO";0;;;0;;0
"PLAT. DE CAPTAÇÃO E PRODUÇÃO";"fparisi@g.globo";"BBB Página em Branco Fase 1";2027;"MDO";0;;;0;;0
"PLAT. DE CAPTAÇÃO E PRODUÇÃO";"fparisi@g.globo";"BBB Página em Branco Fase 2";2026;"SOLUÇÃO";;;;;43470,28;-43470,28
"PLAT. DE CAPTAÇÃO E PRODUÇÃO";"fparisi@g.globo";"BBB Página em Branco Fase 2";2027;"SOLUÇÃO";;;;;43470,28;-43470,28
"PLAT. DE CAPTAÇÃO E PRODUÇÃO";"fparisi@g.globo";"BC - Servidores Sistemas de Realities";2026;"SOLUÇÃO";855999,76;767827,07;18818,52;69354,17;52505,11;16849,060000000041
"PLAT. DE CAPTAÇÃO E PRODUÇÃO";"fparisi@g.globo";"BC - Servidores Sistemas de Realities";2026;"INSTALAÇÃO";0;;;0;;0
"PLAT. DE CAPTAÇÃO E PRODUÇÃO";"fparisi@g.globo";"BC - Servidores Sistemas de Realities";2026;"RESERVA";0;;;0;;0
"PLAT. DE CAPTAÇÃO E PRODUÇÃO";"fparisi@g.globo";"BC - Servidores Sistemas de Realities";2026;"MDO";0;;;0;;0
"PLAT. DE CAPTAÇÃO E PRODUÇÃO";"fparisi@g.globo";"BC - Servidores Sistemas de Realities";2027;"SOLUÇÃO";0;;;0;52505,11;-52505,11
"PLAT. DE CAPTAÇÃO E PRODUÇÃO";"fparisi@g.globo";"BC - Servidores Sistemas de Realities";2027;"INSTALAÇÃO";0;;;0;;0
"PLAT. DE CAPTAÇÃO E PRODUÇÃO";"fparisi@g.globo";"BC - Servidores Sistemas de Realities";2027;"MDO";0;;;0;;0
"PLAT. DE CAPTAÇÃO E PRODUÇÃO";"fparisi@g.globo";"BC - Servidores Sistemas de Realities";2027;"RESERVA";0;;;0;;0
"PLAT. DE CAPTAÇÃO E PRODUÇÃO";"fparisi@g.globo";"BC DSLR para UPs 2026";2026;"INSTALAÇÃO";0;;;0;;0
"PLAT. DE CAPTAÇÃO E PRODUÇÃO";"fparisi@g.globo";"BC DSLR para UPs 2026";2026;"SOLUÇÃO";832300,09000000008;787906,16000000015;18715,17;25678,76;83593,489999999991;-57914,729999999865
"PLAT. DE CAPTAÇÃO E PRODUÇÃO";"fparisi@g.globo";"BC DSLR para UPs 2026";2026;"MDO";182700;177405,68;;5294,32;5294,32;7,2759576141834259E-12
"PLAT. DE CAPTAÇÃO E PRODUÇÃO";"fparisi@g.globo";"BC DSLR para UPs 2026";2026;"RESERVA";0;;;0;;0
"PLAT. DE CAPTAÇÃO E PRODUÇÃO";"fparisi@g.globo";"BC DSLR para UPs 2026";2027;"MDO";0;;;0;5294,32;-5294,32
"PLAT. DE CAPTAÇÃO E PRODUÇÃO";"fparisi@g.globo";"BC DSLR para UPs 2026";2027;"RESERVA";0;;;0;;0
"PLAT. DE CAPTAÇÃO E PRODUÇÃO";"fparisi@g.globo";"BC DSLR para UPs 2026";2027;"SOLUÇÃO";0;;;0;83593,489999999991;-83593,489999999991
"PLAT. DE CAPTAÇÃO E PRODUÇÃO";"fparisi@g.globo";"BC DSLR para UPs 2026";2027;"INSTALAÇÃO";0;;;0;;0
"PLAT. DE CAPTAÇÃO E PRODUÇÃO";"fparisi@g.globo";"CEE - Câmera Estúdio Externa EG";2026;"INSTALAÇÃO";0;;;0;;0
"PLAT. DE CAPTAÇÃO E PRODUÇÃO";"fparisi@g.globo";"CEE - Câmera Estúdio Externa EG";2026;"MDO";45417,649999999994;45417,65;;0;0;-7,2759576141834259E-12
"PLAT. DE CAPTAÇÃO E PRODUÇÃO";"fparisi@g.globo";"CEE - Câmera Estúdio Externa EG";2026;"SOLUÇÃO";906986,55;664407,65;54112,1;188466,8;126892,6;61574,200000000041
"PLAT. DE CAPTAÇÃO E PRODUÇÃO";"fparisi@g.globo";"CEE - Câmera Estúdio Externa EG";2026;"RESERVA";0;;;0;;0
"PLAT. DE CAPTAÇÃO E PRODUÇÃO";"fparisi@g.globo";"CEE - Câmera Estúdio Externa EG";2027;"MDO";0;;;0;0;0
"PLAT. DE CAPTAÇÃO E PRODUÇÃO";"fparisi@g.globo";"CEE - Câmera Estúdio Externa EG";2027;"RESERVA";0;;;0;;0
"PLAT. DE CAPTAÇÃO E PRODUÇÃO";"fparisi@g.globo";"CEE - Câmera Estúdio Externa EG";2027;"SOLUÇÃO";0;;;0;126892,6;-126892,6
"PLAT. DE CAPTAÇÃO E PRODUÇÃO";"fparisi@g.globo";"CEE - Câmera Estúdio Externa EG";2027;"INSTALAÇÃO";0;;;0;;0
"PLAT. DE CAPTAÇÃO E PRODUÇÃO";"fparisi@g.globo";"CI LED - Complemento";2026;"SOLUÇÃO";343727;;;343727;316407,08999999997;27319,910000000033
"PLAT. DE CAPTAÇÃO E PRODUÇÃO";"fparisi@g.globo";"CI LED - Complemento";2026;"INSTALAÇÃO";0;;;0;;0
"PLAT. DE CAPTAÇÃO E PRODUÇÃO";"fparisi@g.globo";"CI LED - Complemento";2026;"MDO";75452;75452;;0;0;0
"PLAT. DE CAPTAÇÃO E PRODUÇÃO";"fparisi@g.globo";"CI LED - Complemento";2026;"RESERVA";0;;;0;;0
"PLAT. DE CAPTAÇÃO E PRODUÇÃO";"fparisi@g.globo";"CI LED - Complemento";2027;"MDO";0;;;0;0;0
"PLAT. DE CAPTAÇÃO E PRODUÇÃO";"fparisi@g.globo";"CI LED - Complemento";2027;"INSTALAÇÃO";0;;;0;;0
"PLAT. DE CAPTAÇÃO E PRODUÇÃO";"fparisi@g.globo";"CI LED - Complemento";2027;"SOLUÇÃO";0;;;0;316407,08999999997;-316407,08999999997
"PLAT. DE CAPTAÇÃO E PRODUÇÃO";"fparisi@g.globo";"CI LED - Complemento";2027;"RESERVA";0;;;0;;0
"PLAT. DE CAPTAÇÃO E PRODUÇÃO";"fparisi@g.globo";"ESPORTE+ Evolução da Cable Cam";2026;"INSTALAÇÃO";0;;;0;;0
"PLAT. DE CAPTAÇÃO E PRODUÇÃO";"fparisi@g.globo";"ESPORTE+ Evolução da Cable Cam";2026;"MDO";0;;;0;;0
"PLAT. DE CAPTAÇÃO E PRODUÇÃO";"fparisi@g.globo";"ESPORTE+ Evolução da Cable Cam";2026;"RESERVA";0;;;0;;0
"PLAT. DE CAPTAÇÃO E PRODUÇÃO";"fparisi@g.globo";"ESPORTE+ Evolução da Cable Cam";2026;"SOLUÇÃO";213;;;213;7918,43;-7705,43
"PLAT. DE CAPTAÇÃO E PRODUÇÃO";"fparisi@g.globo";"ESPORTE+ Evolução da Cable Cam";2027;"SOLUÇÃO";0;;;0;7918,43;-7918,43
"PLAT. DE CAPTAÇÃO E PRODUÇÃO";"fparisi@g.globo";"ESPORTE+ Evolução da Cable Cam";2027;"RESERVA";0;;;0;;0
"PLAT. DE CAPTAÇÃO E PRODUÇÃO";"fparisi@g.globo";"ESPORTE+ Evolução da Cable Cam";2027;"INSTALAÇÃO";0;;;0;;0
"PLAT. DE CAPTAÇÃO E PRODUÇÃO";"fparisi@g.globo";"ESPORTE+ Evolução da Cable Cam";2027;"MDO";0;;;0;;0
"PLAT. DE CAPTAÇÃO E PRODUÇÃO";"fparisi@g.globo";"Estúdios EG Obsolescência";2026;"INSTALAÇÃO";0;;;0;;0
"PLAT. DE CAPTAÇÃO E PRODUÇÃO";"fparisi@g.globo";"Estúdios EG Obsolescência";2026;"SOLUÇÃO";1601,4;1601,4;;0;992,65;-992,65
"PLAT. DE CAPTAÇÃO E PRODUÇÃO";"fparisi@g.globo";"Estúdios EG Obsolescência";2026;"RESERVA";0;;;0;;0
"PLAT. DE CAPTAÇÃO E PRODUÇÃO";"fparisi@g.globo";"Estúdios EG Obsolescência";2026;"MDO";0;;;0;;0
"PLAT. DE CAPTAÇÃO E PRODUÇÃO";"fparisi@g.globo";"Estúdios EG Obsolescência";2027;"INSTALAÇÃO";0;;;0;;0
"PLAT. DE CAPTAÇÃO E PRODUÇÃO";"fparisi@g.globo";"Estúdios EG Obsolescência";2027;"SOLUÇÃO";0;;;0;992,65;-992,65
"PLAT. DE CAPTAÇÃO E PRODUÇÃO";"fparisi@g.globo";"Estúdios EG Obsolescência";2027;"RESERVA";0;;;0;;0
"PLAT. DE CAPTAÇÃO E PRODUÇÃO";"fparisi@g.globo";"Estúdios EG Obsolescência";2027;"MDO";0;;;0;;0
"PLAT. DE CAPTAÇÃO E PRODUÇÃO";"fparisi@g.globo";"Inovação em C&P";2026;"INSTALAÇÃO";0;;;0;;0
"PLAT. DE CAPTAÇÃO E PRODUÇÃO";"fparisi@g.globo";"Inovação em C&P";2026;"SOLUÇÃO";1701844,25;204328,55;61821,17;1435694,53;525914,73999999987;909779,79000000015
"PLAT. DE CAPTAÇÃO E PRODUÇÃO";"fparisi@g.globo";"Inovação em C&P";2026;"MDO";0;;;0;;0
"PLAT. DE CAPTAÇÃO E PRODUÇÃO";"fparisi@g.globo";"Inovação em C&P";2026;"RESERVA";0;;;0;;0
"PLAT. DE CAPTAÇÃO E PRODUÇÃO";"fparisi@g.globo";"Inovação em C&P";2027;"SOLUÇÃO";0;;;0;525914,73999999987;-525914,73999999987
"PLAT. DE CAPTAÇÃO E PRODUÇÃO";"fparisi@g.globo";"Inovação em C&P";2027;"INSTALAÇÃO";0;;;0;;0
"PLAT. DE CAPTAÇÃO E PRODUÇÃO";"fparisi@g.globo";"Inovação em C&P";2027;"RESERVA";0;;;0;;0
"PLAT. DE CAPTAÇÃO E PRODUÇÃO";"fparisi@g.globo";"Inovação em C&P";2027;"MDO";0;;;0;;0
"PLAT. DE CAPTAÇÃO E PRODUÇÃO";"fparisi@g.globo";"Novo Cenário BDBR";2026;"MDO";102240,00000000001;77840,51;;24399,49;24399,49;1,8189894035458565E-11
"PLAT. DE CAPTAÇÃO E PRODUÇÃO";"fparisi@g.globo";"Novo Cenário BDBR";2026;"INSTALAÇÃO";0;;;0;;0
"PLAT. DE CAPTAÇÃO E PRODUÇÃO";"fparisi@g.globo";"Novo Cenário BDBR";2026;"RESERVA";0;;;0;;0
"PLAT. DE CAPTAÇÃO E PRODUÇÃO";"fparisi@g.globo";"Novo Cenário BDBR";2026;"SOLUÇÃO";520360,79000000004;627606,30999999994;;-107245,52;2100;-109345,52000000002
"PLAT. DE CAPTAÇÃO E PRODUÇÃO";"fparisi@g.globo";"Novo Cenário BDBR";2027;"SOLUÇÃO";0;;;0;2100;-2100
"PLAT. DE CAPTAÇÃO E PRODUÇÃO";"fparisi@g.globo";"Novo Cenário BDBR";2027;"MDO";0;;;0;24399,49;-24399,49
"PLAT. DE CAPTAÇÃO E PRODUÇÃO";"fparisi@g.globo";"Novo Cenário BDBR";2027;"RESERVA";0;;;0;;0
"PLAT. DE CAPTAÇÃO E PRODUÇÃO";"fparisi@g.globo";"Novo Cenário BDBR";2027;"INSTALAÇÃO";0;;;0;;0
"PLAT. DE CAPTAÇÃO E PRODUÇÃO";"fparisi@g.globo";"Obs. Crítica Câmeras PTZs";2026;"INSTALAÇÃO";0;;;0;;0
"PLAT. DE CAPTAÇÃO E PRODUÇÃO";"fparisi@g.globo";"Obs. Crítica Câmeras PTZs";2026;"RESERVA";0;;;0;;0
"PLAT. DE CAPTAÇÃO E PRODUÇÃO";"fparisi@g.globo";"Obs. Crítica Câmeras PTZs";2026;"MDO";274050;57139,85;29808,24;187101,91;434880,51;-247778,6
"PLAT. DE CAPTAÇÃO E PRODUÇÃO";"fparisi@g.globo";"Obs. Crítica Câmeras PTZs";2026;"SOLUÇÃO";1665999,77;545476,7;31764,93;1088758,14;1206782,87;-118024,72999999998
"PLAT. DE CAPTAÇÃO E PRODUÇÃO";"fparisi@g.globo";"Obs. Crítica Câmeras PTZs";2027;"SOLUÇÃO";0;;;0;1206782,87;-1206782,87
"PLAT. DE CAPTAÇÃO E PRODUÇÃO";"fparisi@g.globo";"Obs. Crítica Câmeras PTZs";2027;"MDO";0;;;0;434880,51;-434880,51
"PLAT. DE CAPTAÇÃO E PRODUÇÃO";"fparisi@g.globo";"Obs. Crítica Câmeras PTZs";2027;"INSTALAÇÃO";0;;;0;;0
"PLAT. DE CAPTAÇÃO E PRODUÇÃO";"fparisi@g.globo";"Obs. Crítica Câmeras PTZs";2027;"RESERVA";0;;;0;;0
"PLAT. DE CAPTAÇÃO E PRODUÇÃO";"fparisi@g.globo";"Obs. Crítica Dramaturgia EG - Mattebox";2026;"INSTALAÇÃO";0;;;0;;0
"PLAT. DE CAPTAÇÃO E PRODUÇÃO";"fparisi@g.globo";"Obs. Crítica Dramaturgia EG - Mattebox";2026;"MDO";99702;75341,57;;24360,43;24360,43;-7,2759576141834259E-12
"PLAT. DE CAPTAÇÃO E PRODUÇÃO";"fparisi@g.globo";"Obs. Crítica Dramaturgia EG - Mattebox";2026;"SOLUÇÃO";454197,51;408208,77000000008;2024,99;43963,75;;43963,75
"PLAT. DE CAPTAÇÃO E PRODUÇÃO";"fparisi@g.globo";"Obs. Crítica Dramaturgia EG - Mattebox";2026;"RESERVA";0;;;0;;0
"PLAT. DE CAPTAÇÃO E PRODUÇÃO";"fparisi@g.globo";"Obs. Crítica Dramaturgia EG - Mattebox";2027;"INSTALAÇÃO";0;;;0;;0
"PLAT. DE CAPTAÇÃO E PRODUÇÃO";"fparisi@g.globo";"Obs. Crítica Dramaturgia EG - Mattebox";2027;"SOLUÇÃO";1110000;;;1110000;;1110000
"PLAT. DE CAPTAÇÃO E PRODUÇÃO";"fparisi@g.globo";"Obs. Crítica Dramaturgia EG - Mattebox";2027;"MDO";0;;;0;24360,43;-24360,43
"PLAT. DE CAPTAÇÃO E PRODUÇÃO";"fparisi@g.globo";"Obs. Crítica Dramaturgia EG - Mattebox";2027;"RESERVA";0;;;0;;0
"PLAT. DE CAPTAÇÃO E PRODUÇÃO";"fparisi@g.globo";"Obs. Crítica Dramaturgia EG - Monitores UPP (TV Logic)";2026;"MDO";99702;;;99702;99702;0
"PLAT. DE CAPTAÇÃO E PRODUÇÃO";"fparisi@g.globo";"Obs. Crítica Dramaturgia EG - Monitores UPP (TV Logic)";2026;"INSTALAÇÃO";0;;;0;;0
"PLAT. DE CAPTAÇÃO E PRODUÇÃO";"fparisi@g.globo";"Obs. Crítica Dramaturgia EG - Monitores UPP (TV Logic)";2026;"RESERVA";0;;;0;;0
"PLAT. DE CAPTAÇÃO E PRODUÇÃO";"fparisi@g.globo";"Obs. Crítica Dramaturgia EG - Monitores UPP (TV Logic)";2026;"SOLUÇÃO";454197,53;409515,14;;44682,39;1859,2400000000002;42823,150000000016
"PLAT. DE CAPTAÇÃO E PRODUÇÃO";"fparisi@g.globo";"Obs. Crítica Dramaturgia EG - Monitores UPP (TV Logic)";2027;"RESERVA";0;;;0;;0
"PLAT. DE CAPTAÇÃO E PRODUÇÃO";"fparisi@g.globo";"Obs. Crítica Dramaturgia EG - Monitores UPP (TV Logic)";2027;"INSTALAÇÃO";0;;;0;;0
"PLAT. DE CAPTAÇÃO E PRODUÇÃO";"fparisi@g.globo";"Obs. Crítica Dramaturgia EG - Monitores UPP (TV Logic)";2027;"SOLUÇÃO";0;;;0;1859,2400000000002;-1859,2400000000002
"PLAT. DE CAPTAÇÃO E PRODUÇÃO";"fparisi@g.globo";"Obs. Crítica Dramaturgia EG - Monitores UPP (TV Logic)";2027;"MDO";0;;;0;99702;-99702
"PLAT. DE CAPTAÇÃO E PRODUÇÃO";"fparisi@g.globo";"Obs. Crítica Dramaturgia EG - Sistema de Mobilidade (Teradek)";2026;"MDO";199404;116945,98;;82458,02;82458,02;0
"PLAT. DE CAPTAÇÃO E PRODUÇÃO";"fparisi@g.globo";"Obs. Crítica Dramaturgia EG - Sistema de Mobilidade (Teradek)";2026;"INSTALAÇÃO";0;;;0;;0
"PLAT. DE CAPTAÇÃO E PRODUÇÃO";"fparisi@g.globo";"Obs. Crítica Dramaturgia EG - Sistema de Mobilidade (Teradek)";2026;"SOLUÇÃO";908395,69000000006;43014,340000000004;;865381,35;951899,72;-86518,369999999879
"PLAT. DE CAPTAÇÃO E PRODUÇÃO";"fparisi@g.globo";"Obs. Crítica Dramaturgia EG - Sistema de Mobilidade (Teradek)";2026;"RESERVA";0;;;0;;0
"PLAT. DE CAPTAÇÃO E PRODUÇÃO";"fparisi@g.globo";"Obs. Crítica Dramaturgia EG - Sistema de Mobilidade (Teradek)";2027;"MDO";0;;;0;82458,02;-82458,02
"PLAT. DE CAPTAÇÃO E PRODUÇÃO";"fparisi@g.globo";"Obs. Crítica Dramaturgia EG - Sistema de Mobilidade (Teradek)";2027;"SOLUÇÃO";0;;;0;951899,72;-951899,72
"PLAT. DE CAPTAÇÃO E PRODUÇÃO";"fparisi@g.globo";"Obs. Crítica Dramaturgia EG - Sistema de Mobilidade (Teradek)";2027;"INSTALAÇÃO";0;;;0;;0
"PLAT. DE CAPTAÇÃO E PRODUÇÃO";"fparisi@g.globo";"Obs. Crítica Dramaturgia EG - Sistema de Mobilidade (Teradek)";2027;"RESERVA";0;;;0;;0
"PLAT. DE CAPTAÇÃO E PRODUÇÃO";"fparisi@g.globo";"Obs. Crítica Estúdios JB - Retrofit Grua Est-D";2026;"MDO";91872;4442,56;;87429,44;87429,44;0
"PLAT. DE CAPTAÇÃO E PRODUÇÃO";"fparisi@g.globo";"Obs. Crítica Estúdios JB - Retrofit Grua Est-D";2026;"SOLUÇÃO";418528;;;418528;166669,28;251858,72
"PLAT. DE CAPTAÇÃO E PRODUÇÃO";"fparisi@g.globo";"Obs. Crítica Estúdios JB - Retrofit Grua Est-D";2026;"RESERVA";0;;;0;;0
"PLAT. DE CAPTAÇÃO E PRODUÇÃO";"fparisi@g.globo";"Obs. Crítica Estúdios JB - Retrofit Grua Est-D";2026;"INSTALAÇÃO";0;;;0;;0
"PLAT. DE CAPTAÇÃO E PRODUÇÃO";"fparisi@g.globo";"Obs. Crítica Estúdios JB - Retrofit Grua Est-D";2027;"SOLUÇÃO";510400;;;510400;166669,28;343730,72
"PLAT. DE CAPTAÇÃO E PRODUÇÃO";"fparisi@g.globo";"Obs. Crítica Estúdios JB - Retrofit Grua Est-D";2027;"RESERVA";0;;;0;;0
"PLAT. DE CAPTAÇÃO E PRODUÇÃO";"fparisi@g.globo";"Obs. Crítica Estúdios JB - Retrofit Grua Est-D";2027;"MDO";0;;;0;87429,44;-87429,44
"PLAT. DE CAPTAÇÃO E PRODUÇÃO";"fparisi@g.globo";"Obs. Crítica Estúdios JB - Retrofit Grua Est-D";2027;"INSTALAÇÃO";0;;;0;;0
"PLAT. DE CAPTAÇÃO E PRODUÇÃO";"fparisi@g.globo";"Obs. Crítica Refletores (MG1/MG4) Fase 2 (2026)";2026;"INSTALAÇÃO";0;;;0;;0
"PLAT. DE CAPTAÇÃO E PRODUÇÃO";"fparisi@g.globo";"Obs. Crítica Refletores (MG1/MG4) Fase 2 (2026)";2026;"SOLUÇÃO";194996;;;194996;165346,96000000002;29649,039999999979
"PLAT. DE CAPTAÇÃO E PRODUÇÃO";"fparisi@g.globo";"Obs. Crítica Refletores (MG1/MG4) Fase 2 (2026)";2026;"MDO";42804;42804;;0;;0
"PLAT. DE CAPTAÇÃO E PRODUÇÃO";"fparisi@g.globo";"Obs. Crítica Refletores (MG1/MG4) Fase 2 (2026)";2026;"RESERVA";0;;;0;;0
"PLAT. DE CAPTAÇÃO E PRODUÇÃO";"fparisi@g.globo";"Obs. Crítica Refletores (MG1/MG4) Fase 2 (2026)";2027;"RESERVA";0;;;0;;0
"PLAT. DE CAPTAÇÃO E PRODUÇÃO";"fparisi@g.globo";"Obs. Crítica Refletores (MG1/MG4) Fase 2 (2026)";2027;"INSTALAÇÃO";0;;;0;;0
"PLAT. DE CAPTAÇÃO E PRODUÇÃO";"fparisi@g.globo";"Obs. Crítica Refletores (MG1/MG4) Fase 2 (2026)";2027;"MDO";0;;;0;;0
"PLAT. DE CAPTAÇÃO E PRODUÇÃO";"fparisi@g.globo";"Obs. Crítica Refletores (MG1/MG4) Fase 2 (2026)";2027;"SOLUÇÃO";0;;;0;165346,96000000002;-165346,96000000002
"PLAT. DE CAPTAÇÃO E PRODUÇÃO";"fparisi@g.globo";"Obs. Crítica Refletores (MG1/MG4) Fase 2 (2027)";2026;"INSTALAÇÃO";0;;;0;;0
"PLAT. DE CAPTAÇÃO E PRODUÇÃO";"fparisi@g.globo";"Obs. Crítica Refletores (MG1/MG4) Fase 2 (2027)";2026;"MDO";0;;;0;;0
"PLAT. DE CAPTAÇÃO E PRODUÇÃO";"fparisi@g.globo";"Obs. Crítica Refletores (MG1/MG4) Fase 2 (2027)";2026;"RESERVA";0;;;0;;0
"PLAT. DE CAPTAÇÃO E PRODUÇÃO";"fparisi@g.globo";"Obs. Crítica Refletores (MG1/MG4) Fase 2 (2027)";2026;"SOLUÇÃO";0;;;0;;0
"PLAT. DE CAPTAÇÃO E PRODUÇÃO";"fparisi@g.globo";"Obs. Crítica Refletores (MG1/MG4) Fase 2 (2027)";2027;"INSTALAÇÃO";0;;;0;;0
"PLAT. DE CAPTAÇÃO E PRODUÇÃO";"fparisi@g.globo";"Obs. Crítica Refletores (MG1/MG4) Fase 2 (2027)";2027;"RESERVA";0;;;0;;0
"PLAT. DE CAPTAÇÃO E PRODUÇÃO";"fparisi@g.globo";"Obs. Crítica Refletores (MG1/MG4) Fase 2 (2027)";2027;"MDO";0;;;0;;0
"PLAT. DE CAPTAÇÃO E PRODUÇÃO";"fparisi@g.globo";"Obs. Crítica Refletores (MG1/MG4) Fase 2 (2027)";2027;"SOLUÇÃO";237800;;;237800;;237800
"PLAT. DE CAPTAÇÃO E PRODUÇÃO";"fparisi@g.globo";"Obs. Crítica Robôs ION";2026;"SOLUÇÃO";713400;14472,79;;698927,21;702007,7;-3080,4899999999907
"PLAT. DE CAPTAÇÃO E PRODUÇÃO";"fparisi@g.globo";"Obs. Crítica Robôs ION";2026;"MDO";156600;154336,08;;2263,92;2263,92;1,2732925824820995E-11
"PLAT. DE CAPTAÇÃO E PRODUÇÃO";"fparisi@g.globo";"Obs. Crítica Robôs ION";2026;"RESERVA";0;;;0;;0
"PLAT. DE CAPTAÇÃO E PRODUÇÃO";"fparisi@g.globo";"Obs. Crítica Robôs ION";2026;"INSTALAÇÃO";0;;;0;;0
"PLAT. DE CAPTAÇÃO E PRODUÇÃO";"fparisi@g.globo";"Obs. Crítica Robôs ION";2027;"MDO";0;;;0;2263,92;-2263,92
"PLAT. DE CAPTAÇÃO E PRODUÇÃO";"fparisi@g.globo";"Obs. Crítica Robôs ION";2027;"SOLUÇÃO";0;;;0;702007,7;-702007,7
"PLAT. DE CAPTAÇÃO E PRODUÇÃO";"fparisi@g.globo";"Obs. Crítica Robôs ION";2027;"INSTALAÇÃO";0;;;0;;0
"PLAT. DE CAPTAÇÃO E PRODUÇÃO";"fparisi@g.globo";"Obs. Crítica Robôs ION";2027;"RESERVA";0;;;0;;0
"PLAT. DE CAPTAÇÃO E PRODUÇÃO";"fparisi@g.globo";"Obs. Crítica Tripes EG";2026;"INSTALAÇÃO";0;;;0;;0
"PLAT. DE CAPTAÇÃO E PRODUÇÃO";"fparisi@g.globo";"Obs. Crítica Tripes EG";2026;"SOLUÇÃO";1747420;33630;19619,28;1694170,72;1712834,52;-18663,800000000047
"PLAT. DE CAPTAÇÃO E PRODUÇÃO";"fparisi@g.globo";"Obs. Crítica Tripes EG";2026;"MDO";383580;250001,92;;133578,08;133580;-1,9200000000128057
"PLAT. DE CAPTAÇÃO E PRODUÇÃO";"fparisi@g.globo";"Obs. Crítica Tripes EG";2026;"RESERVA";0;39517,72;;-39517,72;;-39517,72
"PLAT. DE CAPTAÇÃO E PRODUÇÃO";"fparisi@g.globo";"Obs. Crítica Tripes EG";2027;"SOLUÇÃO";909790;;;909790;1712834,52;-803044,52
"PLAT. DE CAPTAÇÃO E PRODUÇÃO";"fparisi@g.globo";"Obs. Crítica Tripes EG";2027;"MDO";199710;;;199710;133580;66130
"PLAT. DE CAPTAÇÃO E PRODUÇÃO";"fparisi@g.globo";"Obs. Crítica Tripes EG";2027;"RESERVA";0;;;0;;0
"PLAT. DE CAPTAÇÃO E PRODUÇÃO";"fparisi@g.globo";"Obs. Crítica Tripes EG";2027;"INSTALAÇÃO";0;;;0;;0
"PLAT. DE CAPTAÇÃO E PRODUÇÃO";"fparisi@g.globo";"Obsolescência UPPs Dramaturgia (2023)";2026;"MDO";0;;;0;;0
"PLAT. DE CAPTAÇÃO E PRODUÇÃO";"fparisi@g.globo";"Obsolescência UPPs Dramaturgia (2023)";2026;"INSTALAÇÃO";0;;;0;;0
"PLAT. DE CAPTAÇÃO E PRODUÇÃO";"fparisi@g.globo";"Obsolescência UPPs Dramaturgia (2023)";2026;"RESERVA";0;;;0;;0
"PLAT. DE CAPTAÇÃO E PRODUÇÃO";"fparisi@g.globo";"Obsolescência UPPs Dramaturgia (2023)";2026;"SOLUÇÃO";0;450;;-450;25201,36;-25651,36
"PLAT. DE CAPTAÇÃO E PRODUÇÃO";"fparisi@g.globo";"Obsolescência UPPs Dramaturgia (2023)";2027;"RESERVA";0;;;0;;0
"PLAT. DE CAPTAÇÃO E PRODUÇÃO";"fparisi@g.globo";"Obsolescência UPPs Dramaturgia (2023)";2027;"MDO";0;;;0;;0
"PLAT. DE CAPTAÇÃO E PRODUÇÃO";"fparisi@g.globo";"Obsolescência UPPs Dramaturgia (2023)";2027;"SOLUÇÃO";0;;;0;25201,36;-25201,36
"PLAT. DE CAPTAÇÃO E PRODUÇÃO";"fparisi@g.globo";"Obsolescência UPPs Dramaturgia (2023)";2027;"INSTALAÇÃO";0;;;0;;0
"PLAT. DE CAPTAÇÃO E PRODUÇÃO";"fparisi@g.globo";"Roadmap de Câmeras - DSLR";2026;"SOLUÇÃO";17158,3;17158,3;;0;334,06999999999971;-334,06999999999971
"PLAT. DE CAPTAÇÃO E PRODUÇÃO";"fparisi@g.globo";"Roadmap de Câmeras - DSLR";2026;"MDO";4884;;;4884;4883,89;0,10999999999967258
"PLAT. DE CAPTAÇÃO E PRODUÇÃO";"fparisi@g.globo";"Roadmap de Câmeras - DSLR";2026;"RESERVA";0;;;0;;0
"PLAT. DE CAPTAÇÃO E PRODUÇÃO";"fparisi@g.globo";"Roadmap de Câmeras - DSLR";2026;"INSTALAÇÃO";0;;;0;;0
"PLAT. DE CAPTAÇÃO E PRODUÇÃO";"fparisi@g.globo";"Roadmap de Câmeras - DSLR";2027;"INSTALAÇÃO";0;;;0;;0
"PLAT. DE CAPTAÇÃO E PRODUÇÃO";"fparisi@g.globo";"Roadmap de Câmeras - DSLR";2027;"MDO";0;;;0;4883,89;-4883,89
"PLAT. DE CAPTAÇÃO E PRODUÇÃO";"fparisi@g.globo";"Roadmap de Câmeras - DSLR";2027;"RESERVA";0;;;0;;0
"PLAT. DE CAPTAÇÃO E PRODUÇÃO";"fparisi@g.globo";"Roadmap de Câmeras - DSLR";2027;"SOLUÇÃO";0;;;0;334,06999999999971;-334,06999999999971
"PLAT. DE CAPTAÇÃO E PRODUÇÃO";"fparisi@g.globo";"Roadmap de Iluminação - Carros de Iluminação EG";2026;"INSTALAÇÃO";0;;;0;;0
"PLAT. DE CAPTAÇÃO E PRODUÇÃO";"fparisi@g.globo";"Roadmap de Iluminação - Carros de Iluminação EG";2026;"MDO";309193,76;297230,45;;11963,31;22506,01;-10542,7
"PLAT. DE CAPTAÇÃO E PRODUÇÃO";"fparisi@g.globo";"Roadmap de Iluminação - Carros de Iluminação EG";2026;"SOLUÇÃO";369631,55;453733,47000000009;946,57;-85048,49;0,87;-85049,359999999986
"PLAT. DE CAPTAÇÃO E PRODUÇÃO";"fparisi@g.globo";"Roadmap de Iluminação - Carros de Iluminação EG";2026;"RESERVA";0;;;0;;0
"PLAT. DE CAPTAÇÃO E PRODUÇÃO";"fparisi@g.globo";"Roadmap de Iluminação - Carros de Iluminação EG";2027;"RESERVA";0;;;0;;0
"PLAT. DE CAPTAÇÃO E PRODUÇÃO";"fparisi@g.globo";"Roadmap de Iluminação - Carros de Iluminação EG";2027;"MDO";0;;;0;22506,01;-22506,01
"PLAT. DE CAPTAÇÃO E PRODUÇÃO";"fparisi@g.globo";"Roadmap de Iluminação - Carros de Iluminação EG";2027;"SOLUÇÃO";0;;;0;0,87;-0,87
"PLAT. DE CAPTAÇÃO E PRODUÇÃO";"fparisi@g.globo";"Roadmap de Iluminação - Carros de Iluminação EG";2027;"INSTALAÇÃO";0;;;0;;0
"PLAT. DE CAPTAÇÃO E PRODUÇÃO";"fparisi@g.globo";"Roadmap Estudio Rede 4k - Cameras RJ";2026;"RESERVA";0;;;0;;0
"PLAT. DE CAPTAÇÃO E PRODUÇÃO";"fparisi@g.globo";"Roadmap Estudio Rede 4k - Cameras RJ";2026;"INSTALAÇÃO";0;;;0;;0
"PLAT. DE CAPTAÇÃO E PRODUÇÃO";"fparisi@g.globo";"Roadmap Estudio Rede 4k - Cameras RJ";2026;"MDO";54000;23959,33;;30040,67;30040,67;0
"PLAT. DE CAPTAÇÃO E PRODUÇÃO";"fparisi@g.globo";"Roadmap Estudio Rede 4k - Cameras RJ";2026;"SOLUÇÃO";362006,6;380246,97;;-18240,37;;-18240,369999999995
"PLAT. DE CAPTAÇÃO E PRODUÇÃO";"fparisi@g.globo";"Roadmap Estudio Rede 4k - Cameras RJ";2027;"INSTALAÇÃO";0;;;0;;0
"PLAT. DE CAPTAÇÃO E PRODUÇÃO";"fparisi@g.globo";"Roadmap Estudio Rede 4k - Cameras RJ";2027;"MDO";0;;;0;30040,67;-30040,67
"PLAT. DE CAPTAÇÃO E PRODUÇÃO";"fparisi@g.globo";"Roadmap Estudio Rede 4k - Cameras RJ";2027;"RESERVA";0;;;0;;0
"PLAT. DE CAPTAÇÃO E PRODUÇÃO";"fparisi@g.globo";"Roadmap Estudio Rede 4k - Cameras RJ";2027;"SOLUÇÃO";0;;;0;;0
"PLAT. DE CAPTAÇÃO E PRODUÇÃO";"fparisi@g.globo";"Sistema de Estabilização de Câmera";2026;"MDO";0;;;0;;0
"PLAT. DE CAPTAÇÃO E PRODUÇÃO";"fparisi@g.globo";"Sistema de Estabilização de Câmera";2026;"SOLUÇÃO";130000;48311,16;30580,2;51108,64;21962;29146,64
"PLAT. DE CAPTAÇÃO E PRODUÇÃO";"fparisi@g.globo";"Sistema de Estabilização de Câmera";2026;"RESERVA";0;;;0;;0
"PLAT. DE CAPTAÇÃO E PRODUÇÃO";"fparisi@g.globo";"Sistema de Estabilização de Câmera";2026;"INSTALAÇÃO";0;;;0;;0
"PLAT. DE CAPTAÇÃO E PRODUÇÃO";"fparisi@g.globo";"Sistema de Estabilização de Câmera";2027;"SOLUÇÃO";0;;;0;21962;-21962
"PLAT. DE CAPTAÇÃO E PRODUÇÃO";"fparisi@g.globo";"Sistema de Estabilização de Câmera";2027;"INSTALAÇÃO";0;;;0;;0
"PLAT. DE CAPTAÇÃO E PRODUÇÃO";"fparisi@g.globo";"Sistema de Estabilização de Câmera";2027;"MDO";0;;;0;;0
"PLAT. DE CAPTAÇÃO E PRODUÇÃO";"fparisi@g.globo";"Sistema de Estabilização de Câmera";2027;"RESERVA";0;;;0;;0
"PLAT. DE CAPTAÇÃO E PRODUÇÃO";"fparisi@g.globo";"Sistema de Movimentação BSA - Obs. Crítica";2026;"RESERVA";0;;;0;;0
"PLAT. DE CAPTAÇÃO E PRODUÇÃO";"fparisi@g.globo";"Sistema de Movimentação BSA - Obs. Crítica";2026;"SOLUÇÃO";158406,51;3040,39;;155366,12;97413;57953,119999999995
"PLAT. DE CAPTAÇÃO E PRODUÇÃO";"fparisi@g.globo";"Sistema de Movimentação BSA - Obs. Crítica";2026;"INSTALAÇÃO";0;;;0;;0
"PLAT. DE CAPTAÇÃO E PRODUÇÃO";"fparisi@g.globo";"Sistema de Movimentação BSA - Obs. Crítica";2026;"MDO";35992;34337,61;;1654,39;1654,39;-6,8212102632969618E-13
"PLAT. DE CAPTAÇÃO E PRODUÇÃO";"fparisi@g.globo";"Sistema de Movimentação BSA - Obs. Crítica";2027;"INSTALAÇÃO";0;;;0;;0
"PLAT. DE CAPTAÇÃO E PRODUÇÃO";"fparisi@g.globo";"Sistema de Movimentação BSA - Obs. Crítica";2027;"SOLUÇÃO";0;;;0;97413;-97413
"PLAT. DE CAPTAÇÃO E PRODUÇÃO";"fparisi@g.globo";"Sistema de Movimentação BSA - Obs. Crítica";2027;"MDO";0;;;0;1654,39;-1654,39
"PLAT. DE CAPTAÇÃO E PRODUÇÃO";"fparisi@g.globo";"Sistema de Movimentação BSA - Obs. Crítica";2027;"RESERVA";0;;;0;;0
"PLAT. DE CAPTAÇÃO E PRODUÇÃO";"pedro@g.globo";"Cloudification - Live Production";2026;"SOLUÇÃO";;6550,07;-6550,07;0;0;0
"PLAT. DE CAPTAÇÃO E PRODUÇÃO";"pedro@g.globo";"Cloudification - Live Production";2027;"SOLUÇÃO";;;;;0;0
"PLAT. DE CAPTAÇÃO E PRODUÇÃO";"roberta.mesquita@g.globo";"Caixas Acústicas de PA do MG-2 - Obs. crítica";2026;"SOLUÇÃO";79505,569999999992;69108,900000000009;;10396,67;5108,23;5288,4399999999987
"PLAT. DE CAPTAÇÃO E PRODUÇÃO";"roberta.mesquita@g.globo";"Caixas Acústicas de PA do MG-2 - Obs. crítica";2026;"MDO";102458,75;90432,75;;12026;12026;0
"PLAT. DE CAPTAÇÃO E PRODUÇÃO";"roberta.mesquita@g.globo";"Caixas Acústicas de PA do MG-2 - Obs. crítica";2026;"RESERVA";0;;;0;;0
"PLAT. DE CAPTAÇÃO E PRODUÇÃO";"roberta.mesquita@g.globo";"Caixas Acústicas de PA do MG-2 - Obs. crítica";2026;"INSTALAÇÃO";0;;;0;;0
"PLAT. DE CAPTAÇÃO E PRODUÇÃO";"roberta.mesquita@g.globo";"Caixas Acústicas de PA do MG-2 - Obs. crítica";2027;"SOLUÇÃO";0;;;0;5108,23;-5108,23
"PLAT. DE CAPTAÇÃO E PRODUÇÃO";"roberta.mesquita@g.globo";"Caixas Acústicas de PA do MG-2 - Obs. crítica";2027;"MDO";0;;;0;12026;-12026
"PLAT. DE CAPTAÇÃO E PRODUÇÃO";"roberta.mesquita@g.globo";"Caixas Acústicas de PA do MG-2 - Obs. crítica";2027;"INSTALAÇÃO";0;;;0;;0
"PLAT. DE CAPTAÇÃO E PRODUÇÃO";"roberta.mesquita@g.globo";"Caixas Acústicas de PA do MG-2 - Obs. crítica";2027;"RESERVA";0;;;0;;0
"PLAT. DE CAPTAÇÃO E PRODUÇÃO";"roberta.mesquita@g.globo";"Caixas Acústicas de PA MG-2";2026;"MDO";23345;21490,06;;1854,94;1854,94;-1,3642420526593924E-12
"PLAT. DE CAPTAÇÃO E PRODUÇÃO";"roberta.mesquita@g.globo";"Caixas Acústicas de PA MG-2";2026;"INSTALAÇÃO";0;;;0;;0
"PLAT. DE CAPTAÇÃO E PRODUÇÃO";"roberta.mesquita@g.globo";"Caixas Acústicas de PA MG-2";2026;"SOLUÇÃO";33125,6;1386,6;;31739;;31739
"PLAT. DE CAPTAÇÃO E PRODUÇÃO";"roberta.mesquita@g.globo";"Caixas Acústicas de PA MG-2";2026;"RESERVA";0;;;0;;0
"PLAT. DE CAPTAÇÃO E PRODUÇÃO";"roberta.mesquita@g.globo";"Caixas Acústicas de PA MG-2";2027;"SOLUÇÃO";0;;;0;;0
"PLAT. DE CAPTAÇÃO E PRODUÇÃO";"roberta.mesquita@g.globo";"Caixas Acústicas de PA MG-2";2027;"INSTALAÇÃO";0;;;0;;0
"PLAT. DE CAPTAÇÃO E PRODUÇÃO";"roberta.mesquita@g.globo";"Caixas Acústicas de PA MG-2";2027;"RESERVA";0;;;0;;0
"PLAT. DE CAPTAÇÃO E PRODUÇÃO";"roberta.mesquita@g.globo";"Caixas Acústicas de PA MG-2";2027;"MDO";0;;;0;1854,94;-1854,94
"PLAT. DE CAPTAÇÃO E PRODUÇÃO";"roberta.mesquita@g.globo";"Comunicação Operacional - Obs. crítica BH, BSA e REC";2026;"RESERVA";0;;;0;;0
"PLAT. DE CAPTAÇÃO E PRODUÇÃO";"roberta.mesquita@g.globo";"Comunicação Operacional - Obs. crítica BH, BSA e REC";2026;"INSTALAÇÃO";0;;;0;62,97;-62,97
"PLAT. DE CAPTAÇÃO E PRODUÇÃO";"roberta.mesquita@g.globo";"Comunicação Operacional - Obs. crítica BH, BSA e REC";2026;"SOLUÇÃO";1017674,2;735371,66;;282302,54;185247,75;97054,789999999921
"PLAT. DE CAPTAÇÃO E PRODUÇÃO";"roberta.mesquita@g.globo";"Comunicação Operacional - Obs. crítica BH, BSA e REC";2026;"MDO";77388,56;34119,47;;43269,09;41026;2243,0899999999965
"PLAT. DE CAPTAÇÃO E PRODUÇÃO";"roberta.mesquita@g.globo";"Comunicação Operacional - Obs. crítica BH, BSA e REC";2027;"MDO";0;;;0;41026;-41026
"PLAT. DE CAPTAÇÃO E PRODUÇÃO";"roberta.mesquita@g.globo";"Comunicação Operacional - Obs. crítica BH, BSA e REC";2027;"RESERVA";0;;;0;;0
"PLAT. DE CAPTAÇÃO E PRODUÇÃO";"roberta.mesquita@g.globo";"Comunicação Operacional - Obs. crítica BH, BSA e REC";2027;"INSTALAÇÃO";0;;;0;62,97;-62,97
"PLAT. DE CAPTAÇÃO E PRODUÇÃO";"roberta.mesquita@g.globo";"Comunicação Operacional - Obs. crítica BH, BSA e REC";2027;"SOLUÇÃO";0;;;0;185247,75;-185247,75
"PLAT. DE CAPTAÇÃO E PRODUÇÃO";"roberta.mesquita@g.globo";"Controles JB Obsolescência – Mixer Controle 3 JB";2026;"RESERVA";0;;;0;;0
"PLAT. DE CAPTAÇÃO E PRODUÇÃO";"roberta.mesquita@g.globo";"Controles JB Obsolescência – Mixer Controle 3 JB";2026;"INSTALAÇÃO";0;;;0;;0
"PLAT. DE CAPTAÇÃO E PRODUÇÃO";"roberta.mesquita@g.globo";"Controles JB Obsolescência – Mixer Controle 3 JB";2026;"SOLUÇÃO";4260703,68;4045052,4100000011;64832,92;150818,35;99336,58;51481,769999999626
"PLAT. DE CAPTAÇÃO E PRODUÇÃO";"roberta.mesquita@g.globo";"Controles JB Obsolescência – Mixer Controle 3 JB";2026;"MDO";0;;;0;;0
"PLAT. DE CAPTAÇÃO E PRODUÇÃO";"roberta.mesquita@g.globo";"Controles JB Obsolescência – Mixer Controle 3 JB";2027;"MDO";0;;;0;;0
"PLAT. DE CAPTAÇÃO E PRODUÇÃO";"roberta.mesquita@g.globo";"Controles JB Obsolescência – Mixer Controle 3 JB";2027;"SOLUÇÃO";0;;;0;99336,58;-99336,58
"PLAT. DE CAPTAÇÃO E PRODUÇÃO";"roberta.mesquita@g.globo";"Controles JB Obsolescência – Mixer Controle 3 JB";2027;"RESERVA";0;;;0;;0
"PLAT. DE CAPTAÇÃO E PRODUÇÃO";"roberta.mesquita@g.globo";"Controles JB Obsolescência – Mixer Controle 3 JB";2027;"INSTALAÇÃO";0;;;0;;0
"PLAT. DE CAPTAÇÃO E PRODUÇÃO";"roberta.mesquita@g.globo";"ESPORTE+ Solução de auto Mix AI";2026;"MDO";0;;;0;;0
"PLAT. DE CAPTAÇÃO E PRODUÇÃO";"roberta.mesquita@g.globo";"ESPORTE+ Solução de auto Mix AI";2026;"INSTALAÇÃO";0;;;0;;0
"PLAT. DE CAPTAÇÃO E PRODUÇÃO";"roberta.mesquita@g.globo";"ESPORTE+ Solução de auto Mix AI";2026;"RESERVA";0;;;0;;0
"PLAT. DE CAPTAÇÃO E PRODUÇÃO";"roberta.mesquita@g.globo";"ESPORTE+ Solução de auto Mix AI";2026;"SOLUÇÃO";60692,12;54231,12;;6461;;6461
"PLAT. DE CAPTAÇÃO E PRODUÇÃO";"roberta.mesquita@g.globo";"ESPORTE+ Solução de auto Mix AI";2027;"INSTALAÇÃO";0;;;0;;0
"PLAT. DE CAPTAÇÃO E PRODUÇÃO";"roberta.mesquita@g.globo";"ESPORTE+ Solução de auto Mix AI";2027;"SOLUÇÃO";0;;;0;;0
"PLAT. DE CAPTAÇÃO E PRODUÇÃO";"roberta.mesquita@g.globo";"ESPORTE+ Solução de auto Mix AI";2027;"RESERVA";0;;;0;;0
"PLAT. DE CAPTAÇÃO E PRODUÇÃO";"roberta.mesquita@g.globo";"ESPORTE+ Solução de auto Mix AI";2027;"MDO";0;;;0;;0
"PLAT. DE CAPTAÇÃO E PRODUÇÃO";"roberta.mesquita@g.globo";"MG1 - Fase 2";2026;"SOLUÇÃO";;;;;7248;-7248
"PLAT. DE CAPTAÇÃO E PRODUÇÃO";"roberta.mesquita@g.globo";"MG1 - Fase 2";2027;"SOLUÇÃO";;;;;7248;-7248
"PLAT. DE CAPTAÇÃO E PRODUÇÃO";"roberta.mesquita@g.globo";"Obs Comunicação Operacional - BH";2026;"INSTALAÇÃO";0;;;0;;0
"PLAT. DE CAPTAÇÃO E PRODUÇÃO";"roberta.mesquita@g.globo";"Obs Comunicação Operacional - BH";2026;"SOLUÇÃO";394654,34;32790,28;138878,46;222985,6;310630,52;-87644,919999999984
"PLAT. DE CAPTAÇÃO E PRODUÇÃO";"roberta.mesquita@g.globo";"Obs Comunicação Operacional - BH";2026;"RESERVA";0;;;0;;0
"PLAT. DE CAPTAÇÃO E PRODUÇÃO";"roberta.mesquita@g.globo";"Obs Comunicação Operacional - BH";2026;"MDO";121029;;;121029;;121029
"PLAT. DE CAPTAÇÃO E PRODUÇÃO";"roberta.mesquita@g.globo";"Obs Comunicação Operacional - BH";2027;"INSTALAÇÃO";0;;;0;;0
"PLAT. DE CAPTAÇÃO E PRODUÇÃO";"roberta.mesquita@g.globo";"Obs Comunicação Operacional - BH";2027;"SOLUÇÃO";355683;;;355683;310630,52;45052,479999999981
"PLAT. DE CAPTAÇÃO E PRODUÇÃO";"roberta.mesquita@g.globo";"Obs Comunicação Operacional - BH";2027;"MDO";0;;;0;;0
"PLAT. DE CAPTAÇÃO E PRODUÇÃO";"roberta.mesquita@g.globo";"Obs Comunicação Operacional - BH";2027;"RESERVA";0;;;0;;0
"PLAT. DE CAPTAÇÃO E PRODUÇÃO";"roberta.mesquita@g.globo";"Obs Comunicação Operacional - JB";2026;"MDO";98805,999999999985;97071,22;;1734,78;1734,78;-1,5688783605583012E-11
"PLAT. DE CAPTAÇÃO E PRODUÇÃO";"roberta.mesquita@g.globo";"Obs Comunicação Operacional - JB";2026;"SOLUÇÃO";256877;;;256877;144450,34999999998;112426,65000000002
"PLAT. DE CAPTAÇÃO E PRODUÇÃO";"roberta.mesquita@g.globo";"Obs Comunicação Operacional - JB";2026;"RESERVA";0;;;0;;0
"PLAT. DE CAPTAÇÃO E PRODUÇÃO";"roberta.mesquita@g.globo";"Obs Comunicação Operacional - JB";2026;"INSTALAÇÃO";0;;;0;;0
"PLAT. DE CAPTAÇÃO E PRODUÇÃO";"roberta.mesquita@g.globo";"Obs Comunicação Operacional - JB";2027;"RESERVA";0;;;0;;0
"PLAT. DE CAPTAÇÃO E PRODUÇÃO";"roberta.mesquita@g.globo";"Obs Comunicação Operacional - JB";2027;"SOLUÇÃO";355683,33;;;355683,33;144450,34999999998;211232,98000000004
"PLAT. DE CAPTAÇÃO E PRODUÇÃO";"roberta.mesquita@g.globo";"Obs Comunicação Operacional - JB";2027;"INSTALAÇÃO";0;;;0;;0
"PLAT. DE CAPTAÇÃO E PRODUÇÃO";"roberta.mesquita@g.globo";"Obs Comunicação Operacional - JB";2027;"MDO";0;;;0;1734,78;-1734,78
"PLAT. DE CAPTAÇÃO E PRODUÇÃO";"roberta.mesquita@g.globo";"Obs Comunicação Operacional - SP";2026;"SOLUÇÃO";1202928;;;1202928;1080605,05;122322,94999999995
"PLAT. DE CAPTAÇÃO E PRODUÇÃO";"roberta.mesquita@g.globo";"Obs Comunicação Operacional - SP";2026;"RESERVA";0;;;0;;0
"PLAT. DE CAPTAÇÃO E PRODUÇÃO";"roberta.mesquita@g.globo";"Obs Comunicação Operacional - SP";2026;"MDO";76583;76583;;0;;0
"PLAT. DE CAPTAÇÃO E PRODUÇÃO";"roberta.mesquita@g.globo";"Obs Comunicação Operacional - SP";2026;"INSTALAÇÃO";0;;;0;;0
"PLAT. DE CAPTAÇÃO E PRODUÇÃO";"roberta.mesquita@g.globo";"Obs Comunicação Operacional - SP";2027;"SOLUÇÃO";355732;;;355732;1080605,05;-724873,05
"PLAT. DE CAPTAÇÃO E PRODUÇÃO";"roberta.mesquita@g.globo";"Obs Comunicação Operacional - SP";2027;"MDO";0;;;0;;0
"PLAT. DE CAPTAÇÃO E PRODUÇÃO";"roberta.mesquita@g.globo";"Obs Comunicação Operacional - SP";2027;"RESERVA";0;;;0;;0
"PLAT. DE CAPTAÇÃO E PRODUÇÃO";"roberta.mesquita@g.globo";"Obs Comunicação Operacional - SP";2027;"INSTALAÇÃO";0;;;0;;0
"PLAT. DE CAPTAÇÃO E PRODUÇÃO";"roberta.mesquita@g.globo";"Obsolescência - Audio Mixer - Linha de Show";2026;"SOLUÇÃO";;;;;0;0
"PLAT. DE CAPTAÇÃO E PRODUÇÃO";"roberta.mesquita@g.globo";"Obsolescência - Audio Mixer - Linha de Show";2026;"MDO";;;;;0;0
"PLAT. DE CAPTAÇÃO E PRODUÇÃO";"roberta.mesquita@g.globo";"Obsolescência - Audio Mixer - Linha de Show";2027;"MDO";;;;;0;0
"PLAT. DE CAPTAÇÃO E PRODUÇÃO";"roberta.mesquita@g.globo";"Obsolescência - Audio Mixer - Linha de Show";2027;"SOLUÇÃO";;;;;0;0
"PLAT. DE CAPTAÇÃO E PRODUÇÃO";"roberta.mesquita@g.globo";"Obsolescência - Microfone Sem fio e Paineis de Comunicação";2026;"INSTALAÇÃO";0;;;0;;0
"PLAT. DE CAPTAÇÃO E PRODUÇÃO";"roberta.mesquita@g.globo";"Obsolescência - Microfone Sem fio e Paineis de Comunicação";2026;"SOLUÇÃO";2202349,83;527174,67;20621,05;1654554,11;1444806,45;209747,66000000015
"PLAT. DE CAPTAÇÃO E PRODUÇÃO";"roberta.mesquita@g.globo";"Obsolescência - Microfone Sem fio e Paineis de Comunicação";2026;"RESERVA";0;;;0;;0
"PLAT. DE CAPTAÇÃO E PRODUÇÃO";"roberta.mesquita@g.globo";"Obsolescência - Microfone Sem fio e Paineis de Comunicação";2026;"MDO";7272,91;3766,4;;3506,51;3506,51;-4,5474735088646412E-13
"PLAT. DE CAPTAÇÃO E PRODUÇÃO";"roberta.mesquita@g.globo";"Obsolescência - Microfone Sem fio e Paineis de Comunicação";2027;"SOLUÇÃO";0;;;0;1444806,45;-1444806,45
"PLAT. DE CAPTAÇÃO E PRODUÇÃO";"roberta.mesquita@g.globo";"Obsolescência - Microfone Sem fio e Paineis de Comunicação";2027;"MDO";0;;;0;3506,51;-3506,51
"PLAT. DE CAPTAÇÃO E PRODUÇÃO";"roberta.mesquita@g.globo";"Obsolescência - Microfone Sem fio e Paineis de Comunicação";2027;"INSTALAÇÃO";0;;;0;;0
"PLAT. DE CAPTAÇÃO E PRODUÇÃO";"roberta.mesquita@g.globo";"Obsolescência - Microfone Sem fio e Paineis de Comunicação";2027;"RESERVA";0;;;0;;0
"PLAT. DE CAPTAÇÃO E PRODUÇÃO";"roberta.mesquita@g.globo";"Obsolescencia - Mixer Fantastico";2026;"RESERVA";0;;;0;;0
"PLAT. DE CAPTAÇÃO E PRODUÇÃO";"roberta.mesquita@g.globo";"Obsolescencia - Mixer Fantastico";2026;"SOLUÇÃO";0;;;0;;0
"PLAT. DE CAPTAÇÃO E PRODUÇÃO";"roberta.mesquita@g.globo";"Obsolescencia - Mixer Fantastico";2026;"INSTALAÇÃO";0;;;0;;0
"PLAT. DE CAPTAÇÃO E PRODUÇÃO";"roberta.mesquita@g.globo";"Obsolescencia - Mixer Fantastico";2026;"MDO";103000,5;70700,86;;32299,64;121400,14;-89100,5
"PLAT. DE CAPTAÇÃO E PRODUÇÃO";"roberta.mesquita@g.globo";"Obsolescencia - Mixer Fantastico";2027;"SOLUÇÃO";0;;;0;;0
"PLAT. DE CAPTAÇÃO E PRODUÇÃO";"roberta.mesquita@g.globo";"Obsolescencia - Mixer Fantastico";2027;"MDO";0;;;0;121400,14;-121400,14
"PLAT. DE CAPTAÇÃO E PRODUÇÃO";"roberta.mesquita@g.globo";"Obsolescencia - Mixer Fantastico";2027;"INSTALAÇÃO";0;;;0;;0
"PLAT. DE CAPTAÇÃO E PRODUÇÃO";"roberta.mesquita@g.globo";"Obsolescencia - Mixer Fantastico";2027;"RESERVA";0;;;0;;0
"PLAT. DE CAPTAÇÃO E PRODUÇÃO";"roberta.mesquita@g.globo";"Obsolescência Comunicação Operacional - ION, BH e REC";2026;"RESERVA";;;;;73,87;-73,87
"PLAT. DE CAPTAÇÃO E PRODUÇÃO";"roberta.mesquita@g.globo";"Obsolescência Comunicação Operacional - ION, BH e REC";2026;"SOLUÇÃO";;;;;0,26;-0,26
"PLAT. DE CAPTAÇÃO E PRODUÇÃO";"roberta.mesquita@g.globo";"Obsolescência Comunicação Operacional - ION, BH e REC";2027;"SOLUÇÃO";;;;;0,26;-0,26
"PLAT. DE CAPTAÇÃO E PRODUÇÃO";"roberta.mesquita@g.globo";"Obsolescência Comunicação Operacional - ION, BH e REC";2027;"RESERVA";;;;;73,87;-73,87
"PLAT. DE CAPTAÇÃO E PRODUÇÃO";"roberta.mesquita@g.globo";"Obsolescência Crítica kits microfone";2026;"RESERVA";0;;;0;;0
"PLAT. DE CAPTAÇÃO E PRODUÇÃO";"roberta.mesquita@g.globo";"Obsolescência Crítica kits microfone";2026;"MDO";33452;22792,92;;10659,08;10659,08;1,8189894035458565E-12
"PLAT. DE CAPTAÇÃO E PRODUÇÃO";"roberta.mesquita@g.globo";"Obsolescência Crítica kits microfone";2026;"INSTALAÇÃO";0;;;0;;0
"PLAT. DE CAPTAÇÃO E PRODUÇÃO";"roberta.mesquita@g.globo";"Obsolescência Crítica kits microfone";2026;"SOLUÇÃO";350647,51;327296,51;17476,92;5874,08;;5874,0800000000163
"PLAT. DE CAPTAÇÃO E PRODUÇÃO";"roberta.mesquita@g.globo";"Obsolescência Crítica kits microfone";2027;"INSTALAÇÃO";0;;;0;;0
"PLAT. DE CAPTAÇÃO E PRODUÇÃO";"roberta.mesquita@g.globo";"Obsolescência Crítica kits microfone";2027;"RESERVA";0;;;0;;0
"PLAT. DE CAPTAÇÃO E PRODUÇÃO";"roberta.mesquita@g.globo";"Obsolescência Crítica kits microfone";2027;"MDO";0;;;0;10659,08;-10659,08
"PLAT. DE CAPTAÇÃO E PRODUÇÃO";"roberta.mesquita@g.globo";"Obsolescência Crítica kits microfone";2027;"SOLUÇÃO";0;;;0;;0
"PLAT. DE CAPTAÇÃO E PRODUÇÃO";"roberta.mesquita@g.globo";"Obsolescência Crítica Sist. Áudio - JB, SP e MG-2";2026;"RESERVA";81,69;;;81,69;81,69;0
"PLAT. DE CAPTAÇÃO E PRODUÇÃO";"roberta.mesquita@g.globo";"Obsolescência Crítica Sist. Áudio - JB, SP e MG-2";2026;"MDO";0;;;0;;0
"PLAT. DE CAPTAÇÃO E PRODUÇÃO";"roberta.mesquita@g.globo";"Obsolescência Crítica Sist. Áudio - JB, SP e MG-2";2026;"SOLUÇÃO";120895,82;60665,16;;60230,66;164519,09999999998;-104288,43999999997
"PLAT. DE CAPTAÇÃO E PRODUÇÃO";"roberta.mesquita@g.globo";"Obsolescência Crítica Sist. Áudio - JB, SP e MG-2";2026;"INSTALAÇÃO";0;;;0;;0
"PLAT. DE CAPTAÇÃO E PRODUÇÃO";"roberta.mesquita@g.globo";"Obsolescência Crítica Sist. Áudio - JB, SP e MG-2";2027;"SOLUÇÃO";0;;;0;164519,09999999998;-164519,09999999998
"PLAT. DE CAPTAÇÃO E PRODUÇÃO";"roberta.mesquita@g.globo";"Obsolescência Crítica Sist. Áudio - JB, SP e MG-2";2027;"MDO";0;;;0;;0
"PLAT. DE CAPTAÇÃO E PRODUÇÃO";"roberta.mesquita@g.globo";"Obsolescência Crítica Sist. Áudio - JB, SP e MG-2";2027;"INSTALAÇÃO";0;;;0;;0
"PLAT. DE CAPTAÇÃO E PRODUÇÃO";"roberta.mesquita@g.globo";"Obsolescência Crítica Sist. Áudio - JB, SP e MG-2";2027;"RESERVA";0;;;0;81,69;-81,69
"PLAT. DE CAPTAÇÃO E PRODUÇÃO";"roberta.mesquita@g.globo";"Obsolescencia Gravadores Multipista MG1";2026;"INSTALAÇÃO";0;;;0;;0
"PLAT. DE CAPTAÇÃO E PRODUÇÃO";"roberta.mesquita@g.globo";"Obsolescencia Gravadores Multipista MG1";2026;"RESERVA";0;;;0;;0
"PLAT. DE CAPTAÇÃO E PRODUÇÃO";"roberta.mesquita@g.globo";"Obsolescencia Gravadores Multipista MG1";2026;"MDO";123000;31000;;92000;82992;9008
"PLAT. DE CAPTAÇÃO E PRODUÇÃO";"roberta.mesquita@g.globo";"Obsolescencia Gravadores Multipista MG1";2026;"SOLUÇÃO";9008,3;7954,3;;1054;2540,96;-1486,9600000000009
"PLAT. DE CAPTAÇÃO E PRODUÇÃO";"roberta.mesquita@g.globo";"Obsolescencia Gravadores Multipista MG1";2027;"INSTALAÇÃO";0;;;0;;0
"PLAT. DE CAPTAÇÃO E PRODUÇÃO";"roberta.mesquita@g.globo";"Obsolescencia Gravadores Multipista MG1";2027;"MDO";0;;;0;82992;-82992
"PLAT. DE CAPTAÇÃO E PRODUÇÃO";"roberta.mesquita@g.globo";"Obsolescencia Gravadores Multipista MG1";2027;"RESERVA";0;;;0;;0
"PLAT. DE CAPTAÇÃO E PRODUÇÃO";"roberta.mesquita@g.globo";"Obsolescencia Gravadores Multipista MG1";2027;"SOLUÇÃO";677440;;;677440;2540,96;674899,04
"PLAT. DE CAPTAÇÃO E PRODUÇÃO";"roberta.mesquita@g.globo";"Obsolescencia Gravadores Multipista MG4";2026;"RESERVA";0;;;0;;0
"PLAT. DE CAPTAÇÃO E PRODUÇÃO";"roberta.mesquita@g.globo";"Obsolescencia Gravadores Multipista MG4";2026;"MDO";0;;;0;;0
"PLAT. DE CAPTAÇÃO E PRODUÇÃO";"roberta.mesquita@g.globo";"Obsolescencia Gravadores Multipista MG4";2026;"SOLUÇÃO";0;;;0;;0
"PLAT. DE CAPTAÇÃO E PRODUÇÃO";"roberta.mesquita@g.globo";"Obsolescencia Gravadores Multipista MG4";2026;"INSTALAÇÃO";0;;;0;;0
"PLAT. DE CAPTAÇÃO E PRODUÇÃO";"roberta.mesquita@g.globo";"Obsolescencia Gravadores Multipista MG4";2027;"INSTALAÇÃO";0;;;0;;0
"PLAT. DE CAPTAÇÃO E PRODUÇÃO";"roberta.mesquita@g.globo";"Obsolescencia Gravadores Multipista MG4";2027;"RESERVA";0;;;0;;0
"PLAT. DE CAPTAÇÃO E PRODUÇÃO";"roberta.mesquita@g.globo";"Obsolescencia Gravadores Multipista MG4";2027;"MDO";0;;;0;;0
"PLAT. DE CAPTAÇÃO E PRODUÇÃO";"roberta.mesquita@g.globo";"Obsolescencia Gravadores Multipista MG4";2027;"SOLUÇÃO";820700;;;820700;;820700
"PLAT. DE CAPTAÇÃO E PRODUÇÃO";"roberta.mesquita@g.globo";"Obsolescência Microfones - Fantástico";2026;"RESERVA";0;;;0;;0
"PLAT. DE CAPTAÇÃO E PRODUÇÃO";"roberta.mesquita@g.globo";"Obsolescência Microfones - Fantástico";2026;"SOLUÇÃO";32086,559999999998;;;32086,56;;32086,559999999998
"PLAT. DE CAPTAÇÃO E PRODUÇÃO";"roberta.mesquita@g.globo";"Obsolescência Microfones - Fantástico";2026;"MDO";100913;;36910,51;64002,49;64002,49;0
"PLAT. DE CAPTAÇÃO E PRODUÇÃO";"roberta.mesquita@g.globo";"Obsolescência Microfones - Fantástico";2026;"INSTALAÇÃO";0;;;0;;0
"PLAT. DE CAPTAÇÃO E PRODUÇÃO";"roberta.mesquita@g.globo";"Obsolescência Microfones - Fantástico";2027;"INSTALAÇÃO";0;;;0;;0
"PLAT. DE CAPTAÇÃO E PRODUÇÃO";"roberta.mesquita@g.globo";"Obsolescência Microfones - Fantástico";2027;"MDO";0;;;0;64002,49;-64002,49
"PLAT. DE CAPTAÇÃO E PRODUÇÃO";"roberta.mesquita@g.globo";"Obsolescência Microfones - Fantástico";2027;"RESERVA";0;;;0;;0
"PLAT. DE CAPTAÇÃO E PRODUÇÃO";"roberta.mesquita@g.globo";"Obsolescência Microfones - Fantástico";2027;"SOLUÇÃO";593534;;;593534;;593534
"PLAT. DE CAPTAÇÃO E PRODUÇÃO";"roberta.mesquita@g.globo";"Obsolescência Microfones - MG1";2026;"SOLUÇÃO";0;;;0;;0
"PLAT. DE CAPTAÇÃO E PRODUÇÃO";"roberta.mesquita@g.globo";"Obsolescência Microfones - MG1";2026;"RESERVA";0;;;0;;0
"PLAT. DE CAPTAÇÃO E PRODUÇÃO";"roberta.mesquita@g.globo";"Obsolescência Microfones - MG1";2026;"INSTALAÇÃO";0;;;0;;0
"PLAT. DE CAPTAÇÃO E PRODUÇÃO";"roberta.mesquita@g.globo";"Obsolescência Microfones - MG1";2026;"MDO";82440;1250,52;;81189,48;120095,56;-38906,08
"PLAT. DE CAPTAÇÃO E PRODUÇÃO";"roberta.mesquita@g.globo";"Obsolescência Microfones - MG1";2027;"SOLUÇÃO";0;;;0;;0
"PLAT. DE CAPTAÇÃO E PRODUÇÃO";"roberta.mesquita@g.globo";"Obsolescência Microfones - MG1";2027;"RESERVA";0;;;0;;0
"PLAT. DE CAPTAÇÃO E PRODUÇÃO";"roberta.mesquita@g.globo";"Obsolescência Microfones - MG1";2027;"MDO";0;;;0;120095,56;-120095,56
"PLAT. DE CAPTAÇÃO E PRODUÇÃO";"roberta.mesquita@g.globo";"Obsolescência Microfones - MG1";2027;"INSTALAÇÃO";0;;;0;;0
"PLAT. DE CAPTAÇÃO E PRODUÇÃO";"roberta.mesquita@g.globo";"Obsolescência Microfones - PRJ";2026;"RESERVA";0;;;0;;0
"PLAT. DE CAPTAÇÃO E PRODUÇÃO";"roberta.mesquita@g.globo";"Obsolescência Microfones - PRJ";2026;"INSTALAÇÃO";0;;;0;;0
"PLAT. DE CAPTAÇÃO E PRODUÇÃO";"roberta.mesquita@g.globo";"Obsolescência Microfones - PRJ";2026;"MDO";63957;;;63957;;63957
"PLAT. DE CAPTAÇÃO E PRODUÇÃO";"roberta.mesquita@g.globo";"Obsolescência Microfones - PRJ";2026;"SOLUÇÃO";416769,47;410057,76999999996;;6711,7;73277,4;-66565,700000000041
"PLAT. DE CAPTAÇÃO E PRODUÇÃO";"roberta.mesquita@g.globo";"Obsolescência Microfones - PRJ";2027;"SOLUÇÃO";0;;;0;73277,4;-73277,4
"PLAT. DE CAPTAÇÃO E PRODUÇÃO";"roberta.mesquita@g.globo";"Obsolescência Microfones - PRJ";2027;"RESERVA";0;;;0;;0
"PLAT. DE CAPTAÇÃO E PRODUÇÃO";"roberta.mesquita@g.globo";"Obsolescência Microfones - PRJ";2027;"MDO";0;;;0;;0
"PLAT. DE CAPTAÇÃO E PRODUÇÃO";"roberta.mesquita@g.globo";"Obsolescência Microfones - PRJ";2027;"INSTALAÇÃO";0;;;0;;0
"PLAT. DE CAPTAÇÃO E PRODUÇÃO";"roberta.mesquita@g.globo";"Produção de conteúdos MPEG-H Rio e SP";2026;"INSTALAÇÃO";0;;;0;;0
"PLAT. DE CAPTAÇÃO E PRODUÇÃO";"roberta.mesquita@g.globo";"Produção de conteúdos MPEG-H Rio e SP";2026;"RESERVA";0;;;0;;0
"PLAT. DE CAPTAÇÃO E PRODUÇÃO";"roberta.mesquita@g.globo";"Produção de conteúdos MPEG-H Rio e SP";2026;"MDO";0;;;0;128;-128
"PLAT. DE CAPTAÇÃO E PRODUÇÃO";"roberta.mesquita@g.globo";"Produção de conteúdos MPEG-H Rio e SP";2026;"SOLUÇÃO";126437,61;1747,61;;124690;52927,81;71762,19
"PLAT. DE CAPTAÇÃO E PRODUÇÃO";"roberta.mesquita@g.globo";"Produção de conteúdos MPEG-H Rio e SP";2027;"SOLUÇÃO";0;;;0;52927,81;-52927,81
"PLAT. DE CAPTAÇÃO E PRODUÇÃO";"roberta.mesquita@g.globo";"Produção de conteúdos MPEG-H Rio e SP";2027;"RESERVA";0;;;0;;0
"PLAT. DE CAPTAÇÃO E PRODUÇÃO";"roberta.mesquita@g.globo";"Produção de conteúdos MPEG-H Rio e SP";2027;"MDO";0;;;0;128;-128
"PLAT. DE CAPTAÇÃO E PRODUÇÃO";"roberta.mesquita@g.globo";"Produção de conteúdos MPEG-H Rio e SP";2027;"INSTALAÇÃO";0;;;0;;0
"PLAT. DE CAPTAÇÃO E PRODUÇÃO";"roberta.mesquita@g.globo";"Roadmap Controles - Obsolescência Audio Mixer";2026;"SOLUÇÃO";3657282,48;236772,86000000002;162930,24;3257579,38;2981945,0400000005;275634,33999999939
"PLAT. DE CAPTAÇÃO E PRODUÇÃO";"roberta.mesquita@g.globo";"Roadmap Controles - Obsolescência Audio Mixer";2026;"MDO";0;;;0;0;0
"PLAT. DE CAPTAÇÃO E PRODUÇÃO";"roberta.mesquita@g.globo";"Roadmap Controles - Obsolescência Audio Mixer";2026;"INSTALAÇÃO";0;;;0;;0
"PLAT. DE CAPTAÇÃO E PRODUÇÃO";"roberta.mesquita@g.globo";"Roadmap Controles - Obsolescência Audio Mixer";2026;"RESERVA";0;;;0;;0
"PLAT. DE CAPTAÇÃO E PRODUÇÃO";"roberta.mesquita@g.globo";"Roadmap Controles - Obsolescência Audio Mixer";2027;"RESERVA";0;;;0;;0
"PLAT. DE CAPTAÇÃO E PRODUÇÃO";"roberta.mesquita@g.globo";"Roadmap Controles - Obsolescência Audio Mixer";2027;"MDO";0;;;0;0;0
"PLAT. DE CAPTAÇÃO E PRODUÇÃO";"roberta.mesquita@g.globo";"Roadmap Controles - Obsolescência Audio Mixer";2027;"SOLUÇÃO";0;;;0;2981945,0400000005;-2981945,0400000005
"PLAT. DE CAPTAÇÃO E PRODUÇÃO";"roberta.mesquita@g.globo";"Roadmap Controles - Obsolescência Audio Mixer";2027;"INSTALAÇÃO";0;;;0;;0
"PLAT. DE CAPTAÇÃO E PRODUÇÃO";"rodrigo.candido.andrade@g.globo";"UPR – Unidade de Produção Remota";2026;"INSTALAÇÃO";0;;;0;0;0
"PLAT. DE CAPTAÇÃO E PRODUÇÃO";"rodrigo.candido.andrade@g.globo";"UPR – Unidade de Produção Remota";2026;"RESERVA";0;;;0;;0
"PLAT. DE CAPTAÇÃO E PRODUÇÃO";"rodrigo.candido.andrade@g.globo";"UPR – Unidade de Produção Remota";2026;"MDO";0;;;0;;0
"PLAT. DE CAPTAÇÃO E PRODUÇÃO";"rodrigo.candido.andrade@g.globo";"UPR – Unidade de Produção Remota";2026;"SOLUÇÃO";144992,52;144992,52;;0;7537,07;-7537,07
"PLAT. DE CAPTAÇÃO E PRODUÇÃO";"rodrigo.candido.andrade@g.globo";"UPR – Unidade de Produção Remota";2027;"INSTALAÇÃO";0;;;0;0;0
"PLAT. DE CAPTAÇÃO E PRODUÇÃO";"rodrigo.candido.andrade@g.globo";"UPR – Unidade de Produção Remota";2027;"SOLUÇÃO";0;;;0;7537,07;-7537,07
"PLAT. DE CAPTAÇÃO E PRODUÇÃO";"rodrigo.candido.andrade@g.globo";"UPR – Unidade de Produção Remota";2027;"RESERVA";0;;;0;;0
"PLAT. DE CAPTAÇÃO E PRODUÇÃO";"rodrigo.candido.andrade@g.globo";"UPR – Unidade de Produção Remota";2027;"MDO";0;;;0;;0
"PLAT. DE CAPTAÇÃO E PRODUÇÃO";"rodrigo.octavio@g.globo";"MVP da Orquestração do Produção Central";2026;"INSTALAÇÃO";0;;;0;7,43;-7,43
"PLAT. DE CAPTAÇÃO E PRODUÇÃO";"rodrigo.octavio@g.globo";"MVP da Orquestração do Produção Central";2026;"MDO";71984,25;71984,25;;0;;0
"PLAT. DE CAPTAÇÃO E PRODUÇÃO";"rodrigo.octavio@g.globo";"MVP da Orquestração do Produção Central";2026;"RESERVA";0;;;0;;0
"PLAT. DE CAPTAÇÃO E PRODUÇÃO";"rodrigo.octavio@g.globo";"MVP da Orquestração do Produção Central";2026;"SOLUÇÃO";724314,25;388315,22000000003;;335999,03;400775,62;-64776,589999999967
"PLAT. DE CAPTAÇÃO E PRODUÇÃO";"rodrigo.octavio@g.globo";"MVP da Orquestração do Produção Central";2027;"INSTALAÇÃO";0;;;0;7,43;-7,43
"PLAT. DE CAPTAÇÃO E PRODUÇÃO";"rodrigo.octavio@g.globo";"MVP da Orquestração do Produção Central";2027;"MDO";0;;;0;;0
"PLAT. DE CAPTAÇÃO E PRODUÇÃO";"rodrigo.octavio@g.globo";"MVP da Orquestração do Produção Central";2027;"SOLUÇÃO";0;;;0;400775,62;-400775,62
"PLAT. DE CAPTAÇÃO E PRODUÇÃO";"rodrigo.octavio@g.globo";"MVP da Orquestração do Produção Central";2027;"RESERVA";0;;;0;;0
"PLAT. DE CAPTAÇÃO E PRODUÇÃO";"rodrigo.ogura@g.globo";"Core IP BH";2026;"MDO";486841,27;118683,77;16536;351621,5;351621,23;0,27000000001862645
"PLAT. DE CAPTAÇÃO E PRODUÇÃO";"rodrigo.ogura@g.globo";"Core IP BH";2026;"RESERVA";468007,29;206554,31;173285,52;88167,46;121218,35;-33050,890000000043
"PLAT. DE CAPTAÇÃO E PRODUÇÃO";"rodrigo.ogura@g.globo";"Core IP BH";2026;"SOLUÇÃO";7288091,9;5263797,68;1646675,58;377618,64;3895451,6800000016;-3517833,040000001
"PLAT. DE CAPTAÇÃO E PRODUÇÃO";"rodrigo.ogura@g.globo";"Core IP BH";2026;"INSTALAÇÃO";391660;181220,24;138439,76;72000;;72000
"PLAT. DE CAPTAÇÃO E PRODUÇÃO";"rodrigo.ogura@g.globo";"Core IP BH";2027;"RESERVA";0;;;0;121218,35;-121218,35
"PLAT. DE CAPTAÇÃO E PRODUÇÃO";"rodrigo.ogura@g.globo";"Core IP BH";2027;"SOLUÇÃO";2366556;;;2366556;3895451,6800000016;-1528895,6800000016
"PLAT. DE CAPTAÇÃO E PRODUÇÃO";"rodrigo.ogura@g.globo";"Core IP BH";2027;"INSTALAÇÃO";0;;;0;;0
"PLAT. DE CAPTAÇÃO E PRODUÇÃO";"rodrigo.ogura@g.globo";"Core IP BH";2027;"MDO";645444;;;645444;351621,23;293822,77
"PLAT. DE CAPTAÇÃO E PRODUÇÃO";"rodrigo.ogura@g.globo";"Core IP JB - Fase 1 (50% Parque JB)";2026;"SOLUÇÃO";2557529,09;2795966,5600000005;;-238437,47;232210,34000000003;-470647,81000000023
"PLAT. DE CAPTAÇÃO E PRODUÇÃO";"rodrigo.ogura@g.globo";"Core IP JB - Fase 1 (50% Parque JB)";2026;"INSTALAÇÃO";0;;;0;;0
"PLAT. DE CAPTAÇÃO E PRODUÇÃO";"rodrigo.ogura@g.globo";"Core IP JB - Fase 1 (50% Parque JB)";2026;"MDO";209859,13;188687,37000000002;;21171,76;33469,96;-12298,19999999999
"PLAT. DE CAPTAÇÃO E PRODUÇÃO";"rodrigo.ogura@g.globo";"Core IP JB - Fase 1 (50% Parque JB)";2026;"RESERVA";9460;9460;;0;;0
"PLAT. DE CAPTAÇÃO E PRODUÇÃO";"rodrigo.ogura@g.globo";"Core IP JB - Fase 1 (50% Parque JB)";2027;"MDO";0;;;0;33469,96;-33469,96
"PLAT. DE CAPTAÇÃO E PRODUÇÃO";"rodrigo.ogura@g.globo";"Core IP JB - Fase 1 (50% Parque JB)";2027;"INSTALAÇÃO";0;;;0;;0
"PLAT. DE CAPTAÇÃO E PRODUÇÃO";"rodrigo.ogura@g.globo";"Core IP JB - Fase 1 (50% Parque JB)";2027;"RESERVA";0;;;0;;0
"PLAT. DE CAPTAÇÃO E PRODUÇÃO";"rodrigo.ogura@g.globo";"Core IP JB - Fase 1 (50% Parque JB)";2027;"SOLUÇÃO";0;;;0;232210,34000000003;-232210,34000000003
"PLAT. DE CAPTAÇÃO E PRODUÇÃO";"rodrigo.ogura@g.globo";"Core IP JB - Fase 2 de 3";2026;"RESERVA";0;;;0;;0
"PLAT. DE CAPTAÇÃO E PRODUÇÃO";"rodrigo.ogura@g.globo";"Core IP JB - Fase 2 de 3";2026;"SOLUÇÃO";4046747,86;1376935,3599999999;;2669812,5;4318829,95;-1649017,4500000002
"PLAT. DE CAPTAÇÃO E PRODUÇÃO";"rodrigo.ogura@g.globo";"Core IP JB - Fase 2 de 3";2026;"INSTALAÇÃO";638330;277271,45999999996;27693,65;333364,89;279364,89;54000
"PLAT. DE CAPTAÇÃO E PRODUÇÃO";"rodrigo.ogura@g.globo";"Core IP JB - Fase 2 de 3";2026;"MDO";949422;771660,42;56532;121229,58;121229,58;-4,3655745685100555E-11
"PLAT. DE CAPTAÇÃO E PRODUÇÃO";"rodrigo.ogura@g.globo";"Core IP JB - Fase 2 de 3";2027;"INSTALAÇÃO";0;;;0;279364,89;-279364,89
"PLAT. DE CAPTAÇÃO E PRODUÇÃO";"rodrigo.ogura@g.globo";"Core IP JB - Fase 2 de 3";2027;"RESERVA";0;;;0;;0
"PLAT. DE CAPTAÇÃO E PRODUÇÃO";"rodrigo.ogura@g.globo";"Core IP JB - Fase 2 de 3";2027;"MDO";1096977;;;1096977;121229,58;975747,42
"PLAT. DE CAPTAÇÃO E PRODUÇÃO";"rodrigo.ogura@g.globo";"Core IP JB - Fase 2 de 3";2027;"SOLUÇÃO";8394923;;;8394923;4318829,95;4076093,05
"PLAT. DE CAPTAÇÃO E PRODUÇÃO";"rodrigo.ogura@g.globo";"Georreferenciamento para o site ÍON";2026;"SOLUÇÃO";0;;;0;0;0
"PLAT. DE CAPTAÇÃO E PRODUÇÃO";"rodrigo.ogura@g.globo";"Georreferenciamento para o site ÍON";2026;"RESERVA";0;;;0;;0
"PLAT. DE CAPTAÇÃO E PRODUÇÃO";"rodrigo.ogura@g.globo";"Georreferenciamento para o site ÍON";2026;"INSTALAÇÃO";0;;;0;;0
"PLAT. DE CAPTAÇÃO E PRODUÇÃO";"rodrigo.ogura@g.globo";"Georreferenciamento para o site ÍON";2026;"MDO";0;;;0;;0
"PLAT. DE CAPTAÇÃO E PRODUÇÃO";"rodrigo.ogura@g.globo";"Georreferenciamento para o site ÍON";2027;"MDO";0;;;0;;0
"PLAT. DE CAPTAÇÃO E PRODUÇÃO";"rodrigo.ogura@g.globo";"Georreferenciamento para o site ÍON";2027;"SOLUÇÃO";0;;;0;0;0
"PLAT. DE CAPTAÇÃO E PRODUÇÃO";"rodrigo.ogura@g.globo";"Georreferenciamento para o site ÍON";2027;"INSTALAÇÃO";0;;;0;;0
"PLAT. DE CAPTAÇÃO E PRODUÇÃO";"rodrigo.ogura@g.globo";"Georreferenciamento para o site ÍON";2027;"RESERVA";0;;;0;;0
"PLAT. DE CAPTAÇÃO E PRODUÇÃO";"rodrigo.ogura@g.globo";"Georreferenciamento SP";2026;"RESERVA";0;;;0;;0
"PLAT. DE CAPTAÇÃO E PRODUÇÃO";"rodrigo.ogura@g.globo";"Georreferenciamento SP";2026;"MDO";0;;;0;;0
"PLAT. DE CAPTAÇÃO E PRODUÇÃO";"rodrigo.ogura@g.globo";"Georreferenciamento SP";2026;"INSTALAÇÃO";0;;;0;;0
"PLAT. DE CAPTAÇÃO E PRODUÇÃO";"rodrigo.ogura@g.globo";"Georreferenciamento SP";2026;"SOLUÇÃO";2553;;;2553;0;2553
"PLAT. DE CAPTAÇÃO E PRODUÇÃO";"rodrigo.ogura@g.globo";"Georreferenciamento SP";2027;"SOLUÇÃO";0;;;0;0;0
"PLAT. DE CAPTAÇÃO E PRODUÇÃO";"rodrigo.ogura@g.globo";"Georreferenciamento SP";2027;"INSTALAÇÃO";0;;;0;;0
"PLAT. DE CAPTAÇÃO E PRODUÇÃO";"rodrigo.ogura@g.globo";"Georreferenciamento SP";2027;"RESERVA";0;;;0;;0
"PLAT. DE CAPTAÇÃO E PRODUÇÃO";"rodrigo.ogura@g.globo";"Georreferenciamento SP";2027;"MDO";0;;;0;;0
"PLAT. DE CAPTAÇÃO E PRODUÇÃO";"rodrigo.ogura@g.globo";"Monitor Wall G5, Multiviewer CTL2 SP, COT CPP EG e Monitoração de Audio JB";2026;"MDO";27068,84;20256,88;;6811,96;6811,96;-9,0949470177292824E-13
"PLAT. DE CAPTAÇÃO E PRODUÇÃO";"rodrigo.ogura@g.globo";"Monitor Wall G5, Multiviewer CTL2 SP, COT CPP EG e Monitoração de Audio JB";2026;"RESERVA";0;;;0;;0
"PLAT. DE CAPTAÇÃO E PRODUÇÃO";"rodrigo.ogura@g.globo";"Monitor Wall G5, Multiviewer CTL2 SP, COT CPP EG e Monitoração de Audio JB";2026;"INSTALAÇÃO";0;;;0;;0
"PLAT. DE CAPTAÇÃO E PRODUÇÃO";"rodrigo.ogura@g.globo";"Monitor Wall G5, Multiviewer CTL2 SP, COT CPP EG e Monitoração de Audio JB";2026;"SOLUÇÃO";1229818,3599999999;1310846,5200000003;;-81028,16;34150,159999999996;-115178,32000000015
"PLAT. DE CAPTAÇÃO E PRODUÇÃO";"rodrigo.ogura@g.globo";"Monitor Wall G5, Multiviewer CTL2 SP, COT CPP EG e Monitoração de Audio JB";2027;"SOLUÇÃO";3600000;;;3600000;34150,159999999996;3565849,84
"PLAT. DE CAPTAÇÃO E PRODUÇÃO";"rodrigo.ogura@g.globo";"Monitor Wall G5, Multiviewer CTL2 SP, COT CPP EG e Monitoração de Audio JB";2027;"INSTALAÇÃO";0;;;0;;0
"PLAT. DE CAPTAÇÃO E PRODUÇÃO";"rodrigo.ogura@g.globo";"Monitor Wall G5, Multiviewer CTL2 SP, COT CPP EG e Monitoração de Audio JB";2027;"MDO";0;;;0;6811,96;-6811,96
"PLAT. DE CAPTAÇÃO E PRODUÇÃO";"rodrigo.ogura@g.globo";"Monitor Wall G5, Multiviewer CTL2 SP, COT CPP EG e Monitoração de Audio JB";2027;"RESERVA";0;;;0;;0
"PLAT. DE CAPTAÇÃO E PRODUÇÃO";"rodrigo.ogura@g.globo";"Operação Remota BSA x JB";2026;"INSTALAÇÃO";0;;;0;;0
"PLAT. DE CAPTAÇÃO E PRODUÇÃO";"rodrigo.ogura@g.globo";"Operação Remota BSA x JB";2026;"RESERVA";0;;;0;;0
"PLAT. DE CAPTAÇÃO E PRODUÇÃO";"rodrigo.ogura@g.globo";"Operação Remota BSA x JB";2026;"MDO";0;;;0;;0
"PLAT. DE CAPTAÇÃO E PRODUÇÃO";"rodrigo.ogura@g.globo";"Operação Remota BSA x JB";2026;"SOLUÇÃO";3892;;138946,57;-135054,57;10539,509999999998;-145594,08000000002
"PLAT. DE CAPTAÇÃO E PRODUÇÃO";"rodrigo.ogura@g.globo";"Operação Remota BSA x JB";2027;"INSTALAÇÃO";0;;;0;;0
"PLAT. DE CAPTAÇÃO E PRODUÇÃO";"rodrigo.ogura@g.globo";"Operação Remota BSA x JB";2027;"SOLUÇÃO";0;;;0;10539,509999999998;-10539,509999999998
"PLAT. DE CAPTAÇÃO E PRODUÇÃO";"rodrigo.ogura@g.globo";"Operação Remota BSA x JB";2027;"MDO";0;;;0;;0
"PLAT. DE CAPTAÇÃO E PRODUÇÃO";"rodrigo.ogura@g.globo";"Operação Remota BSA x JB";2027;"RESERVA";0;;;0;;0
"PLAT. DE CAPTAÇÃO E PRODUÇÃO";"rodrigo.ogura@g.globo";"Pool Recursos Controles de Eventos";2026;"SOLUÇÃO";0;;;0;4354,9699999999993;-4354,9699999999993
"PLAT. DE CAPTAÇÃO E PRODUÇÃO";"rodrigo.ogura@g.globo";"Pool Recursos Controles de Eventos";2026;"RESERVA";0;;;0;;0
"PLAT. DE CAPTAÇÃO E PRODUÇÃO";"rodrigo.ogura@g.globo";"Pool Recursos Controles de Eventos";2026;"INSTALAÇÃO";0;;;0;;0
"PLAT. DE CAPTAÇÃO E PRODUÇÃO";"rodrigo.ogura@g.globo";"Pool Recursos Controles de Eventos";2026;"MDO";0;;;0;;0
"PLAT. DE CAPTAÇÃO E PRODUÇÃO";"rodrigo.ogura@g.globo";"Pool Recursos Controles de Eventos";2027;"RESERVA";0;;;0;;0
"PLAT. DE CAPTAÇÃO E PRODUÇÃO";"rodrigo.ogura@g.globo";"Pool Recursos Controles de Eventos";2027;"MDO";0;;;0;;0
"PLAT. DE CAPTAÇÃO E PRODUÇÃO";"rodrigo.ogura@g.globo";"Pool Recursos Controles de Eventos";2027;"INSTALAÇÃO";0;;;0;;0
"PLAT. DE CAPTAÇÃO E PRODUÇÃO";"rodrigo.ogura@g.globo";"Pool Recursos Controles de Eventos";2027;"SOLUÇÃO";0;;;0;4354,9699999999993;-4354,9699999999993
"PLAT. DE CAPTAÇÃO E PRODUÇÃO";"rodrigo.ogura@g.globo";"Roadmap Controles - Obsolescência Multiviewer";2026;"RESERVA";0;;;0;;0
"PLAT. DE CAPTAÇÃO E PRODUÇÃO";"rodrigo.ogura@g.globo";"Roadmap Controles - Obsolescência Multiviewer";2026;"INSTALAÇÃO";0;;;0;;0
"PLAT. DE CAPTAÇÃO E PRODUÇÃO";"rodrigo.ogura@g.globo";"Roadmap Controles - Obsolescência Multiviewer";2026;"MDO";315;;;315;315,09;-0,089999999999974989
"PLAT. DE CAPTAÇÃO E PRODUÇÃO";"rodrigo.ogura@g.globo";"Roadmap Controles - Obsolescência Multiviewer";2026;"SOLUÇÃO";486807,76;486392,47000000003;;415,29;105172,48999999999;-104757,19999999995
"PLAT. DE CAPTAÇÃO E PRODUÇÃO";"rodrigo.ogura@g.globo";"Roadmap Controles - Obsolescência Multiviewer";2027;"INSTALAÇÃO";0;;;0;;0
"PLAT. DE CAPTAÇÃO E PRODUÇÃO";"rodrigo.ogura@g.globo";"Roadmap Controles - Obsolescência Multiviewer";2027;"SOLUÇÃO";0;;;0;105172,48999999999;-105172,48999999999
"PLAT. DE CAPTAÇÃO E PRODUÇÃO";"rodrigo.ogura@g.globo";"Roadmap Controles - Obsolescência Multiviewer";2027;"MDO";0;;;0;315,09;-315,09
"PLAT. DE CAPTAÇÃO E PRODUÇÃO";"rodrigo.ogura@g.globo";"Roadmap Controles - Obsolescência Multiviewer";2027;"RESERVA";0;;;0;;0
"PLAT. DE CAPTAÇÃO E PRODUÇÃO";"tiago.faria@g.globo";"Adequações de produção 4k";2026;"SOLUÇÃO";;;;;0;0
"PLAT. DE CAPTAÇÃO E PRODUÇÃO";"tiago.faria@g.globo";"Adequações de produção 4k";2026;"MDO";;;;;0;0
"PLAT. DE CAPTAÇÃO E PRODUÇÃO";"tiago.faria@g.globo";"Adequações de produção 4k";2027;"SOLUÇÃO";;;;;0;0
"PLAT. DE CAPTAÇÃO E PRODUÇÃO";"tiago.faria@g.globo";"Adequações de produção 4k";2027;"MDO";;;;;0;0
"PLAT. DE CAPTAÇÃO E PRODUÇÃO";"tiago.faria@g.globo";"Tecnologia Nova Sede Brasília";2026;"RESERVA";700000;;;700000;;700000
"PLAT. DE CAPTAÇÃO E PRODUÇÃO";"tiago.faria@g.globo";"Tecnologia Nova Sede Brasília";2026;"SOLUÇÃO";4029323,51;682134,83000000007;691972,6399999999;2655216,04;2852781,0999999992;-197565,05999999912
"PLAT. DE CAPTAÇÃO E PRODUÇÃO";"tiago.faria@g.globo";"Tecnologia Nova Sede Brasília";2026;"MDO";250000;54557,520000000004;118001,03;77441,45;732,96;76708,49
"PLAT. DE CAPTAÇÃO E PRODUÇÃO";"tiago.faria@g.globo";"Tecnologia Nova Sede Brasília";2026;"INSTALAÇÃO";0;;;0;;0
"PLAT. DE CAPTAÇÃO E PRODUÇÃO";"tiago.faria@g.globo";"Tecnologia Nova Sede Brasília";2027;"INSTALAÇÃO";0;;;0;;0
"PLAT. DE CAPTAÇÃO E PRODUÇÃO";"tiago.faria@g.globo";"Tecnologia Nova Sede Brasília";2027;"RESERVA";0;;;0;;0
"PLAT. DE CAPTAÇÃO E PRODUÇÃO";"tiago.faria@g.globo";"Tecnologia Nova Sede Brasília";2027;"SOLUÇÃO";21471046;;;21471046;2852781,0999999992;18618264,900000002
"PLAT. DE CAPTAÇÃO E PRODUÇÃO";"tiago.faria@g.globo";"Tecnologia Nova Sede Brasília";2027;"MDO";0;;;0;732,96;-732,96
"PLAT. DE CAPTAÇÃO E PRODUÇÃO";"victor.chagas@g.globo";"Consolidação Controles 2 E 5 Jb";2026;"SOLUÇÃO";0;;;0;0,01;-0,01
"PLAT. DE CAPTAÇÃO E PRODUÇÃO";"victor.chagas@g.globo";"Consolidação Controles 2 E 5 Jb";2026;"MDO";0;;;0;;0
"PLAT. DE CAPTAÇÃO E PRODUÇÃO";"victor.chagas@g.globo";"Consolidação Controles 2 E 5 Jb";2026;"RESERVA";0;;;0;;0
"PLAT. DE CAPTAÇÃO E PRODUÇÃO";"victor.chagas@g.globo";"Consolidação Controles 2 E 5 Jb";2026;"INSTALAÇÃO";0;;;0;;0
"PLAT. DE CAPTAÇÃO E PRODUÇÃO";"victor.chagas@g.globo";"Consolidação Controles 2 E 5 Jb";2027;"RESERVA";0;;;0;;0
"PLAT. DE CAPTAÇÃO E PRODUÇÃO";"victor.chagas@g.globo";"Consolidação Controles 2 E 5 Jb";2027;"MDO";0;;;0;;0
"PLAT. DE CAPTAÇÃO E PRODUÇÃO";"victor.chagas@g.globo";"Consolidação Controles 2 E 5 Jb";2027;"INSTALAÇÃO";0;;;0;;0
"PLAT. DE CAPTAÇÃO E PRODUÇÃO";"victor.chagas@g.globo";"Consolidação Controles 2 E 5 Jb";2027;"SOLUÇÃO";0;;;0;0,01;-0,01
"PLAT. DE CAPTAÇÃO E PRODUÇÃO";"victor.chagas@g.globo";"Conversor de norma: Obs. crítica COT SP";2026;"MDO";10057,51;2814,56;;7242,95;7242,95;9,0949470177292824E-13
"PLAT. DE CAPTAÇÃO E PRODUÇÃO";"victor.chagas@g.globo";"Conversor de norma: Obs. crítica COT SP";2026;"RESERVA";0;;;0;;0
"PLAT. DE CAPTAÇÃO E PRODUÇÃO";"victor.chagas@g.globo";"Conversor de norma: Obs. crítica COT SP";2026;"INSTALAÇÃO";0;;;0;;0
"PLAT. DE CAPTAÇÃO E PRODUÇÃO";"victor.chagas@g.globo";"Conversor de norma: Obs. crítica COT SP";2026;"SOLUÇÃO";557438,07000000007;230981,91;;326456,16;287419,42000000004;39036,739999999991
"PLAT. DE CAPTAÇÃO E PRODUÇÃO";"victor.chagas@g.globo";"Conversor de norma: Obs. crítica COT SP";2027;"RESERVA";0;;;0;;0
"PLAT. DE CAPTAÇÃO E PRODUÇÃO";"victor.chagas@g.globo";"Conversor de norma: Obs. crítica COT SP";2027;"SOLUÇÃO";0;;;0;287419,42000000004;-287419,42000000004
"PLAT. DE CAPTAÇÃO E PRODUÇÃO";"victor.chagas@g.globo";"Conversor de norma: Obs. crítica COT SP";2027;"INSTALAÇÃO";0;;;0;;0
"PLAT. DE CAPTAÇÃO E PRODUÇÃO";"victor.chagas@g.globo";"Conversor de norma: Obs. crítica COT SP";2027;"MDO";0;;;0;7242,95;-7242,95
"PLAT. DE CAPTAÇÃO E PRODUÇÃO";"victor.chagas@g.globo";"Escritório Londres";2026;"INSTALAÇÃO";0;;;0;;0
"PLAT. DE CAPTAÇÃO E PRODUÇÃO";"victor.chagas@g.globo";"Escritório Londres";2026;"SOLUÇÃO";1270000;15803,03;192840;1061356,97;448577,09000000008;612779,87999999989
"PLAT. DE CAPTAÇÃO E PRODUÇÃO";"victor.chagas@g.globo";"Escritório Londres";2026;"RESERVA";0;;;0;;0
"PLAT. DE CAPTAÇÃO E PRODUÇÃO";"victor.chagas@g.globo";"Escritório Londres";2026;"MDO";0;;;0;;0
"PLAT. DE CAPTAÇÃO E PRODUÇÃO";"victor.chagas@g.globo";"Escritório Londres";2027;"RESERVA";0;;;0;;0
"PLAT. DE CAPTAÇÃO E PRODUÇÃO";"victor.chagas@g.globo";"Escritório Londres";2027;"SOLUÇÃO";0;;;0;448577,09000000008;-448577,09000000008
"PLAT. DE CAPTAÇÃO E PRODUÇÃO";"victor.chagas@g.globo";"Escritório Londres";2027;"INSTALAÇÃO";0;;;0;;0
"PLAT. DE CAPTAÇÃO E PRODUÇÃO";"victor.chagas@g.globo";"Escritório Londres";2027;"MDO";0;;;0;;0
"PLAT. DE CAPTAÇÃO E PRODUÇÃO";"victor.chagas@g.globo";"Monitoração e Contribuição G5 - Monitor Wall EG";2026;"INSTALAÇÃO";0;;;0;;0
"PLAT. DE CAPTAÇÃO E PRODUÇÃO";"victor.chagas@g.globo";"Monitoração e Contribuição G5 - Monitor Wall EG";2026;"RESERVA";0;;;0;;0
"PLAT. DE CAPTAÇÃO E PRODUÇÃO";"victor.chagas@g.globo";"Monitoração e Contribuição G5 - Monitor Wall EG";2026;"MDO";0;;;0;;0
"PLAT. DE CAPTAÇÃO E PRODUÇÃO";"victor.chagas@g.globo";"Monitoração e Contribuição G5 - Monitor Wall EG";2026;"SOLUÇÃO";0;;;0;;0
"PLAT. DE CAPTAÇÃO E PRODUÇÃO";"victor.chagas@g.globo";"Monitoração e Contribuição G5 - Monitor Wall EG";2027;"SOLUÇÃO";222935;;;222935;;222935
"PLAT. DE CAPTAÇÃO E PRODUÇÃO";"victor.chagas@g.globo";"Monitoração e Contribuição G5 - Monitor Wall EG";2027;"MDO";35959;;;35959;;35959
"PLAT. DE CAPTAÇÃO E PRODUÇÃO";"victor.chagas@g.globo";"Monitoração e Contribuição G5 - Monitor Wall EG";2027;"RESERVA";0;;;0;;0
"PLAT. DE CAPTAÇÃO E PRODUÇÃO";"victor.chagas@g.globo";"Monitoração e Contribuição G5 - Monitor Wall EG";2027;"INSTALAÇÃO";0;;;0;;0
"PLAT. DE CAPTAÇÃO E PRODUÇÃO";"victor.chagas@g.globo";"Monitoração e Contribuição G5 - Monitor Wall ION";2026;"MDO";0;;;0;;0
"PLAT. DE CAPTAÇÃO E PRODUÇÃO";"victor.chagas@g.globo";"Monitoração e Contribuição G5 - Monitor Wall ION";2026;"INSTALAÇÃO";0;;;0;;0
"PLAT. DE CAPTAÇÃO E PRODUÇÃO";"victor.chagas@g.globo";"Monitoração e Contribuição G5 - Monitor Wall ION";2026;"SOLUÇÃO";0;;;0;;0
"PLAT. DE CAPTAÇÃO E PRODUÇÃO";"victor.chagas@g.globo";"Monitoração e Contribuição G5 - Monitor Wall ION";2026;"RESERVA";0;;;0;;0
"PLAT. DE CAPTAÇÃO E PRODUÇÃO";"victor.chagas@g.globo";"Monitoração e Contribuição G5 - Monitor Wall ION";2027;"RESERVA";0;;;0;;0
"PLAT. DE CAPTAÇÃO E PRODUÇÃO";"victor.chagas@g.globo";"Monitoração e Contribuição G5 - Monitor Wall ION";2027;"SOLUÇÃO";222931;;;222931;;222931
"PLAT. DE CAPTAÇÃO E PRODUÇÃO";"victor.chagas@g.globo";"Monitoração e Contribuição G5 - Monitor Wall ION";2027;"MDO";35959;;;35959;;35959
"PLAT. DE CAPTAÇÃO E PRODUÇÃO";"victor.chagas@g.globo";"Monitoração e Contribuição G5 - Monitor Wall ION";2027;"INSTALAÇÃO";0;;;0;;0
"PLAT. DE CAPTAÇÃO E PRODUÇÃO";"victor.chagas@g.globo";"Monitoração e Contribuição G5 - Monitor Wall JB";2026;"MDO";0;;;0;;0
"PLAT. DE CAPTAÇÃO E PRODUÇÃO";"victor.chagas@g.globo";"Monitoração e Contribuição G5 - Monitor Wall JB";2026;"INSTALAÇÃO";0;;;0;;0
"PLAT. DE CAPTAÇÃO E PRODUÇÃO";"victor.chagas@g.globo";"Monitoração e Contribuição G5 - Monitor Wall JB";2026;"RESERVA";0;;;0;;0
"PLAT. DE CAPTAÇÃO E PRODUÇÃO";"victor.chagas@g.globo";"Monitoração e Contribuição G5 - Monitor Wall JB";2026;"SOLUÇÃO";0;;;0;;0
"PLAT. DE CAPTAÇÃO E PRODUÇÃO";"victor.chagas@g.globo";"Monitoração e Contribuição G5 - Monitor Wall JB";2027;"INSTALAÇÃO";0;;;0;;0
"PLAT. DE CAPTAÇÃO E PRODUÇÃO";"victor.chagas@g.globo";"Monitoração e Contribuição G5 - Monitor Wall JB";2027;"MDO";35959;;;35959;;35959
"PLAT. DE CAPTAÇÃO E PRODUÇÃO";"victor.chagas@g.globo";"Monitoração e Contribuição G5 - Monitor Wall JB";2027;"RESERVA";0;;;0;;0
"PLAT. DE CAPTAÇÃO E PRODUÇÃO";"victor.chagas@g.globo";"Monitoração e Contribuição G5 - Monitor Wall JB";2027;"SOLUÇÃO";222931;;;222931;;222931
"PLAT. DE CAPTAÇÃO E PRODUÇÃO";"victor.chagas@g.globo";"Monitoração e Contribuição G5 - Monitor Wall SP";2026;"INSTALAÇÃO";0;;;0;;0
"PLAT. DE CAPTAÇÃO E PRODUÇÃO";"victor.chagas@g.globo";"Monitoração e Contribuição G5 - Monitor Wall SP";2026;"MDO";0;;;0;;0
"PLAT. DE CAPTAÇÃO E PRODUÇÃO";"victor.chagas@g.globo";"Monitoração e Contribuição G5 - Monitor Wall SP";2026;"SOLUÇÃO";0;;;0;;0
"PLAT. DE CAPTAÇÃO E PRODUÇÃO";"victor.chagas@g.globo";"Monitoração e Contribuição G5 - Monitor Wall SP";2026;"RESERVA";0;;;0;;0
"PLAT. DE CAPTAÇÃO E PRODUÇÃO";"victor.chagas@g.globo";"Monitoração e Contribuição G5 - Monitor Wall SP";2027;"MDO";35959;;;35959;;35959
"PLAT. DE CAPTAÇÃO E PRODUÇÃO";"victor.chagas@g.globo";"Monitoração e Contribuição G5 - Monitor Wall SP";2027;"RESERVA";0;;;0;;0
"PLAT. DE CAPTAÇÃO E PRODUÇÃO";"victor.chagas@g.globo";"Monitoração e Contribuição G5 - Monitor Wall SP";2027;"SOLUÇÃO";222931;;;222931;;222931
"PLAT. DE CAPTAÇÃO E PRODUÇÃO";"victor.chagas@g.globo";"Monitoração e Contribuição G5 - Monitor Wall SP";2027;"INSTALAÇÃO";0;;;0;;0
"PLAT. DE CAPTAÇÃO E PRODUÇÃO";"victor.chagas@g.globo";"Monitoração e Contribuição G5 - Skype BH";2026;"RESERVA";0;;;0;;0
"PLAT. DE CAPTAÇÃO E PRODUÇÃO";"victor.chagas@g.globo";"Monitoração e Contribuição G5 - Skype BH";2026;"MDO";36085;11053,8;;25031,2;;25031,2
"PLAT. DE CAPTAÇÃO E PRODUÇÃO";"victor.chagas@g.globo";"Monitoração e Contribuição G5 - Skype BH";2026;"INSTALAÇÃO";0;;;0;;0
"PLAT. DE CAPTAÇÃO E PRODUÇÃO";"victor.chagas@g.globo";"Monitoração e Contribuição G5 - Skype BH";2026;"SOLUÇÃO";111048;;;111048;91681,76999999999;19366,23000000001
"PLAT. DE CAPTAÇÃO E PRODUÇÃO";"victor.chagas@g.globo";"Monitoração e Contribuição G5 - Skype BH";2027;"RESERVA";0;;;0;;0
"PLAT. DE CAPTAÇÃO E PRODUÇÃO";"victor.chagas@g.globo";"Monitoração e Contribuição G5 - Skype BH";2027;"INSTALAÇÃO";0;;;0;;0
"PLAT. DE CAPTAÇÃO E PRODUÇÃO";"victor.chagas@g.globo";"Monitoração e Contribuição G5 - Skype BH";2027;"MDO";0;;;0;;0
"PLAT. DE CAPTAÇÃO E PRODUÇÃO";"victor.chagas@g.globo";"Monitoração e Contribuição G5 - Skype BH";2027;"SOLUÇÃO";0;;;0;91681,76999999999;-91681,76999999999
"PLAT. DE CAPTAÇÃO E PRODUÇÃO";"victor.chagas@g.globo";"Monitoração e Contribuição G5 - Skype BSA";2026;"INSTALAÇÃO";0;;;0;;0
"PLAT. DE CAPTAÇÃO E PRODUÇÃO";"victor.chagas@g.globo";"Monitoração e Contribuição G5 - Skype BSA";2026;"MDO";36085;36085;;0;;0
"PLAT. DE CAPTAÇÃO E PRODUÇÃO";"victor.chagas@g.globo";"Monitoração e Contribuição G5 - Skype BSA";2026;"RESERVA";0;;;0;;0
"PLAT. DE CAPTAÇÃO E PRODUÇÃO";"victor.chagas@g.globo";"Monitoração e Contribuição G5 - Skype BSA";2026;"SOLUÇÃO";111048;;;111048;92821,39;18226,61
"PLAT. DE CAPTAÇÃO E PRODUÇÃO";"victor.chagas@g.globo";"Monitoração e Contribuição G5 - Skype BSA";2027;"RESERVA";0;;;0;;0
"PLAT. DE CAPTAÇÃO E PRODUÇÃO";"victor.chagas@g.globo";"Monitoração e Contribuição G5 - Skype BSA";2027;"INSTALAÇÃO";0;;;0;;0
"PLAT. DE CAPTAÇÃO E PRODUÇÃO";"victor.chagas@g.globo";"Monitoração e Contribuição G5 - Skype BSA";2027;"MDO";0;;;0;;0
"PLAT. DE CAPTAÇÃO E PRODUÇÃO";"victor.chagas@g.globo";"Monitoração e Contribuição G5 - Skype BSA";2027;"SOLUÇÃO";0;;;0;92821,39;-92821,39
"PLAT. DE CAPTAÇÃO E PRODUÇÃO";"victor.chagas@g.globo";"Monitoração e Contribuição G5 - Skype ION";2026;"MDO";36085;35280;;805;805;0
"PLAT. DE CAPTAÇÃO E PRODUÇÃO";"victor.chagas@g.globo";"Monitoração e Contribuição G5 - Skype ION";2026;"RESERVA";0;;;0;;0
"PLAT. DE CAPTAÇÃO E PRODUÇÃO";"victor.chagas@g.globo";"Monitoração e Contribuição G5 - Skype ION";2026;"INSTALAÇÃO";0;;;0;;0
"PLAT. DE CAPTAÇÃO E PRODUÇÃO";"victor.chagas@g.globo";"Monitoração e Contribuição G5 - Skype ION";2026;"SOLUÇÃO";290343;;;290343;279200,01;11142,989999999991
"PLAT. DE CAPTAÇÃO E PRODUÇÃO";"victor.chagas@g.globo";"Monitoração e Contribuição G5 - Skype ION";2027;"MDO";0;;;0;805;-805
"PLAT. DE CAPTAÇÃO E PRODUÇÃO";"victor.chagas@g.globo";"Monitoração e Contribuição G5 - Skype ION";2027;"INSTALAÇÃO";0;;;0;;0
"PLAT. DE CAPTAÇÃO E PRODUÇÃO";"victor.chagas@g.globo";"Monitoração e Contribuição G5 - Skype ION";2027;"RESERVA";0;;;0;;0
"PLAT. DE CAPTAÇÃO E PRODUÇÃO";"victor.chagas@g.globo";"Monitoração e Contribuição G5 - Skype ION";2027;"SOLUÇÃO";0;;;0;279200,01;-279200,01
"PLAT. DE CAPTAÇÃO E PRODUÇÃO";"victor.chagas@g.globo";"Monitoração e Contribuição G5 - Skype JB";2026;"RESERVA";0;;;0;;0
"PLAT. DE CAPTAÇÃO E PRODUÇÃO";"victor.chagas@g.globo";"Monitoração e Contribuição G5 - Skype JB";2026;"SOLUÇÃO";463186,99;12299,99;;450887;385455,16;65431,840000000026
"PLAT. DE CAPTAÇÃO E PRODUÇÃO";"victor.chagas@g.globo";"Monitoração e Contribuição G5 - Skype JB";2026;"MDO";36085;;;36085;36085;0
"PLAT. DE CAPTAÇÃO E PRODUÇÃO";"victor.chagas@g.globo";"Monitoração e Contribuição G5 - Skype JB";2026;"INSTALAÇÃO";0;;;0;;0
"PLAT. DE CAPTAÇÃO E PRODUÇÃO";"victor.chagas@g.globo";"Monitoração e Contribuição G5 - Skype JB";2027;"MDO";0;;;0;36085;-36085
"PLAT. DE CAPTAÇÃO E PRODUÇÃO";"victor.chagas@g.globo";"Monitoração e Contribuição G5 - Skype JB";2027;"SOLUÇÃO";0;;;0;385455,16;-385455,16
"PLAT. DE CAPTAÇÃO E PRODUÇÃO";"victor.chagas@g.globo";"Monitoração e Contribuição G5 - Skype JB";2027;"INSTALAÇÃO";0;;;0;;0
"PLAT. DE CAPTAÇÃO E PRODUÇÃO";"victor.chagas@g.globo";"Monitoração e Contribuição G5 - Skype JB";2027;"RESERVA";0;;;0;;0
"PLAT. DE CAPTAÇÃO E PRODUÇÃO";"victor.chagas@g.globo";"Monitoração e Contribuição G5 - Skype REC";2026;"INSTALAÇÃO";0;;;0;;0
"PLAT. DE CAPTAÇÃO E PRODUÇÃO";"victor.chagas@g.globo";"Monitoração e Contribuição G5 - Skype REC";2026;"RESERVA";0;;;0;;0
"PLAT. DE CAPTAÇÃO E PRODUÇÃO";"victor.chagas@g.globo";"Monitoração e Contribuição G5 - Skype REC";2026;"MDO";36085;;;36085;36085;0
"PLAT. DE CAPTAÇÃO E PRODUÇÃO";"victor.chagas@g.globo";"Monitoração e Contribuição G5 - Skype REC";2026;"SOLUÇÃO";111048;;;111048;97488,559999999983;13559,440000000017
"PLAT. DE CAPTAÇÃO E PRODUÇÃO";"victor.chagas@g.globo";"Monitoração e Contribuição G5 - Skype REC";2027;"RESERVA";0;;;0;;0
"PLAT. DE CAPTAÇÃO E PRODUÇÃO";"victor.chagas@g.globo";"Monitoração e Contribuição G5 - Skype REC";2027;"MDO";0;;;0;36085;-36085
"PLAT. DE CAPTAÇÃO E PRODUÇÃO";"victor.chagas@g.globo";"Monitoração e Contribuição G5 - Skype REC";2027;"INSTALAÇÃO";0;;;0;;0
"PLAT. DE CAPTAÇÃO E PRODUÇÃO";"victor.chagas@g.globo";"Monitoração e Contribuição G5 - Skype REC";2027;"SOLUÇÃO";0;;;0;97488,559999999983;-97488,559999999983
"PLAT. DE CAPTAÇÃO E PRODUÇÃO";"victor.chagas@g.globo";"Monitoração e Contribuição G5 - Skype SP";2026;"RESERVA";0;;;0;;0
"PLAT. DE CAPTAÇÃO E PRODUÇÃO";"victor.chagas@g.globo";"Monitoração e Contribuição G5 - Skype SP";2026;"SOLUÇÃO";255616,52000000002;14038,52;;241578;189096,59999999998;52481,400000000052
"PLAT. DE CAPTAÇÃO E PRODUÇÃO";"victor.chagas@g.globo";"Monitoração e Contribuição G5 - Skype SP";2026;"MDO";34048,869999999995;14679,49;;19369,38;16575,51;2793,869999999999
"PLAT. DE CAPTAÇÃO E PRODUÇÃO";"victor.chagas@g.globo";"Monitoração e Contribuição G5 - Skype SP";2026;"INSTALAÇÃO";0;;;0;;0
"PLAT. DE CAPTAÇÃO E PRODUÇÃO";"victor.chagas@g.globo";"Monitoração e Contribuição G5 - Skype SP";2027;"INSTALAÇÃO";0;;;0;;0
"PLAT. DE CAPTAÇÃO E PRODUÇÃO";"victor.chagas@g.globo";"Monitoração e Contribuição G5 - Skype SP";2027;"MDO";0;;;0;16575,51;-16575,51
"PLAT. DE CAPTAÇÃO E PRODUÇÃO";"victor.chagas@g.globo";"Monitoração e Contribuição G5 - Skype SP";2027;"SOLUÇÃO";0;;;0;189096,59999999998;-189096,59999999998
"PLAT. DE CAPTAÇÃO E PRODUÇÃO";"victor.chagas@g.globo";"Monitoração e Contribuição G5 - Skype SP";2027;"RESERVA";0;;;0;;0
"PLAT. DE CAPTAÇÃO E PRODUÇÃO";"victor.chagas@g.globo";"Obsolescência - Tally";2026;"SOLUÇÃO";0;;;0;;0
"PLAT. DE CAPTAÇÃO E PRODUÇÃO";"victor.chagas@g.globo";"Obsolescência - Tally";2026;"INSTALAÇÃO";0;;;0;;0
"PLAT. DE CAPTAÇÃO E PRODUÇÃO";"victor.chagas@g.globo";"Obsolescência - Tally";2026;"MDO";0;;;0;;0
"PLAT. DE CAPTAÇÃO E PRODUÇÃO";"victor.chagas@g.globo";"Obsolescência - Tally";2026;"RESERVA";0;;;0;;0
"PLAT. DE CAPTAÇÃO E PRODUÇÃO";"victor.chagas@g.globo";"Obsolescência - Tally";2027;"MDO";0;;;0;;0
"PLAT. DE CAPTAÇÃO E PRODUÇÃO";"victor.chagas@g.globo";"Obsolescência - Tally";2027;"INSTALAÇÃO";0;;;0;;0
"PLAT. DE CAPTAÇÃO E PRODUÇÃO";"victor.chagas@g.globo";"Obsolescência - Tally";2027;"RESERVA";0;;;0;;0
"PLAT. DE CAPTAÇÃO E PRODUÇÃO";"victor.chagas@g.globo";"Obsolescência - Tally";2027;"SOLUÇÃO";0;;;0;;0
"PLAT. DE CAPTAÇÃO E PRODUÇÃO";"victor.chagas@g.globo";"Obsolescência Crítica Recife";2026;"SOLUÇÃO";;;;;24480,45;-24480,45
"PLAT. DE CAPTAÇÃO E PRODUÇÃO";"victor.chagas@g.globo";"Obsolescência Crítica Recife";2026;"RESERVA";;;;;9120,09;-9120,09
"PLAT. DE CAPTAÇÃO E PRODUÇÃO";"victor.chagas@g.globo";"Obsolescência Crítica Recife";2027;"SOLUÇÃO";;;;;24480,45;-24480,45
"PLAT. DE CAPTAÇÃO E PRODUÇÃO";"victor.chagas@g.globo";"Obsolescência Crítica Recife";2027;"RESERVA";;;;;9120,09;-9120,09
"PLAT. DE CAPTAÇÃO E PRODUÇÃO";"victor.chagas@g.globo";"Obsolescência Instant Replay JB e ION";2026;"SOLUÇÃO";0;;;0;6387,8;-6387,8
"PLAT. DE CAPTAÇÃO E PRODUÇÃO";"victor.chagas@g.globo";"Obsolescência Instant Replay JB e ION";2026;"RESERVA";0;;;0;;0
"PLAT. DE CAPTAÇÃO E PRODUÇÃO";"victor.chagas@g.globo";"Obsolescência Instant Replay JB e ION";2026;"INSTALAÇÃO";0;;;0;;0
"PLAT. DE CAPTAÇÃO E PRODUÇÃO";"victor.chagas@g.globo";"Obsolescência Instant Replay JB e ION";2026;"MDO";0;;;0;;0
"PLAT. DE CAPTAÇÃO E PRODUÇÃO";"victor.chagas@g.globo";"Obsolescência Instant Replay JB e ION";2027;"MDO";0;;;0;;0
"PLAT. DE CAPTAÇÃO E PRODUÇÃO";"victor.chagas@g.globo";"Obsolescência Instant Replay JB e ION";2027;"SOLUÇÃO";0;;;0;6387,8;-6387,8
"PLAT. DE CAPTAÇÃO E PRODUÇÃO";"victor.chagas@g.globo";"Obsolescência Instant Replay JB e ION";2027;"RESERVA";0;;;0;;0
"PLAT. DE CAPTAÇÃO E PRODUÇÃO";"victor.chagas@g.globo";"Obsolescência Instant Replay JB e ION";2027;"INSTALAÇÃO";0;;;0;;0
"PLAT. DE CAPTAÇÃO E PRODUÇÃO";"victor.chagas@g.globo";"Plataforma de Controles BH";2026;"RESERVA";0;;;0;;0
"PLAT. DE CAPTAÇÃO E PRODUÇÃO";"victor.chagas@g.globo";"Plataforma de Controles BH";2026;"SOLUÇÃO";13731966,13;7065126,5100000016;1506877,65;5159961,97;5640190,3200000022;-480228,35000000149
"PLAT. DE CAPTAÇÃO E PRODUÇÃO";"victor.chagas@g.globo";"Plataforma de Controles BH";2026;"INSTALAÇÃO";2387440;1904158,23;198132,02;285149,75;285149,75;0
"PLAT. DE CAPTAÇÃO E PRODUÇÃO";"victor.chagas@g.globo";"Plataforma de Controles BH";2026;"MDO";857510,06;814390,18;;43119,88;43119,82;0,060000000004947651
"PLAT. DE CAPTAÇÃO E PRODUÇÃO";"victor.chagas@g.globo";"Plataforma de Controles BH";2027;"SOLUÇÃO";5425202;;;5425202;5640190,3200000022;-214988,32000000216
"PLAT. DE CAPTAÇÃO E PRODUÇÃO";"victor.chagas@g.globo";"Plataforma de Controles BH";2027;"RESERVA";0;;;0;;0
"PLAT. DE CAPTAÇÃO E PRODUÇÃO";"victor.chagas@g.globo";"Plataforma de Controles BH";2027;"INSTALAÇÃO";0;;;0;285149,75;-285149,75
"PLAT. DE CAPTAÇÃO E PRODUÇÃO";"victor.chagas@g.globo";"Plataforma de Controles BH";2027;"MDO";960282;;;960282;43119,82;917162,18
"PLAT. DE CAPTAÇÃO E PRODUÇÃO";"victor.chagas@g.globo";"Plataforma de Controles BSA - Obs. Controle 1 BSA";2026;"RESERVA";0;;;0;;0
"PLAT. DE CAPTAÇÃO E PRODUÇÃO";"victor.chagas@g.globo";"Plataforma de Controles BSA - Obs. Controle 1 BSA";2026;"MDO";0;;;0;;0
"PLAT. DE CAPTAÇÃO E PRODUÇÃO";"victor.chagas@g.globo";"Plataforma de Controles BSA - Obs. Controle 1 BSA";2026;"SOLUÇÃO";0;;;0;;0
"PLAT. DE CAPTAÇÃO E PRODUÇÃO";"victor.chagas@g.globo";"Plataforma de Controles BSA - Obs. Controle 1 BSA";2026;"INSTALAÇÃO";0;;;0;;0
"PLAT. DE CAPTAÇÃO E PRODUÇÃO";"victor.chagas@g.globo";"Plataforma de Controles BSA - Obs. Controle 1 BSA";2027;"INSTALAÇÃO";0;;;0;;0
"PLAT. DE CAPTAÇÃO E PRODUÇÃO";"victor.chagas@g.globo";"Plataforma de Controles BSA - Obs. Controle 1 BSA";2027;"MDO";0;;;0;;0
"PLAT. DE CAPTAÇÃO E PRODUÇÃO";"victor.chagas@g.globo";"Plataforma de Controles BSA - Obs. Controle 1 BSA";2027;"SOLUÇÃO";0;;;0;;0
"PLAT. DE CAPTAÇÃO E PRODUÇÃO";"victor.chagas@g.globo";"Plataforma de Controles BSA - Obs. Controle 1 BSA";2027;"RESERVA";0;;;0;;0
"PLAT. DE CAPTAÇÃO E PRODUÇÃO";"victor.chagas@g.globo";"Plataforma de Controles SP - Obs. Controle 1 SP_1";2026;"MDO";379719,44;318381;;61338,44;32622,37;28716,070000000003
"PLAT. DE CAPTAÇÃO E PRODUÇÃO";"victor.chagas@g.globo";"Plataforma de Controles SP - Obs. Controle 1 SP_1";2026;"RESERVA";0;;;0;;0
"PLAT. DE CAPTAÇÃO E PRODUÇÃO";"victor.chagas@g.globo";"Plataforma de Controles SP - Obs. Controle 1 SP_1";2026;"SOLUÇÃO";1415885,08;1576945,0300000003;0;-161059,95;84887,450000000012;-245947,39999999997
"PLAT. DE CAPTAÇÃO E PRODUÇÃO";"victor.chagas@g.globo";"Plataforma de Controles SP - Obs. Controle 1 SP_1";2026;"INSTALAÇÃO";0;;;0;0;0
"PLAT. DE CAPTAÇÃO E PRODUÇÃO";"victor.chagas@g.globo";"Plataforma de Controles SP - Obs. Controle 1 SP_1";2027;"MDO";0;;;0;32622,37;-32622,37
"PLAT. DE CAPTAÇÃO E PRODUÇÃO";"victor.chagas@g.globo";"Plataforma de Controles SP - Obs. Controle 1 SP_1";2027;"INSTALAÇÃO";0;;;0;0;0
"PLAT. DE CAPTAÇÃO E PRODUÇÃO";"victor.chagas@g.globo";"Plataforma de Controles SP - Obs. Controle 1 SP_1";2027;"RESERVA";0;;;0;;0
"PLAT. DE CAPTAÇÃO E PRODUÇÃO";"victor.chagas@g.globo";"Plataforma de Controles SP - Obs. Controle 1 SP_1";2027;"SOLUÇÃO";0;;;0;84887,450000000012;-84887,450000000012
"PLAT. DE CAPTAÇÃO E PRODUÇÃO";"victor.chagas@g.globo";"Produção Futebol+ em 4K HDR";2026;"MDO";229809,05;206290,40000000002;6853,93;16664,72;16664,72;0
"PLAT. DE CAPTAÇÃO E PRODUÇÃO";"victor.chagas@g.globo";"Produção Futebol+ em 4K HDR";2026;"INSTALAÇÃO";0;;;0;;0
"PLAT. DE CAPTAÇÃO E PRODUÇÃO";"victor.chagas@g.globo";"Produção Futebol+ em 4K HDR";2026;"RESERVA";0;;;0;;0
"PLAT. DE CAPTAÇÃO E PRODUÇÃO";"victor.chagas@g.globo";"Produção Futebol+ em 4K HDR";2026;"SOLUÇÃO";14561,41;14561,41;;0;0,12;-0,12
"PLAT. DE CAPTAÇÃO E PRODUÇÃO";"victor.chagas@g.globo";"Produção Futebol+ em 4K HDR";2027;"INSTALAÇÃO";0;;;0;;0
"PLAT. DE CAPTAÇÃO E PRODUÇÃO";"victor.chagas@g.globo";"Produção Futebol+ em 4K HDR";2027;"RESERVA";0;;;0;;0
"PLAT. DE CAPTAÇÃO E PRODUÇÃO";"victor.chagas@g.globo";"Produção Futebol+ em 4K HDR";2027;"SOLUÇÃO";0;;;0;0,12;-0,12
"PLAT. DE CAPTAÇÃO E PRODUÇÃO";"victor.chagas@g.globo";"Produção Futebol+ em 4K HDR";2027;"MDO";0;;;0;16664,72;-16664,72
"PLAT. DE CAPTAÇÃO E PRODUÇÃO";"victor.chagas@g.globo";"Roadmap de Controles - MVP Central Production";2026;"SOLUÇÃO";;;;;18335,03;-18335,03
"PLAT. DE CAPTAÇÃO E PRODUÇÃO";"victor.chagas@g.globo";"Roadmap de Controles - MVP Central Production";2027;"SOLUÇÃO";;;;;18335,03;-18335,03
"PLAT. DE CAPTAÇÃO E PRODUÇÃO";"victor.chagas@g.globo";"Roadmap Instant Replay - Obsolescência";2026;"MDO";1017;;;1017;5241,9800000000014;-4224,9800000000014
"PLAT. DE CAPTAÇÃO E PRODUÇÃO";"victor.chagas@g.globo";"Roadmap Instant Replay - Obsolescência";2026;"RESERVA";0;;;0;;0
"PLAT. DE CAPTAÇÃO E PRODUÇÃO";"victor.chagas@g.globo";"Roadmap Instant Replay - Obsolescência";2026;"SOLUÇÃO";0;;;0;1455;-1455
"PLAT. DE CAPTAÇÃO E PRODUÇÃO";"victor.chagas@g.globo";"Roadmap Instant Replay - Obsolescência";2026;"INSTALAÇÃO";0;;;0;0;0
"PLAT. DE CAPTAÇÃO E PRODUÇÃO";"victor.chagas@g.globo";"Roadmap Instant Replay - Obsolescência";2027;"SOLUÇÃO";0;;;0;1455;-1455
"PLAT. DE CAPTAÇÃO E PRODUÇÃO";"victor.chagas@g.globo";"Roadmap Instant Replay - Obsolescência";2027;"MDO";0;;;0;5241,9800000000014;-5241,9800000000014
"PLAT. DE CAPTAÇÃO E PRODUÇÃO";"victor.chagas@g.globo";"Roadmap Instant Replay - Obsolescência";2027;"RESERVA";0;;;0;;0
"PLAT. DE CAPTAÇÃO E PRODUÇÃO";"victor.chagas@g.globo";"Roadmap Instant Replay - Obsolescência";2027;"INSTALAÇÃO";0;;;0;0;0
"PLAT. DE CAPTAÇÃO E PRODUÇÃO";"victor.chagas@g.globo";"Solução Tier 3 JB";2026;"INSTALAÇÃO";0;;;0;;0
"PLAT. DE CAPTAÇÃO E PRODUÇÃO";"victor.chagas@g.globo";"Solução Tier 3 JB";2026;"SOLUÇÃO";235;;;235;13721,37;-13486,37
"PLAT. DE CAPTAÇÃO E PRODUÇÃO";"victor.chagas@g.globo";"Solução Tier 3 JB";2026;"RESERVA";0;;;0;;0
"PLAT. DE CAPTAÇÃO E PRODUÇÃO";"victor.chagas@g.globo";"Solução Tier 3 JB";2026;"MDO";7111,63;;;7111,63;7111,63;0
"PLAT. DE CAPTAÇÃO E PRODUÇÃO";"victor.chagas@g.globo";"Solução Tier 3 JB";2027;"SOLUÇÃO";0;;;0;13721,37;-13721,37
"PLAT. DE CAPTAÇÃO E PRODUÇÃO";"victor.chagas@g.globo";"Solução Tier 3 JB";2027;"INSTALAÇÃO";0;;;0;;0
"PLAT. DE CAPTAÇÃO E PRODUÇÃO";"victor.chagas@g.globo";"Solução Tier 3 JB";2027;"MDO";0;;;0;7111,63;-7111,63
"PLAT. DE CAPTAÇÃO E PRODUÇÃO";"victor.chagas@g.globo";"Solução Tier 3 JB";2027;"RESERVA";0;;;0;;0
"PLAT. DE METADADOS E MÍDIAS";"adonias.melo@g.globo";"Obsolescência Ilhas Acervo (G5)";2026;"SOLUÇÃO";;;;;59685,5;-59685,5
"PLAT. DE METADADOS E MÍDIAS";"adonias.melo@g.globo";"Obsolescência Ilhas Acervo (G5)";2027;"SOLUÇÃO";;;;;59685,5;-59685,5
"PLAT. DE METADADOS E MÍDIAS";"alessandror@g.globo";"Cloudification e Evolução";2026;"SOLUÇÃO";69000;69000;;0;25443;-25443
"PLAT. DE METADADOS E MÍDIAS";"alessandror@g.globo";"Cloudification e Evolução";2026;"RESERVA";0;;;0;;0
"PLAT. DE METADADOS E MÍDIAS";"alessandror@g.globo";"Cloudification e Evolução";2026;"MDO";25443;;;25443;;25443
"PLAT. DE METADADOS E MÍDIAS";"alessandror@g.globo";"Cloudification e Evolução";2026;"INSTALAÇÃO";0;;;0;;0
"PLAT. DE METADADOS E MÍDIAS";"alessandror@g.globo";"Cloudification e Evolução";2027;"RESERVA";0;;;0;;0
"PLAT. DE METADADOS E MÍDIAS";"alessandror@g.globo";"Cloudification e Evolução";2027;"SOLUÇÃO";0;;;0;25443;-25443
"PLAT. DE METADADOS E MÍDIAS";"alessandror@g.globo";"Cloudification e Evolução";2027;"MDO";0;;;0;;0
"PLAT. DE METADADOS E MÍDIAS";"alessandror@g.globo";"Cloudification e Evolução";2027;"INSTALAÇÃO";0;;;0;;0
"PLAT. DE METADADOS E MÍDIAS";"alessandror@g.globo";"Desativação Gradeweb (migração para o Guia)";2026;"SOLUÇÃO";470000;395000;;75000;75000;0
"PLAT. DE METADADOS E MÍDIAS";"alessandror@g.globo";"Desativação Gradeweb (migração para o Guia)";2026;"INSTALAÇÃO";0;;;0;;0
"PLAT. DE METADADOS E MÍDIAS";"alessandror@g.globo";"Desativação Gradeweb (migração para o Guia)";2026;"RESERVA";0;;;0;;0
"PLAT. DE METADADOS E MÍDIAS";"alessandror@g.globo";"Desativação Gradeweb (migração para o Guia)";2026;"MDO";0;;;0;;0
"PLAT. DE METADADOS E MÍDIAS";"alessandror@g.globo";"Desativação Gradeweb (migração para o Guia)";2027;"SOLUÇÃO";0;;;0;75000;-75000
"PLAT. DE METADADOS E MÍDIAS";"alessandror@g.globo";"Desativação Gradeweb (migração para o Guia)";2027;"MDO";0;;;0;;0
"PLAT. DE METADADOS E MÍDIAS";"alessandror@g.globo";"Desativação Gradeweb (migração para o Guia)";2027;"INSTALAÇÃO";0;;;0;;0
"PLAT. DE METADADOS E MÍDIAS";"alessandror@g.globo";"Desativação Gradeweb (migração para o Guia)";2027;"RESERVA";0;;;0;;0
"PLAT. DE METADADOS E MÍDIAS";"caio.guedes@g.globo";"Globo Mídia - Integrações com Plataformas de Mídias e Dados e Evolução do UniCo";2026;"INSTALAÇÃO";0;;;0;;0
"PLAT. DE METADADOS E MÍDIAS";"caio.guedes@g.globo";"Globo Mídia - Integrações com Plataformas de Mídias e Dados e Evolução do UniCo";2026;"MDO";370501,78;370501,77999999997;;0;51096,280000000006;-51096,280000000006
"PLAT. DE METADADOS E MÍDIAS";"caio.guedes@g.globo";"Globo Mídia - Integrações com Plataformas de Mídias e Dados e Evolução do UniCo";2026;"SOLUÇÃO";2253406,36;1424724,4200000002;5298,08;823383,86;664218,73;159165,12999999989
"PLAT. DE METADADOS E MÍDIAS";"caio.guedes@g.globo";"Globo Mídia - Integrações com Plataformas de Mídias e Dados e Evolução do UniCo";2026;"RESERVA";0;;;0;;0
"PLAT. DE METADADOS E MÍDIAS";"caio.guedes@g.globo";"Globo Mídia - Integrações com Plataformas de Mídias e Dados e Evolução do UniCo";2027;"INSTALAÇÃO";0;;;0;;0
"PLAT. DE METADADOS E MÍDIAS";"caio.guedes@g.globo";"Globo Mídia - Integrações com Plataformas de Mídias e Dados e Evolução do UniCo";2027;"SOLUÇÃO";1727262;;;1727262;664218,73;1063043,27
"PLAT. DE METADADOS E MÍDIAS";"caio.guedes@g.globo";"Globo Mídia - Integrações com Plataformas de Mídias e Dados e Evolução do UniCo";2027;"RESERVA";0;;;0;;0
"PLAT. DE METADADOS E MÍDIAS";"caio.guedes@g.globo";"Globo Mídia - Integrações com Plataformas de Mídias e Dados e Evolução do UniCo";2027;"MDO";309949;;;309949;51096,280000000006;258852,72
"PLAT. DE METADADOS E MÍDIAS";"igor.almeida@g.globo";"Move to Cloud - BC Soluções Corporativas MSC";2026;"SOLUÇÃO";;;;;0;0
"PLAT. DE METADADOS E MÍDIAS";"igor.almeida@g.globo";"Move to Cloud - BC Soluções Corporativas MSC";2027;"SOLUÇÃO";;;;;0;0
"PLAT. DE METADADOS E MÍDIAS";"marcio.rocha@g.globo";"Migração dos Sistemas legados do Acervo EG";2026;"SOLUÇÃO";726660,98;433495,06;;293165,92;315310,75;-22144,830000000016
"PLAT. DE METADADOS E MÍDIAS";"marcio.rocha@g.globo";"Migração dos Sistemas legados do Acervo EG";2026;"INSTALAÇÃO";0;;;0;;0
"PLAT. DE METADADOS E MÍDIAS";"marcio.rocha@g.globo";"Migração dos Sistemas legados do Acervo EG";2026;"MDO";113339;65335,42;;48003,58;48003,58;0
"PLAT. DE METADADOS E MÍDIAS";"marcio.rocha@g.globo";"Migração dos Sistemas legados do Acervo EG";2026;"RESERVA";0;;;0;;0
"PLAT. DE METADADOS E MÍDIAS";"marcio.rocha@g.globo";"Migração dos Sistemas legados do Acervo EG";2027;"INSTALAÇÃO";0;;;0;;0
"PLAT. DE METADADOS E MÍDIAS";"marcio.rocha@g.globo";"Migração dos Sistemas legados do Acervo EG";2027;"RESERVA";0;;;0;;0
"PLAT. DE METADADOS E MÍDIAS";"marcio.rocha@g.globo";"Migração dos Sistemas legados do Acervo EG";2027;"SOLUÇÃO";0;;;0;315310,75;-315310,75
"PLAT. DE METADADOS E MÍDIAS";"marcio.rocha@g.globo";"Migração dos Sistemas legados do Acervo EG";2027;"MDO";0;;;0;48003,58;-48003,58
"PLAT. DE METADADOS E MÍDIAS";"marcio.rocha@g.globo";"Obs. Servidores ACTORs DIVA + Upgrade LTO ION";2026;"INSTALAÇÃO";0;;;0;;0
"PLAT. DE METADADOS E MÍDIAS";"marcio.rocha@g.globo";"Obs. Servidores ACTORs DIVA + Upgrade LTO ION";2026;"RESERVA";0;;;0;;0
"PLAT. DE METADADOS E MÍDIAS";"marcio.rocha@g.globo";"Obs. Servidores ACTORs DIVA + Upgrade LTO ION";2026;"SOLUÇÃO";571049,69;272811,97000000003;8859,880000000001;289377,84;30757,75;258620,08999999997
"PLAT. DE METADADOS E MÍDIAS";"marcio.rocha@g.globo";"Obs. Servidores ACTORs DIVA + Upgrade LTO ION";2026;"MDO";71984,25;60768,2;802,21;10413,84;10413,84;-3,637978807091713E-12
"PLAT. DE METADADOS E MÍDIAS";"marcio.rocha@g.globo";"Obs. Servidores ACTORs DIVA + Upgrade LTO ION";2027;"SOLUÇÃO";0;;;0;30757,75;-30757,75
"PLAT. DE METADADOS E MÍDIAS";"marcio.rocha@g.globo";"Obs. Servidores ACTORs DIVA + Upgrade LTO ION";2027;"INSTALAÇÃO";0;;;0;;0
"PLAT. DE METADADOS E MÍDIAS";"marcio.rocha@g.globo";"Obs. Servidores ACTORs DIVA + Upgrade LTO ION";2027;"MDO";0;;;0;10413,84;-10413,84
"PLAT. DE METADADOS E MÍDIAS";"marcio.rocha@g.globo";"Obs. Servidores ACTORs DIVA + Upgrade LTO ION";2027;"RESERVA";0;;;0;;0
"PLAT. DE METADADOS E MÍDIAS";"marcio.rocha@g.globo";"Obsolescência Ilhas edição Acervo";2026;"INSTALAÇÃO";0;;;0;;0
"PLAT. DE METADADOS E MÍDIAS";"marcio.rocha@g.globo";"Obsolescência Ilhas edição Acervo";2026;"RESERVA";0;;;0;;0
"PLAT. DE METADADOS E MÍDIAS";"marcio.rocha@g.globo";"Obsolescência Ilhas edição Acervo";2026;"MDO";113215;;;113215;;113215
"PLAT. DE METADADOS E MÍDIAS";"marcio.rocha@g.globo";"Obsolescência Ilhas edição Acervo";2026;"SOLUÇÃO";61374;102290;;-40916;188661,9;-229577,9
"PLAT. DE METADADOS E MÍDIAS";"marcio.rocha@g.globo";"Obsolescência Ilhas edição Acervo";2027;"RESERVA";0;;;0;;0
"PLAT. DE METADADOS E MÍDIAS";"marcio.rocha@g.globo";"Obsolescência Ilhas edição Acervo";2027;"MDO";0;;;0;;0
"PLAT. DE METADADOS E MÍDIAS";"marcio.rocha@g.globo";"Obsolescência Ilhas edição Acervo";2027;"INSTALAÇÃO";0;;;0;;0
"PLAT. DE METADADOS E MÍDIAS";"marcio.rocha@g.globo";"Obsolescência Ilhas edição Acervo";2027;"SOLUÇÃO";631411;;;631411;188661,9;442749,1
"PLAT. DE METADADOS E MÍDIAS";"marcio.rocha@g.globo";"Upgrade da Aplicação do MAM/PAM VIZRT";2026;"RESERVA";0;;;0;;0
"PLAT. DE METADADOS E MÍDIAS";"marcio.rocha@g.globo";"Upgrade da Aplicação do MAM/PAM VIZRT";2026;"INSTALAÇÃO";0;;;0;209,02;-209,02
"PLAT. DE METADADOS E MÍDIAS";"marcio.rocha@g.globo";"Upgrade da Aplicação do MAM/PAM VIZRT";2026;"SOLUÇÃO";159130,57;159130,57;;0;;0
"PLAT. DE METADADOS E MÍDIAS";"marcio.rocha@g.globo";"Upgrade da Aplicação do MAM/PAM VIZRT";2026;"MDO";0;;;0;0;0
"PLAT. DE METADADOS E MÍDIAS";"marcio.rocha@g.globo";"Upgrade da Aplicação do MAM/PAM VIZRT";2027;"SOLUÇÃO";0;;;0;;0
"PLAT. DE METADADOS E MÍDIAS";"marcio.rocha@g.globo";"Upgrade da Aplicação do MAM/PAM VIZRT";2027;"MDO";0;;;0;0;0
"PLAT. DE METADADOS E MÍDIAS";"marcio.rocha@g.globo";"Upgrade da Aplicação do MAM/PAM VIZRT";2027;"INSTALAÇÃO";0;;;0;209,02;-209,02
"PLAT. DE METADADOS E MÍDIAS";"marcio.rocha@g.globo";"Upgrade da Aplicação do MAM/PAM VIZRT";2027;"RESERVA";0;;;0;;0
"PLAT. DE METADADOS E MÍDIAS";"marcio.rocha@g.globo";"Upgrade Mecalux";2026;"MDO";183730;63860;;119870;116705;3165
"PLAT. DE METADADOS E MÍDIAS";"marcio.rocha@g.globo";"Upgrade Mecalux";2026;"RESERVA";0;;;0;;0
"PLAT. DE METADADOS E MÍDIAS";"marcio.rocha@g.globo";"Upgrade Mecalux";2026;"SOLUÇÃO";0;52407,62;;-52407,62;;-52407,62
"PLAT. DE METADADOS E MÍDIAS";"marcio.rocha@g.globo";"Upgrade Mecalux";2026;"INSTALAÇÃO";0;;;0;;0
"PLAT. DE METADADOS E MÍDIAS";"marcio.rocha@g.globo";"Upgrade Mecalux";2027;"MDO";0;;;0;116705;-116705
"PLAT. DE METADADOS E MÍDIAS";"marcio.rocha@g.globo";"Upgrade Mecalux";2027;"RESERVA";0;;;0;;0
"PLAT. DE METADADOS E MÍDIAS";"marcio.rocha@g.globo";"Upgrade Mecalux";2027;"INSTALAÇÃO";0;;;0;;0
"PLAT. DE METADADOS E MÍDIAS";"marcio.rocha@g.globo";"Upgrade Mecalux";2027;"SOLUÇÃO";1119435;;;1119435;;1119435
"PLAT. DE METADADOS E MÍDIAS";"mauricio.mascarenhas@g.globo";"Consolidação Storage Acervo Íon 2024";2026;"MDO";0;;;0;;0
"PLAT. DE METADADOS E MÍDIAS";"mauricio.mascarenhas@g.globo";"Consolidação Storage Acervo Íon 2024";2026;"INSTALAÇÃO";0;;;0;0;0
"PLAT. DE METADADOS E MÍDIAS";"mauricio.mascarenhas@g.globo";"Consolidação Storage Acervo Íon 2024";2026;"RESERVA";0;;;0;;0
"PLAT. DE METADADOS E MÍDIAS";"mauricio.mascarenhas@g.globo";"Consolidação Storage Acervo Íon 2024";2026;"SOLUÇÃO";0;;;0;784,33;-784,33
"PLAT. DE METADADOS E MÍDIAS";"mauricio.mascarenhas@g.globo";"Consolidação Storage Acervo Íon 2024";2027;"SOLUÇÃO";0;;;0;784,33;-784,33
"PLAT. DE METADADOS E MÍDIAS";"mauricio.mascarenhas@g.globo";"Consolidação Storage Acervo Íon 2024";2027;"MDO";0;;;0;;0
"PLAT. DE METADADOS E MÍDIAS";"mauricio.mascarenhas@g.globo";"Consolidação Storage Acervo Íon 2024";2027;"INSTALAÇÃO";0;;;0;0;0
"PLAT. DE METADADOS E MÍDIAS";"mauricio.mascarenhas@g.globo";"Consolidação Storage Acervo Íon 2024";2027;"RESERVA";0;;;0;;0
"PLAT. DE METADADOS E MÍDIAS";"mauricio.mascarenhas@g.globo";"Globo Midia";2026;"SOLUÇÃO";3821;89918,51;;-86097,51;;-86097,51
"PLAT. DE METADADOS E MÍDIAS";"mauricio.mascarenhas@g.globo";"Globo Midia";2026;"RESERVA";0;;;0;;0
"PLAT. DE METADADOS E MÍDIAS";"mauricio.mascarenhas@g.globo";"Globo Midia";2026;"MDO";0;;;0;398;-398
"PLAT. DE METADADOS E MÍDIAS";"mauricio.mascarenhas@g.globo";"Globo Midia";2026;"INSTALAÇÃO";0;;;0;;0
"PLAT. DE METADADOS E MÍDIAS";"mauricio.mascarenhas@g.globo";"Globo Midia";2027;"SOLUÇÃO";0;;;0;;0
"PLAT. DE METADADOS E MÍDIAS";"mauricio.mascarenhas@g.globo";"Globo Midia";2027;"MDO";0;;;0;398;-398
"PLAT. DE METADADOS E MÍDIAS";"mauricio.mascarenhas@g.globo";"Globo Midia";2027;"INSTALAÇÃO";0;;;0;;0
"PLAT. DE METADADOS E MÍDIAS";"mauricio.mascarenhas@g.globo";"Globo Midia";2027;"RESERVA";0;;;0;;0
"PLAT. DE METADADOS E MÍDIAS";"mauricio.mascarenhas@g.globo";"Obsolescência - IBMS - Hardware e Software";2026;"SOLUÇÃO";;;;;40156,8;-40156,8
"PLAT. DE METADADOS E MÍDIAS";"mauricio.mascarenhas@g.globo";"Obsolescência - IBMS - Hardware e Software";2026;"INSTALAÇÃO";;;;;0;0
"PLAT. DE METADADOS E MÍDIAS";"mauricio.mascarenhas@g.globo";"Obsolescência - IBMS - Hardware e Software";2026;"MDO";;;;;408,64000000000004;-408,64000000000004
"PLAT. DE METADADOS E MÍDIAS";"mauricio.mascarenhas@g.globo";"Obsolescência - IBMS - Hardware e Software";2027;"MDO";;;;;408,64000000000004;-408,64000000000004
"PLAT. DE METADADOS E MÍDIAS";"mauricio.mascarenhas@g.globo";"Obsolescência - IBMS - Hardware e Software";2027;"SOLUÇÃO";;;;;40156,8;-40156,8
"PLAT. DE METADADOS E MÍDIAS";"mauricio.mascarenhas@g.globo";"Obsolescência - IBMS - Hardware e Software";2027;"INSTALAÇÃO";;;;;0;0
"PLAT. DE METADADOS E MÍDIAS";"rmonteiro@g.globo";"Acervo Musical Integrado e Desativação do SOM";2026;"INSTALAÇÃO";0;;;0;;0
"PLAT. DE METADADOS E MÍDIAS";"rmonteiro@g.globo";"Acervo Musical Integrado e Desativação do SOM";2026;"MDO";59725,1;35380,1;6188,82;18156,18;18156,08;0,099999999998544808
"PLAT. DE METADADOS E MÍDIAS";"rmonteiro@g.globo";"Acervo Musical Integrado e Desativação do SOM";2026;"SOLUÇÃO";370275;;;370275;370275;0
"PLAT. DE METADADOS E MÍDIAS";"rmonteiro@g.globo";"Acervo Musical Integrado e Desativação do SOM";2026;"RESERVA";0;;;0;;0
"PLAT. DE METADADOS E MÍDIAS";"rmonteiro@g.globo";"Acervo Musical Integrado e Desativação do SOM";2027;"MDO";0;;;0;18156,08;-18156,08
"PLAT. DE METADADOS E MÍDIAS";"rmonteiro@g.globo";"Acervo Musical Integrado e Desativação do SOM";2027;"INSTALAÇÃO";0;;;0;;0
"PLAT. DE METADADOS E MÍDIAS";"rmonteiro@g.globo";"Acervo Musical Integrado e Desativação do SOM";2027;"SOLUÇÃO";0;;;0;370275;-370275
"PLAT. DE METADADOS E MÍDIAS";"rmonteiro@g.globo";"Acervo Musical Integrado e Desativação do SOM";2027;"RESERVA";0;;;0;;0
"PLAT. DE METADADOS E MÍDIAS";"rmonteiro@g.globo";"Desenvolvimento do Hub de Direitos";2026;"INSTALAÇÃO";0;;;0;;0
"PLAT. DE METADADOS E MÍDIAS";"rmonteiro@g.globo";"Desenvolvimento do Hub de Direitos";2026;"SOLUÇÃO";404719;352500;;52219;52219;0
"PLAT. DE METADADOS E MÍDIAS";"rmonteiro@g.globo";"Desenvolvimento do Hub de Direitos";2026;"RESERVA";0;;;0;;0
"PLAT. DE METADADOS E MÍDIAS";"rmonteiro@g.globo";"Desenvolvimento do Hub de Direitos";2026;"MDO";65281;45281,55;;19999,45;19999,45;-3,637978807091713E-12
"PLAT. DE METADADOS E MÍDIAS";"rmonteiro@g.globo";"Desenvolvimento do Hub de Direitos";2027;"INSTALAÇÃO";0;;;0;;0
"PLAT. DE METADADOS E MÍDIAS";"rmonteiro@g.globo";"Desenvolvimento do Hub de Direitos";2027;"SOLUÇÃO";0;;;0;52219;-52219
"PLAT. DE METADADOS E MÍDIAS";"rmonteiro@g.globo";"Desenvolvimento do Hub de Direitos";2027;"RESERVA";0;;;0;;0
"PLAT. DE METADADOS E MÍDIAS";"rmonteiro@g.globo";"Desenvolvimento do Hub de Direitos";2027;"MDO";0;;;0;19999,45;-19999,45
"PLAT. DE METADADOS E MÍDIAS";"rmonteiro@g.globo";"Nova Plataforma de Licenciamento de Conteúdos Globo";2026;"SOLUÇÃO";;;;;0;0
"PLAT. DE METADADOS E MÍDIAS";"rmonteiro@g.globo";"Nova Plataforma de Licenciamento de Conteúdos Globo";2027;"SOLUÇÃO";;;;;0;0
"PLAT. DE PÓS-PROD. E DESIGN";"";"Consolidação Storages ÍON";2026;"INSTALAÇÃO";0;;;0;;0
"PLAT. DE PÓS-PROD. E DESIGN";"";"Consolidação Storages ÍON";2026;"MDO";0;;;0;;0
"PLAT. DE PÓS-PROD. E DESIGN";"";"Consolidação Storages ÍON";2026;"RESERVA";0;;;0;;0
"PLAT. DE PÓS-PROD. E DESIGN";"";"Consolidação Storages ÍON";2026;"SOLUÇÃO";0;;;0;4263,84;-4263,84
"PLAT. DE PÓS-PROD. E DESIGN";"";"Consolidação Storages ÍON";2027;"MDO";0;;;0;;0
"PLAT. DE PÓS-PROD. E DESIGN";"";"Consolidação Storages ÍON";2027;"RESERVA";0;;;0;;0
"PLAT. DE PÓS-PROD. E DESIGN";"";"Consolidação Storages ÍON";2027;"SOLUÇÃO";0;;;0;4263,84;-4263,84
"PLAT. DE PÓS-PROD. E DESIGN";"";"Consolidação Storages ÍON";2027;"INSTALAÇÃO";0;;;0;;0
"PLAT. DE PÓS-PROD. E DESIGN";"";"Incremento de Esteiras Pós Produção 4k (Conteúdo Premium)";2026;"MDO";0;;;0;;0
"PLAT. DE PÓS-PROD. E DESIGN";"";"Incremento de Esteiras Pós Produção 4k (Conteúdo Premium)";2026;"SOLUÇÃO";15913;;;15913;15913,330000000002;-0,33000000000174623
"PLAT. DE PÓS-PROD. E DESIGN";"";"Incremento de Esteiras Pós Produção 4k (Conteúdo Premium)";2026;"RESERVA";0;;;0;;0
"PLAT. DE PÓS-PROD. E DESIGN";"";"Incremento de Esteiras Pós Produção 4k (Conteúdo Premium)";2026;"INSTALAÇÃO";0;;;0;;0
"PLAT. DE PÓS-PROD. E DESIGN";"";"Incremento de Esteiras Pós Produção 4k (Conteúdo Premium)";2027;"INSTALAÇÃO";0;;;0;;0
"PLAT. DE PÓS-PROD. E DESIGN";"";"Incremento de Esteiras Pós Produção 4k (Conteúdo Premium)";2027;"MDO";0;;;0;;0
"PLAT. DE PÓS-PROD. E DESIGN";"";"Incremento de Esteiras Pós Produção 4k (Conteúdo Premium)";2027;"SOLUÇÃO";0;;;0;15913,330000000002;-15913,330000000002
"PLAT. DE PÓS-PROD. E DESIGN";"";"Incremento de Esteiras Pós Produção 4k (Conteúdo Premium)";2027;"RESERVA";0;;;0;;0
"PLAT. DE PÓS-PROD. E DESIGN";"";"Jornada dos PAMs (Losys Recife)";2026;"RESERVA";0;;;0;;0
"PLAT. DE PÓS-PROD. E DESIGN";"";"Jornada dos PAMs (Losys Recife)";2026;"SOLUÇÃO";2744;;;2744;2744;0
"PLAT. DE PÓS-PROD. E DESIGN";"";"Jornada dos PAMs (Losys Recife)";2026;"INSTALAÇÃO";0;;;0;;0
"PLAT. DE PÓS-PROD. E DESIGN";"";"Jornada dos PAMs (Losys Recife)";2026;"MDO";0;;;0;;0
"PLAT. DE PÓS-PROD. E DESIGN";"";"Jornada dos PAMs (Losys Recife)";2027;"RESERVA";0;;;0;;0
"PLAT. DE PÓS-PROD. E DESIGN";"";"Jornada dos PAMs (Losys Recife)";2027;"INSTALAÇÃO";0;;;0;;0
"PLAT. DE PÓS-PROD. E DESIGN";"";"Jornada dos PAMs (Losys Recife)";2027;"MDO";0;;;0;;0
"PLAT. DE PÓS-PROD. E DESIGN";"";"Jornada dos PAMs (Losys Recife)";2027;"SOLUÇÃO";0;;;0;2744;-2744
"PLAT. DE PÓS-PROD. E DESIGN";"";"Obsolescência - Video Wall - Central de Ingest CPP";2026;"SOLUÇÃO";0;;;0;878,28;-878,28
"PLAT. DE PÓS-PROD. E DESIGN";"";"Obsolescência - Video Wall - Central de Ingest CPP";2026;"RESERVA";0;;;0;;0
"PLAT. DE PÓS-PROD. E DESIGN";"";"Obsolescência - Video Wall - Central de Ingest CPP";2026;"INSTALAÇÃO";0;;;0;;0
"PLAT. DE PÓS-PROD. E DESIGN";"";"Obsolescência - Video Wall - Central de Ingest CPP";2026;"MDO";878;;;878;2520,92;-1642,92
"PLAT. DE PÓS-PROD. E DESIGN";"";"Obsolescência - Video Wall - Central de Ingest CPP";2027;"INSTALAÇÃO";0;;;0;;0
"PLAT. DE PÓS-PROD. E DESIGN";"";"Obsolescência - Video Wall - Central de Ingest CPP";2027;"MDO";0;;;0;2520,92;-2520,92
"PLAT. DE PÓS-PROD. E DESIGN";"";"Obsolescência - Video Wall - Central de Ingest CPP";2027;"SOLUÇÃO";0;;;0;878,28;-878,28
"PLAT. DE PÓS-PROD. E DESIGN";"";"Obsolescência - Video Wall - Central de Ingest CPP";2027;"RESERVA";0;;;0;;0
"PLAT. DE PÓS-PROD. E DESIGN";"geonis.teixeira@g.globo";"Ambiente de Criação GC 4K SP";2026;"MDO";90065,32;84001,32;;6064;6099,31;-35,3100000000004
"PLAT. DE PÓS-PROD. E DESIGN";"geonis.teixeira@g.globo";"Ambiente de Criação GC 4K SP";2026;"RESERVA";0;;;0;;0
"PLAT. DE PÓS-PROD. E DESIGN";"geonis.teixeira@g.globo";"Ambiente de Criação GC 4K SP";2026;"INSTALAÇÃO";0;;;0;;0
"PLAT. DE PÓS-PROD. E DESIGN";"geonis.teixeira@g.globo";"Ambiente de Criação GC 4K SP";2026;"SOLUÇÃO";79007,74;79284,37000000001;;-276,63;0,24;-276,86999999999011
"PLAT. DE PÓS-PROD. E DESIGN";"geonis.teixeira@g.globo";"Ambiente de Criação GC 4K SP";2027;"SOLUÇÃO";0;;;0;0,24;-0,24
"PLAT. DE PÓS-PROD. E DESIGN";"geonis.teixeira@g.globo";"Ambiente de Criação GC 4K SP";2027;"INSTALAÇÃO";0;;;0;;0
"PLAT. DE PÓS-PROD. E DESIGN";"geonis.teixeira@g.globo";"Ambiente de Criação GC 4K SP";2027;"MDO";0;;;0;6099,31;-6099,31
"PLAT. DE PÓS-PROD. E DESIGN";"geonis.teixeira@g.globo";"Ambiente de Criação GC 4K SP";2027;"RESERVA";0;;;0;;0
"PLAT. DE PÓS-PROD. E DESIGN";"geonis.teixeira@g.globo";"Backend GC ION & Homolog GC EG";2026;"RESERVA";0;;;0;;0
"PLAT. DE PÓS-PROD. E DESIGN";"geonis.teixeira@g.globo";"Backend GC ION & Homolog GC EG";2026;"SOLUÇÃO";1060240,21;1051737,49;;8502,72;29118,729999999996;-20616,010000000024
"PLAT. DE PÓS-PROD. E DESIGN";"geonis.teixeira@g.globo";"Backend GC ION & Homolog GC EG";2026;"MDO";167845,88;141764,16;;26081,72;25567,120000000003;514,59999999999854
"PLAT. DE PÓS-PROD. E DESIGN";"geonis.teixeira@g.globo";"Backend GC ION & Homolog GC EG";2026;"INSTALAÇÃO";0;;;0;;0
"PLAT. DE PÓS-PROD. E DESIGN";"geonis.teixeira@g.globo";"Backend GC ION & Homolog GC EG";2027;"SOLUÇÃO";0;;;0;29118,729999999996;-29118,729999999996
"PLAT. DE PÓS-PROD. E DESIGN";"geonis.teixeira@g.globo";"Backend GC ION & Homolog GC EG";2027;"RESERVA";0;;;0;;0
"PLAT. DE PÓS-PROD. E DESIGN";"geonis.teixeira@g.globo";"Backend GC ION & Homolog GC EG";2027;"MDO";0;;;0;25567,120000000003;-25567,120000000003
"PLAT. DE PÓS-PROD. E DESIGN";"geonis.teixeira@g.globo";"Backend GC ION & Homolog GC EG";2027;"INSTALAÇÃO";0;;;0;;0
"PLAT. DE PÓS-PROD. E DESIGN";"geonis.teixeira@g.globo";"Cloudification - VFX - GCP";2026;"RESERVA";0;;;0;;0
"PLAT. DE PÓS-PROD. E DESIGN";"geonis.teixeira@g.globo";"Cloudification - VFX - GCP";2026;"SOLUÇÃO";3523;;;3523;;3523
"PLAT. DE PÓS-PROD. E DESIGN";"geonis.teixeira@g.globo";"Cloudification - VFX - GCP";2026;"MDO";0;;;0;;0
"PLAT. DE PÓS-PROD. E DESIGN";"geonis.teixeira@g.globo";"Cloudification - VFX - GCP";2026;"INSTALAÇÃO";0;;;0;;0
"PLAT. DE PÓS-PROD. E DESIGN";"geonis.teixeira@g.globo";"Cloudification - VFX - GCP";2027;"RESERVA";0;;;0;;0
"PLAT. DE PÓS-PROD. E DESIGN";"geonis.teixeira@g.globo";"Cloudification - VFX - GCP";2027;"SOLUÇÃO";0;;;0;;0
"PLAT. DE PÓS-PROD. E DESIGN";"geonis.teixeira@g.globo";"Cloudification - VFX - GCP";2027;"INSTALAÇÃO";0;;;0;;0
"PLAT. DE PÓS-PROD. E DESIGN";"geonis.teixeira@g.globo";"Cloudification - VFX - GCP";2027;"MDO";0;;;0;;0
"PLAT. DE PÓS-PROD. E DESIGN";"geonis.teixeira@g.globo";"Estações Design (2) - REC";2026;"RESERVA";0;;;0;;0
"PLAT. DE PÓS-PROD. E DESIGN";"geonis.teixeira@g.globo";"Estações Design (2) - REC";2026;"MDO";0;;;0;;0
"PLAT. DE PÓS-PROD. E DESIGN";"geonis.teixeira@g.globo";"Estações Design (2) - REC";2026;"INSTALAÇÃO";0;;;0;;0
"PLAT. DE PÓS-PROD. E DESIGN";"geonis.teixeira@g.globo";"Estações Design (2) - REC";2026;"SOLUÇÃO";0;;;0;;0
"PLAT. DE PÓS-PROD. E DESIGN";"geonis.teixeira@g.globo";"Estações Design (2) - REC";2027;"SOLUÇÃO";270096;;;270096;;270096
"PLAT. DE PÓS-PROD. E DESIGN";"geonis.teixeira@g.globo";"Estações Design (2) - REC";2027;"INSTALAÇÃO";0;;;0;;0
"PLAT. DE PÓS-PROD. E DESIGN";"geonis.teixeira@g.globo";"Estações Design (2) - REC";2027;"MDO";0;;;0;;0
"PLAT. DE PÓS-PROD. E DESIGN";"geonis.teixeira@g.globo";"Estações Design (2) - REC";2027;"RESERVA";0;;;0;;0
"PLAT. DE PÓS-PROD. E DESIGN";"geonis.teixeira@g.globo";"Estações Design (33) - EG";2026;"RESERVA";0;;;0;;0
"PLAT. DE PÓS-PROD. E DESIGN";"geonis.teixeira@g.globo";"Estações Design (33) - EG";2026;"INSTALAÇÃO";0;;;0;;0
"PLAT. DE PÓS-PROD. E DESIGN";"geonis.teixeira@g.globo";"Estações Design (33) - EG";2026;"MDO";656516,31;638248,51;;18267,8;18267,49;0,31000000004496542
"PLAT. DE PÓS-PROD. E DESIGN";"geonis.teixeira@g.globo";"Estações Design (33) - EG";2026;"SOLUÇÃO";0;;;0;2052943,87;-2052943,87
"PLAT. DE PÓS-PROD. E DESIGN";"geonis.teixeira@g.globo";"Estações Design (33) - EG";2027;"RESERVA";0;;;0;;0
"PLAT. DE PÓS-PROD. E DESIGN";"geonis.teixeira@g.globo";"Estações Design (33) - EG";2027;"SOLUÇÃO";3605770;;;3605770;2052943,87;1552826,13
"PLAT. DE PÓS-PROD. E DESIGN";"geonis.teixeira@g.globo";"Estações Design (33) - EG";2027;"MDO";194283,73;;;194283,73;18267,49;176016,24000000002
"PLAT. DE PÓS-PROD. E DESIGN";"geonis.teixeira@g.globo";"Estações Design (33) - EG";2027;"INSTALAÇÃO";0;;;0;;0
"PLAT. DE PÓS-PROD. E DESIGN";"geonis.teixeira@g.globo";"Estações Design (7) - SP";2026;"INSTALAÇÃO";0;;;0;;0
"PLAT. DE PÓS-PROD. E DESIGN";"geonis.teixeira@g.globo";"Estações Design (7) - SP";2026;"MDO";131303,34;129565,05;;1738,29;1737,95;0,33999999999355168
"PLAT. DE PÓS-PROD. E DESIGN";"geonis.teixeira@g.globo";"Estações Design (7) - SP";2026;"SOLUÇÃO";0;;;0;;0
"PLAT. DE PÓS-PROD. E DESIGN";"geonis.teixeira@g.globo";"Estações Design (7) - SP";2026;"RESERVA";0;;;0;;0
"PLAT. DE PÓS-PROD. E DESIGN";"geonis.teixeira@g.globo";"Estações Design (7) - SP";2027;"MDO";0;;;0;1737,95;-1737,95
"PLAT. DE PÓS-PROD. E DESIGN";"geonis.teixeira@g.globo";"Estações Design (7) - SP";2027;"INSTALAÇÃO";0;;;0;;0
"PLAT. DE PÓS-PROD. E DESIGN";"geonis.teixeira@g.globo";"Estações Design (7) - SP";2027;"SOLUÇÃO";814031;;;814031;;814031
"PLAT. DE PÓS-PROD. E DESIGN";"geonis.teixeira@g.globo";"Estações Design (7) - SP";2027;"RESERVA";0;;;0;;0
"PLAT. DE PÓS-PROD. E DESIGN";"geonis.teixeira@g.globo";"Estações VFX (30)";2026;"MDO";69688,400000000009;33774,61;;35913,79;35913,79;7,2759576141834259E-12
"PLAT. DE PÓS-PROD. E DESIGN";"geonis.teixeira@g.globo";"Estações VFX (30)";2026;"SOLUÇÃO";210773,6;209893,5;;880,1;908;-27,899999999994179
"PLAT. DE PÓS-PROD. E DESIGN";"geonis.teixeira@g.globo";"Estações VFX (30)";2026;"INSTALAÇÃO";0;;;0;;0
"PLAT. DE PÓS-PROD. E DESIGN";"geonis.teixeira@g.globo";"Estações VFX (30)";2026;"RESERVA";0;;;0;;0
"PLAT. DE PÓS-PROD. E DESIGN";"geonis.teixeira@g.globo";"Estações VFX (30)";2027;"SOLUÇÃO";0;;;0;908;-908
"PLAT. DE PÓS-PROD. E DESIGN";"geonis.teixeira@g.globo";"Estações VFX (30)";2027;"RESERVA";0;;;0;;0
"PLAT. DE PÓS-PROD. E DESIGN";"geonis.teixeira@g.globo";"Estações VFX (30)";2027;"INSTALAÇÃO";0;;;0;;0
"PLAT. DE PÓS-PROD. E DESIGN";"geonis.teixeira@g.globo";"Estações VFX (30)";2027;"MDO";0;;;0;35913,79;-35913,79
"PLAT. DE PÓS-PROD. E DESIGN";"geonis.teixeira@g.globo";"GC 4K JB - CTL 3";2026;"MDO";402226,55999999994;388822,81999999995;;13403,74;13404,18;-0,44000000006781192
"PLAT. DE PÓS-PROD. E DESIGN";"geonis.teixeira@g.globo";"GC 4K JB - CTL 3";2026;"RESERVA";0;;;0;;0
"PLAT. DE PÓS-PROD. E DESIGN";"geonis.teixeira@g.globo";"GC 4K JB - CTL 3";2026;"INSTALAÇÃO";0;;;0;;0
"PLAT. DE PÓS-PROD. E DESIGN";"geonis.teixeira@g.globo";"GC 4K JB - CTL 3";2026;"SOLUÇÃO";1832364,69;1178591,0799999998;365590,83;288182,78;301510,95;-13328,169999999984
"PLAT. DE PÓS-PROD. E DESIGN";"geonis.teixeira@g.globo";"GC 4K JB - CTL 3";2027;"RESERVA";0;;;0;;0
"PLAT. DE PÓS-PROD. E DESIGN";"geonis.teixeira@g.globo";"GC 4K JB - CTL 3";2027;"MDO";0;;;0;13404,18;-13404,18
"PLAT. DE PÓS-PROD. E DESIGN";"geonis.teixeira@g.globo";"GC 4K JB - CTL 3";2027;"INSTALAÇÃO";0;;;0;;0
"PLAT. DE PÓS-PROD. E DESIGN";"geonis.teixeira@g.globo";"GC 4K JB - CTL 3";2027;"SOLUÇÃO";0;;;0;301510,95;-301510,95
"PLAT. DE PÓS-PROD. E DESIGN";"geonis.teixeira@g.globo";"Obsolescência - Composição Flame";2026;"INSTALAÇÃO";0;;;0;;0
"PLAT. DE PÓS-PROD. E DESIGN";"geonis.teixeira@g.globo";"Obsolescência - Composição Flame";2026;"RESERVA";0;;;0;;0
"PLAT. DE PÓS-PROD. E DESIGN";"geonis.teixeira@g.globo";"Obsolescência - Composição Flame";2026;"SOLUÇÃO";209826,07;140099,4;;69726,67;26218,909999999996;43507,760000000017
"PLAT. DE PÓS-PROD. E DESIGN";"geonis.teixeira@g.globo";"Obsolescência - Composição Flame";2026;"MDO";0;;;0;;0
"PLAT. DE PÓS-PROD. E DESIGN";"geonis.teixeira@g.globo";"Obsolescência - Composição Flame";2027;"INSTALAÇÃO";0;;;0;;0
"PLAT. DE PÓS-PROD. E DESIGN";"geonis.teixeira@g.globo";"Obsolescência - Composição Flame";2027;"MDO";0;;;0;;0
"PLAT. DE PÓS-PROD. E DESIGN";"geonis.teixeira@g.globo";"Obsolescência - Composição Flame";2027;"SOLUÇÃO";0;;;0;26218,909999999996;-26218,909999999996
"PLAT. DE PÓS-PROD. E DESIGN";"geonis.teixeira@g.globo";"Obsolescência - Composição Flame";2027;"RESERVA";0;;;0;;0
"PLAT. DE PÓS-PROD. E DESIGN";"geonis.teixeira@g.globo";"Obsolescência Composição (2023)";2026;"INSTALAÇÃO";0;;;0;;0
"PLAT. DE PÓS-PROD. E DESIGN";"geonis.teixeira@g.globo";"Obsolescência Composição (2023)";2026;"SOLUÇÃO";8710;;;8710;8710,06;-0,059999999999490683
"PLAT. DE PÓS-PROD. E DESIGN";"geonis.teixeira@g.globo";"Obsolescência Composição (2023)";2026;"RESERVA";0;;;0;;0
"PLAT. DE PÓS-PROD. E DESIGN";"geonis.teixeira@g.globo";"Obsolescência Composição (2023)";2026;"MDO";0;;;0;;0
"PLAT. DE PÓS-PROD. E DESIGN";"geonis.teixeira@g.globo";"Obsolescência Composição (2023)";2027;"SOLUÇÃO";0;;;0;8710,06;-8710,06
"PLAT. DE PÓS-PROD. E DESIGN";"geonis.teixeira@g.globo";"Obsolescência Composição (2023)";2027;"MDO";0;;;0;;0
"PLAT. DE PÓS-PROD. E DESIGN";"geonis.teixeira@g.globo";"Obsolescência Composição (2023)";2027;"RESERVA";0;;;0;;0
"PLAT. DE PÓS-PROD. E DESIGN";"geonis.teixeira@g.globo";"Obsolescência Composição (2023)";2027;"INSTALAÇÃO";0;;;0;;0
"PLAT. DE PÓS-PROD. E DESIGN";"geonis.teixeira@g.globo";"Pool GC Vizrt ION (Fase 2)";2026;"RESERVA";0;;;0;;0
"PLAT. DE PÓS-PROD. E DESIGN";"geonis.teixeira@g.globo";"Pool GC Vizrt ION (Fase 2)";2026;"INSTALAÇÃO";0;;;0;;0
"PLAT. DE PÓS-PROD. E DESIGN";"geonis.teixeira@g.globo";"Pool GC Vizrt ION (Fase 2)";2026;"MDO";272823,89;94763,81;;178060,08;155236,19;22823,890000000014
"PLAT. DE PÓS-PROD. E DESIGN";"geonis.teixeira@g.globo";"Pool GC Vizrt ION (Fase 2)";2026;"SOLUÇÃO";1479905,6400000001;330519,81;319957,19;829428,64;1041176,41;-211747,7699999999
"PLAT. DE PÓS-PROD. E DESIGN";"geonis.teixeira@g.globo";"Pool GC Vizrt ION (Fase 2)";2027;"RESERVA";0;;;0;;0
"PLAT. DE PÓS-PROD. E DESIGN";"geonis.teixeira@g.globo";"Pool GC Vizrt ION (Fase 2)";2027;"MDO";0;;;0;155236,19;-155236,19
"PLAT. DE PÓS-PROD. E DESIGN";"geonis.teixeira@g.globo";"Pool GC Vizrt ION (Fase 2)";2027;"INSTALAÇÃO";0;;;0;;0
"PLAT. DE PÓS-PROD. E DESIGN";"geonis.teixeira@g.globo";"Pool GC Vizrt ION (Fase 2)";2027;"SOLUÇÃO";211500;;;211500;1041176,41;-829676,41
"PLAT. DE PÓS-PROD. E DESIGN";"geonis.teixeira@g.globo";"Render (16) - EG";2026;"RESERVA";0;;;0;;0
"PLAT. DE PÓS-PROD. E DESIGN";"geonis.teixeira@g.globo";"Render (16) - EG";2026;"SOLUÇÃO";2282880;522046,52;955760,49;805072,99;602711,43;202361,55999999994
"PLAT. DE PÓS-PROD. E DESIGN";"geonis.teixeira@g.globo";"Render (16) - EG";2026;"INSTALAÇÃO";0;;;0;;0
"PLAT. DE PÓS-PROD. E DESIGN";"geonis.teixeira@g.globo";"Render (16) - EG";2026;"MDO";386687;364726,93;;21960,07;21960,07;7,2759576141834259E-12
"PLAT. DE PÓS-PROD. E DESIGN";"geonis.teixeira@g.globo";"Render (16) - EG";2027;"INSTALAÇÃO";0;;;0;;0
"PLAT. DE PÓS-PROD. E DESIGN";"geonis.teixeira@g.globo";"Render (16) - EG";2027;"MDO";114433;;;114433;21960,07;92472,93
"PLAT. DE PÓS-PROD. E DESIGN";"geonis.teixeira@g.globo";"Render (16) - EG";2027;"RESERVA";0;;;0;;0
"PLAT. DE PÓS-PROD. E DESIGN";"geonis.teixeira@g.globo";"Render (16) - EG";2027;"SOLUÇÃO";0;;;0;602711,43;-602711,43
"PLAT. DE PÓS-PROD. E DESIGN";"geonis.teixeira@g.globo";"Renders VFX (35)";2026;"MDO";379593,12;338026,10000000003;7366,87;34200,15;13416,64;20783,510000000024
"PLAT. DE PÓS-PROD. E DESIGN";"geonis.teixeira@g.globo";"Renders VFX (35)";2026;"INSTALAÇÃO";0;;;0;0;0
"PLAT. DE PÓS-PROD. E DESIGN";"geonis.teixeira@g.globo";"Renders VFX (35)";2026;"RESERVA";0;;;0;0,01;-0,01
"PLAT. DE PÓS-PROD. E DESIGN";"geonis.teixeira@g.globo";"Renders VFX (35)";2026;"SOLUÇÃO";1512847;1512823,56;;23,44;20783,51;-20760,070000000054
"PLAT. DE PÓS-PROD. E DESIGN";"geonis.teixeira@g.globo";"Renders VFX (35)";2027;"INSTALAÇÃO";0;;;0;0;0
"PLAT. DE PÓS-PROD. E DESIGN";"geonis.teixeira@g.globo";"Renders VFX (35)";2027;"MDO";0;;;0;13416,64;-13416,64
"PLAT. DE PÓS-PROD. E DESIGN";"geonis.teixeira@g.globo";"Renders VFX (35)";2027;"RESERVA";0;;;0;0,01;-0,01
"PLAT. DE PÓS-PROD. E DESIGN";"geonis.teixeira@g.globo";"Renders VFX (35)";2027;"SOLUÇÃO";0;;;0;20783,51;-20783,51
"PLAT. DE PÓS-PROD. E DESIGN";"geonis.teixeira@g.globo";"Roadmap de GCs";2026;"RESERVA";0;;;0;;0
"PLAT. DE PÓS-PROD. E DESIGN";"geonis.teixeira@g.globo";"Roadmap de GCs";2026;"SOLUÇÃO";644515,81;650730,42999999993;;-6214,62;0,35000000000000003;-6214,9699999999957
"PLAT. DE PÓS-PROD. E DESIGN";"geonis.teixeira@g.globo";"Roadmap de GCs";2026;"MDO";4221,47;4221,47;;0;1121,47;-1121,47
"PLAT. DE PÓS-PROD. E DESIGN";"geonis.teixeira@g.globo";"Roadmap de GCs";2026;"INSTALAÇÃO";0;;;0;;0
"PLAT. DE PÓS-PROD. E DESIGN";"geonis.teixeira@g.globo";"Roadmap de GCs";2027;"MDO";0;;;0;1121,47;-1121,47
"PLAT. DE PÓS-PROD. E DESIGN";"geonis.teixeira@g.globo";"Roadmap de GCs";2027;"INSTALAÇÃO";0;;;0;;0
"PLAT. DE PÓS-PROD. E DESIGN";"geonis.teixeira@g.globo";"Roadmap de GCs";2027;"RESERVA";0;;;0;;0
"PLAT. DE PÓS-PROD. E DESIGN";"geonis.teixeira@g.globo";"Roadmap de GCs";2027;"SOLUÇÃO";0;;;0;0,35000000000000003;-0,35000000000000003
"PLAT. DE PÓS-PROD. E DESIGN";"julia.maia.rodrigues@g.globo";"Campo tático";2026;"RESERVA";0;;;0;;0
"PLAT. DE PÓS-PROD. E DESIGN";"julia.maia.rodrigues@g.globo";"Campo tático";2026;"SOLUÇÃO";9898;;;9898;0,92;9897,08
"PLAT. DE PÓS-PROD. E DESIGN";"julia.maia.rodrigues@g.globo";"Campo tático";2026;"MDO";17876;15600;;2276;2276;0
"PLAT. DE PÓS-PROD. E DESIGN";"julia.maia.rodrigues@g.globo";"Campo tático";2026;"INSTALAÇÃO";0;;;0;;0
"PLAT. DE PÓS-PROD. E DESIGN";"julia.maia.rodrigues@g.globo";"Campo tático";2027;"RESERVA";0;;;0;;0
"PLAT. DE PÓS-PROD. E DESIGN";"julia.maia.rodrigues@g.globo";"Campo tático";2027;"INSTALAÇÃO";0;;;0;;0
"PLAT. DE PÓS-PROD. E DESIGN";"julia.maia.rodrigues@g.globo";"Campo tático";2027;"SOLUÇÃO";0;;;0;0,92;-0,92
"PLAT. DE PÓS-PROD. E DESIGN";"julia.maia.rodrigues@g.globo";"Campo tático";2027;"MDO";0;;;0;2276;-2276
"PLAT. DE PÓS-PROD. E DESIGN";"julia.maia.rodrigues@g.globo";"Futebol+ Métricas Avançadas por IA";2026;"INSTALAÇÃO";0;;;0;;0
"PLAT. DE PÓS-PROD. E DESIGN";"julia.maia.rodrigues@g.globo";"Futebol+ Métricas Avançadas por IA";2026;"RESERVA";0;;;0;;0
"PLAT. DE PÓS-PROD. E DESIGN";"julia.maia.rodrigues@g.globo";"Futebol+ Métricas Avançadas por IA";2026;"SOLUÇÃO";0;;;0;;0
"PLAT. DE PÓS-PROD. E DESIGN";"julia.maia.rodrigues@g.globo";"Futebol+ Métricas Avançadas por IA";2026;"MDO";0;;;0;;0
"PLAT. DE PÓS-PROD. E DESIGN";"julia.maia.rodrigues@g.globo";"Futebol+ Métricas Avançadas por IA";2027;"MDO";0;;;0;;0
"PLAT. DE PÓS-PROD. E DESIGN";"julia.maia.rodrigues@g.globo";"Futebol+ Métricas Avançadas por IA";2027;"RESERVA";0;;;0;;0
"PLAT. DE PÓS-PROD. E DESIGN";"julia.maia.rodrigues@g.globo";"Futebol+ Métricas Avançadas por IA";2027;"INSTALAÇÃO";0;;;0;;0
"PLAT. DE PÓS-PROD. E DESIGN";"julia.maia.rodrigues@g.globo";"Futebol+ Métricas Avançadas por IA";2027;"SOLUÇÃO";0;;;0;;0
"PLAT. DE PÓS-PROD. E DESIGN";"julia.maia.rodrigues@g.globo";"MVP Produção Virtual XR (Dramaturgia)";2026;"MDO";238;;;238;7118,13;-6880,13
"PLAT. DE PÓS-PROD. E DESIGN";"julia.maia.rodrigues@g.globo";"MVP Produção Virtual XR (Dramaturgia)";2026;"INSTALAÇÃO";0;;;0;;0
"PLAT. DE PÓS-PROD. E DESIGN";"julia.maia.rodrigues@g.globo";"MVP Produção Virtual XR (Dramaturgia)";2026;"SOLUÇÃO";0;0;;0;237,79999999999998;-237,79999999999998
"PLAT. DE PÓS-PROD. E DESIGN";"julia.maia.rodrigues@g.globo";"MVP Produção Virtual XR (Dramaturgia)";2026;"RESERVA";0;;;0;;0
"PLAT. DE PÓS-PROD. E DESIGN";"julia.maia.rodrigues@g.globo";"MVP Produção Virtual XR (Dramaturgia)";2027;"INSTALAÇÃO";0;;;0;;0
"PLAT. DE PÓS-PROD. E DESIGN";"julia.maia.rodrigues@g.globo";"MVP Produção Virtual XR (Dramaturgia)";2027;"RESERVA";0;;;0;;0
"PLAT. DE PÓS-PROD. E DESIGN";"julia.maia.rodrigues@g.globo";"MVP Produção Virtual XR (Dramaturgia)";2027;"SOLUÇÃO";0;;;0;237,79999999999998;-237,79999999999998
"PLAT. DE PÓS-PROD. E DESIGN";"julia.maia.rodrigues@g.globo";"MVP Produção Virtual XR (Dramaturgia)";2027;"MDO";0;;;0;7118,13;-7118,13
"PLAT. DE PÓS-PROD. E DESIGN";"julia.maia.rodrigues@g.globo";"Novo Cenário JG";2026;"RESERVA";0;;;0;;0
"PLAT. DE PÓS-PROD. E DESIGN";"julia.maia.rodrigues@g.globo";"Novo Cenário JG";2026;"MDO";0;;;0;1646,4;-1646,4
"PLAT. DE PÓS-PROD. E DESIGN";"julia.maia.rodrigues@g.globo";"Novo Cenário JG";2026;"SOLUÇÃO";2557;;;2557;4203,15;-1646,1499999999996
"PLAT. DE PÓS-PROD. E DESIGN";"julia.maia.rodrigues@g.globo";"Novo Cenário JG";2026;"INSTALAÇÃO";0;;;0;;0
"PLAT. DE PÓS-PROD. E DESIGN";"julia.maia.rodrigues@g.globo";"Novo Cenário JG";2027;"RESERVA";0;;;0;;0
"PLAT. DE PÓS-PROD. E DESIGN";"julia.maia.rodrigues@g.globo";"Novo Cenário JG";2027;"MDO";0;;;0;1646,4;-1646,4
"PLAT. DE PÓS-PROD. E DESIGN";"julia.maia.rodrigues@g.globo";"Novo Cenário JG";2027;"SOLUÇÃO";0;;;0;4203,15;-4203,15
"PLAT. DE PÓS-PROD. E DESIGN";"julia.maia.rodrigues@g.globo";"Novo Cenário JG";2027;"INSTALAÇÃO";0;;;0;;0
"PLAT. DE PÓS-PROD. E DESIGN";"julia.maia.rodrigues@g.globo";"Obsolescência - Grafismo e Produção Virtual";2026;"MDO";0;;;0;;0
"PLAT. DE PÓS-PROD. E DESIGN";"julia.maia.rodrigues@g.globo";"Obsolescência - Grafismo e Produção Virtual";2026;"RESERVA";0;;;0;;0
"PLAT. DE PÓS-PROD. E DESIGN";"julia.maia.rodrigues@g.globo";"Obsolescência - Grafismo e Produção Virtual";2026;"SOLUÇÃO";224686,23;224686,22999999998;;0;54,48;-54,48
"PLAT. DE PÓS-PROD. E DESIGN";"julia.maia.rodrigues@g.globo";"Obsolescência - Grafismo e Produção Virtual";2026;"INSTALAÇÃO";0;;;0;;0
"PLAT. DE PÓS-PROD. E DESIGN";"julia.maia.rodrigues@g.globo";"Obsolescência - Grafismo e Produção Virtual";2027;"RESERVA";0;;;0;;0
"PLAT. DE PÓS-PROD. E DESIGN";"julia.maia.rodrigues@g.globo";"Obsolescência - Grafismo e Produção Virtual";2027;"MDO";0;;;0;;0
"PLAT. DE PÓS-PROD. E DESIGN";"julia.maia.rodrigues@g.globo";"Obsolescência - Grafismo e Produção Virtual";2027;"INSTALAÇÃO";0;;;0;;0
"PLAT. DE PÓS-PROD. E DESIGN";"julia.maia.rodrigues@g.globo";"Obsolescência - Grafismo e Produção Virtual";2027;"SOLUÇÃO";0;;;0;54,48;-54,48
"PLAT. DE PÓS-PROD. E DESIGN";"julia.maia.rodrigues@g.globo";"Obsolescência - Sistema de Análise Tática";2026;"RESERVA";0;;;0;;0
"PLAT. DE PÓS-PROD. E DESIGN";"julia.maia.rodrigues@g.globo";"Obsolescência - Sistema de Análise Tática";2026;"MDO";0;;;0;;0
"PLAT. DE PÓS-PROD. E DESIGN";"julia.maia.rodrigues@g.globo";"Obsolescência - Sistema de Análise Tática";2026;"SOLUÇÃO";486300;;;486300;276733,87;209566,13
"PLAT. DE PÓS-PROD. E DESIGN";"julia.maia.rodrigues@g.globo";"Obsolescência - Sistema de Análise Tática";2026;"INSTALAÇÃO";0;;;0;;0
"PLAT. DE PÓS-PROD. E DESIGN";"julia.maia.rodrigues@g.globo";"Obsolescência - Sistema de Análise Tática";2027;"INSTALAÇÃO";0;;;0;;0
"PLAT. DE PÓS-PROD. E DESIGN";"julia.maia.rodrigues@g.globo";"Obsolescência - Sistema de Análise Tática";2027;"SOLUÇÃO";0;;;0;276733,87;-276733,87
"PLAT. DE PÓS-PROD. E DESIGN";"julia.maia.rodrigues@g.globo";"Obsolescência - Sistema de Análise Tática";2027;"MDO";0;;;0;;0
"PLAT. DE PÓS-PROD. E DESIGN";"julia.maia.rodrigues@g.globo";"Obsolescência - Sistema de Análise Tática";2027;"RESERVA";0;;;0;;0
"PLAT. DE PÓS-PROD. E DESIGN";"julia.maia.rodrigues@g.globo";"Obsolescência Cliplayer (4) - JB";2026;"RESERVA";0;;;0;;0
"PLAT. DE PÓS-PROD. E DESIGN";"julia.maia.rodrigues@g.globo";"Obsolescência Cliplayer (4) - JB";2026;"MDO";195983;195982,8;;0,2;0,2;1,1641521080463235E-11
"PLAT. DE PÓS-PROD. E DESIGN";"julia.maia.rodrigues@g.globo";"Obsolescência Cliplayer (4) - JB";2026;"SOLUÇÃO";1181516,79;157490,09;409482,27999999997;614544,42;122164,29;492380,13000000006
"PLAT. DE PÓS-PROD. E DESIGN";"julia.maia.rodrigues@g.globo";"Obsolescência Cliplayer (4) - JB";2026;"INSTALAÇÃO";0;;;0;;0
"PLAT. DE PÓS-PROD. E DESIGN";"julia.maia.rodrigues@g.globo";"Obsolescência Cliplayer (4) - JB";2027;"RESERVA";0;;;0;;0
"PLAT. DE PÓS-PROD. E DESIGN";"julia.maia.rodrigues@g.globo";"Obsolescência Cliplayer (4) - JB";2027;"SOLUÇÃO";0;;;0;122164,29;-122164,29
"PLAT. DE PÓS-PROD. E DESIGN";"julia.maia.rodrigues@g.globo";"Obsolescência Cliplayer (4) - JB";2027;"MDO";0;;;0;0,2;-0,2
"PLAT. DE PÓS-PROD. E DESIGN";"julia.maia.rodrigues@g.globo";"Obsolescência Cliplayer (4) - JB";2027;"INSTALAÇÃO";0;;;0;;0
"PLAT. DE PÓS-PROD. E DESIGN";"julia.maia.rodrigues@g.globo";"Obsolescência Cliplayer (4) - SP";2026;"RESERVA";0;;;0;;0
"PLAT. DE PÓS-PROD. E DESIGN";"julia.maia.rodrigues@g.globo";"Obsolescência Cliplayer (4) - SP";2026;"INSTALAÇÃO";0;;;0;;0
"PLAT. DE PÓS-PROD. E DESIGN";"julia.maia.rodrigues@g.globo";"Obsolescência Cliplayer (4) - SP";2026;"MDO";131197,79;131197,79;;0;44676,21;-44676,21
"PLAT. DE PÓS-PROD. E DESIGN";"julia.maia.rodrigues@g.globo";"Obsolescência Cliplayer (4) - SP";2026;"SOLUÇÃO";526490;;;526490;;526490
"PLAT. DE PÓS-PROD. E DESIGN";"julia.maia.rodrigues@g.globo";"Obsolescência Cliplayer (4) - SP";2027;"MDO";64785,21;;;64785,21;44676,21;20109
"PLAT. DE PÓS-PROD. E DESIGN";"julia.maia.rodrigues@g.globo";"Obsolescência Cliplayer (4) - SP";2027;"INSTALAÇÃO";0;;;0;;0
"PLAT. DE PÓS-PROD. E DESIGN";"julia.maia.rodrigues@g.globo";"Obsolescência Cliplayer (4) - SP";2027;"SOLUÇÃO";655027;;;655027;;655027
"PLAT. DE PÓS-PROD. E DESIGN";"julia.maia.rodrigues@g.globo";"Obsolescência Cliplayer (4) - SP";2027;"RESERVA";0;;;0;;0
"PLAT. DE PÓS-PROD. E DESIGN";"julia.maia.rodrigues@g.globo";"Obsolescência Produção Virtual Jornalismo & Esporte - RJ e SP";2026;"RESERVA";26536;;;26536;26536;0
"PLAT. DE PÓS-PROD. E DESIGN";"julia.maia.rodrigues@g.globo";"Obsolescência Produção Virtual Jornalismo & Esporte - RJ e SP";2026;"MDO";462809,57999999996;428043,09;;34766,49;5486,21;29280,279999999933
"PLAT. DE PÓS-PROD. E DESIGN";"julia.maia.rodrigues@g.globo";"Obsolescência Produção Virtual Jornalismo & Esporte - RJ e SP";2026;"INSTALAÇÃO";0;;;0;0;0
"PLAT. DE PÓS-PROD. E DESIGN";"julia.maia.rodrigues@g.globo";"Obsolescência Produção Virtual Jornalismo & Esporte - RJ e SP";2026;"SOLUÇÃO";828262,19000000006;504430,87999999995;;323831,31;280878,23;42953,080000000075
"PLAT. DE PÓS-PROD. E DESIGN";"julia.maia.rodrigues@g.globo";"Obsolescência Produção Virtual Jornalismo & Esporte - RJ e SP";2027;"INSTALAÇÃO";0;;;0;0;0
"PLAT. DE PÓS-PROD. E DESIGN";"julia.maia.rodrigues@g.globo";"Obsolescência Produção Virtual Jornalismo & Esporte - RJ e SP";2027;"MDO";0;;;0;5486,21;-5486,21
"PLAT. DE PÓS-PROD. E DESIGN";"julia.maia.rodrigues@g.globo";"Obsolescência Produção Virtual Jornalismo & Esporte - RJ e SP";2027;"SOLUÇÃO";0;;;0;280878,23;-280878,23
"PLAT. DE PÓS-PROD. E DESIGN";"julia.maia.rodrigues@g.globo";"Obsolescência Produção Virtual Jornalismo & Esporte - RJ e SP";2027;"RESERVA";0;;;0;26536;-26536
"PLAT. DE PÓS-PROD. E DESIGN";"julia.maia.rodrigues@g.globo";"Obsolescência Render Grafismo BSB";2026;"RESERVA";0;;;0;;0
"PLAT. DE PÓS-PROD. E DESIGN";"julia.maia.rodrigues@g.globo";"Obsolescência Render Grafismo BSB";2026;"MDO";0;;;0;;0
"PLAT. DE PÓS-PROD. E DESIGN";"julia.maia.rodrigues@g.globo";"Obsolescência Render Grafismo BSB";2026;"SOLUÇÃO";5433;;;5433;5433,1;-0,1000000000003638
"PLAT. DE PÓS-PROD. E DESIGN";"julia.maia.rodrigues@g.globo";"Obsolescência Render Grafismo BSB";2026;"INSTALAÇÃO";0;;;0;;0
"PLAT. DE PÓS-PROD. E DESIGN";"julia.maia.rodrigues@g.globo";"Obsolescência Render Grafismo BSB";2027;"INSTALAÇÃO";0;;;0;;0
"PLAT. DE PÓS-PROD. E DESIGN";"julia.maia.rodrigues@g.globo";"Obsolescência Render Grafismo BSB";2027;"RESERVA";0;;;0;;0
"PLAT. DE PÓS-PROD. E DESIGN";"julia.maia.rodrigues@g.globo";"Obsolescência Render Grafismo BSB";2027;"MDO";0;;;0;;0
"PLAT. DE PÓS-PROD. E DESIGN";"julia.maia.rodrigues@g.globo";"Obsolescência Render Grafismo BSB";2027;"SOLUÇÃO";0;;;0;5433,1;-5433,1
"PLAT. DE PÓS-PROD. E DESIGN";"julia.maia.rodrigues@g.globo";"Obsolescência Telas Estudio Regionais - BH";2026;"INSTALAÇÃO";0;;;0;;0
"PLAT. DE PÓS-PROD. E DESIGN";"julia.maia.rodrigues@g.globo";"Obsolescência Telas Estudio Regionais - BH";2026;"RESERVA";0;;;0;;0
"PLAT. DE PÓS-PROD. E DESIGN";"julia.maia.rodrigues@g.globo";"Obsolescência Telas Estudio Regionais - BH";2026;"MDO";0;;;0;;0
"PLAT. DE PÓS-PROD. E DESIGN";"julia.maia.rodrigues@g.globo";"Obsolescência Telas Estudio Regionais - BH";2026;"SOLUÇÃO";0;;;0;;0
"PLAT. DE PÓS-PROD. E DESIGN";"julia.maia.rodrigues@g.globo";"Obsolescência Telas Estudio Regionais - BH";2027;"RESERVA";0;;;0;;0
"PLAT. DE PÓS-PROD. E DESIGN";"julia.maia.rodrigues@g.globo";"Obsolescência Telas Estudio Regionais - BH";2027;"MDO";0;;;0;;0
"PLAT. DE PÓS-PROD. E DESIGN";"julia.maia.rodrigues@g.globo";"Obsolescência Telas Estudio Regionais - BH";2027;"INSTALAÇÃO";0;;;0;;0
"PLAT. DE PÓS-PROD. E DESIGN";"julia.maia.rodrigues@g.globo";"Obsolescência Telas Estudio Regionais - BH";2027;"SOLUÇÃO";33500;;;33500;;33500
"PLAT. DE PÓS-PROD. E DESIGN";"julia.maia.rodrigues@g.globo";"Obsolescência Telas Estudio Regionais - BSA";2026;"MDO";0;;;0;;0
"PLAT. DE PÓS-PROD. E DESIGN";"julia.maia.rodrigues@g.globo";"Obsolescência Telas Estudio Regionais - BSA";2026;"RESERVA";0;;;0;;0
"PLAT. DE PÓS-PROD. E DESIGN";"julia.maia.rodrigues@g.globo";"Obsolescência Telas Estudio Regionais - BSA";2026;"SOLUÇÃO";33500;;;33500;27900,76;5599,2400000000016
"PLAT. DE PÓS-PROD. E DESIGN";"julia.maia.rodrigues@g.globo";"Obsolescência Telas Estudio Regionais - BSA";2026;"INSTALAÇÃO";0;;;0;;0
"PLAT. DE PÓS-PROD. E DESIGN";"julia.maia.rodrigues@g.globo";"Obsolescência Telas Estudio Regionais - BSA";2027;"SOLUÇÃO";0;;;0;27900,76;-27900,76
"PLAT. DE PÓS-PROD. E DESIGN";"julia.maia.rodrigues@g.globo";"Obsolescência Telas Estudio Regionais - BSA";2027;"RESERVA";0;;;0;;0
"PLAT. DE PÓS-PROD. E DESIGN";"julia.maia.rodrigues@g.globo";"Obsolescência Telas Estudio Regionais - BSA";2027;"INSTALAÇÃO";0;;;0;;0
"PLAT. DE PÓS-PROD. E DESIGN";"julia.maia.rodrigues@g.globo";"Obsolescência Telas Estudio Regionais - BSA";2027;"MDO";0;;;0;;0
"PLAT. DE PÓS-PROD. E DESIGN";"julia.maia.rodrigues@g.globo";"Produção Virtual EG - Fase 2";2026;"MDO";179161,97;168337,31;;10824,66;10824,66;3,637978807091713E-12
"PLAT. DE PÓS-PROD. E DESIGN";"julia.maia.rodrigues@g.globo";"Produção Virtual EG - Fase 2";2026;"INSTALAÇÃO";0;;;0;;0
"PLAT. DE PÓS-PROD. E DESIGN";"julia.maia.rodrigues@g.globo";"Produção Virtual EG - Fase 2";2026;"SOLUÇÃO";681;;;681;1296;-615
"PLAT. DE PÓS-PROD. E DESIGN";"julia.maia.rodrigues@g.globo";"Produção Virtual EG - Fase 2";2026;"RESERVA";0;;;0;;0
"PLAT. DE PÓS-PROD. E DESIGN";"julia.maia.rodrigues@g.globo";"Produção Virtual EG - Fase 2";2027;"RESERVA";0;;;0;;0
"PLAT. DE PÓS-PROD. E DESIGN";"julia.maia.rodrigues@g.globo";"Produção Virtual EG - Fase 2";2027;"SOLUÇÃO";0;;;0;1296;-1296
"PLAT. DE PÓS-PROD. E DESIGN";"julia.maia.rodrigues@g.globo";"Produção Virtual EG - Fase 2";2027;"INSTALAÇÃO";0;;;0;;0
"PLAT. DE PÓS-PROD. E DESIGN";"julia.maia.rodrigues@g.globo";"Produção Virtual EG - Fase 2";2027;"MDO";0;;;0;10824,66;-10824,66
"PLAT. DE PÓS-PROD. E DESIGN";"julia.maia.rodrigues@g.globo";"Telas e touch - EG, SP e ION";2026;"INSTALAÇÃO";0;;;0;6943,36;-6943,36
"PLAT. DE PÓS-PROD. E DESIGN";"julia.maia.rodrigues@g.globo";"Telas e touch - EG, SP e ION";2026;"RESERVA";0;;;0;;0
"PLAT. DE PÓS-PROD. E DESIGN";"julia.maia.rodrigues@g.globo";"Telas e touch - EG, SP e ION";2026;"SOLUÇÃO";52833,45;58707,86;;-5874,41;;-5874,4100000000035
"PLAT. DE PÓS-PROD. E DESIGN";"julia.maia.rodrigues@g.globo";"Telas e touch - EG, SP e ION";2026;"MDO";103977,11;76538,11;;27439;27439;0
"PLAT. DE PÓS-PROD. E DESIGN";"julia.maia.rodrigues@g.globo";"Telas e touch - EG, SP e ION";2027;"MDO";0;;;0;27439;-27439
"PLAT. DE PÓS-PROD. E DESIGN";"julia.maia.rodrigues@g.globo";"Telas e touch - EG, SP e ION";2027;"INSTALAÇÃO";0;;;0;6943,36;-6943,36
"PLAT. DE PÓS-PROD. E DESIGN";"julia.maia.rodrigues@g.globo";"Telas e touch - EG, SP e ION";2027;"RESERVA";0;;;0;;0
"PLAT. DE PÓS-PROD. E DESIGN";"julia.maia.rodrigues@g.globo";"Telas e touch - EG, SP e ION";2027;"SOLUÇÃO";0;;;0;;0
"PLAT. DE PÓS-PROD. E DESIGN";"lai@g.globo";"Grafismo Virtual - Sistemas de Tracking";2026;"SOLUÇÃO";;;;;0,01;-0,01
"PLAT. DE PÓS-PROD. E DESIGN";"lai@g.globo";"Grafismo Virtual - Sistemas de Tracking";2027;"SOLUÇÃO";;;;;0,01;-0,01
"PLAT. DE PÓS-PROD. E DESIGN";"lai@g.globo";"Obsolescência - Playout Airspeed";2026;"INSTALAÇÃO";0;;;0;;0
"PLAT. DE PÓS-PROD. E DESIGN";"lai@g.globo";"Obsolescência - Playout Airspeed";2026;"RESERVA";0;;;0;;0
"PLAT. DE PÓS-PROD. E DESIGN";"lai@g.globo";"Obsolescência - Playout Airspeed";2026;"SOLUÇÃO";18900,06;21487,11;;-2587,05;777,05;-3364,0999999999995
"PLAT. DE PÓS-PROD. E DESIGN";"lai@g.globo";"Obsolescência - Playout Airspeed";2026;"MDO";1807,15;;;1807,15;1807,15;0
"PLAT. DE PÓS-PROD. E DESIGN";"lai@g.globo";"Obsolescência - Playout Airspeed";2027;"MDO";0;;;0;1807,15;-1807,15
"PLAT. DE PÓS-PROD. E DESIGN";"lai@g.globo";"Obsolescência - Playout Airspeed";2027;"RESERVA";0;;;0;;0
"PLAT. DE PÓS-PROD. E DESIGN";"lai@g.globo";"Obsolescência - Playout Airspeed";2027;"INSTALAÇÃO";0;;;0;;0
"PLAT. DE PÓS-PROD. E DESIGN";"lai@g.globo";"Obsolescência - Playout Airspeed";2027;"SOLUÇÃO";0;;;0;777,05;-777,05
"PLAT. DE PÓS-PROD. E DESIGN";"lai@g.globo";"PAM do Futuro - Inews";2026;"SOLUÇÃO";;;;;0,04;-0,04
"PLAT. DE PÓS-PROD. E DESIGN";"lai@g.globo";"PAM do Futuro - Inews";2027;"SOLUÇÃO";;;;;0,04;-0,04
"PLAT. DE PÓS-PROD. E DESIGN";"lai@g.globo";"PAM do Futuro - PoC";2026;"MDO";95978,4;88005;;7973,4;7973,4;-5,4569682106375694E-12
"PLAT. DE PÓS-PROD. E DESIGN";"lai@g.globo";"PAM do Futuro - PoC";2026;"INSTALAÇÃO";0;;;0;;0
"PLAT. DE PÓS-PROD. E DESIGN";"lai@g.globo";"PAM do Futuro - PoC";2026;"RESERVA";0;;;0;;0
"PLAT. DE PÓS-PROD. E DESIGN";"lai@g.globo";"PAM do Futuro - PoC";2026;"SOLUÇÃO";1430585,73;695958,97999999975;0;734626,75;751518,21000000008;-16891,460000000079
"PLAT. DE PÓS-PROD. E DESIGN";"lai@g.globo";"PAM do Futuro - PoC";2027;"INSTALAÇÃO";0;;;0;;0
"PLAT. DE PÓS-PROD. E DESIGN";"lai@g.globo";"PAM do Futuro - PoC";2027;"RESERVA";0;;;0;;0
"PLAT. DE PÓS-PROD. E DESIGN";"lai@g.globo";"PAM do Futuro - PoC";2027;"MDO";0;;;0;7973,4;-7973,4
"PLAT. DE PÓS-PROD. E DESIGN";"lai@g.globo";"PAM do Futuro - PoC";2027;"SOLUÇÃO";0;;;0;751518,21000000008;-751518,21000000008
"PLAT. DE PÓS-PROD. E DESIGN";"lai@g.globo";"Roadmap Playout Controles - SP/JB/BSA";2026;"RESERVA";46761,11;46761,11;;0;;0
"PLAT. DE PÓS-PROD. E DESIGN";"lai@g.globo";"Roadmap Playout Controles - SP/JB/BSA";2026;"INSTALAÇÃO";0;;;0;;0
"PLAT. DE PÓS-PROD. E DESIGN";"lai@g.globo";"Roadmap Playout Controles - SP/JB/BSA";2026;"SOLUÇÃO";692161,46;84113,82;11476;596571,64;414792,57;181779,06999999989
"PLAT. DE PÓS-PROD. E DESIGN";"lai@g.globo";"Roadmap Playout Controles - SP/JB/BSA";2026;"MDO";169795,22;178992,07;;-9196,85;14193,34;-23390,190000000006
"PLAT. DE PÓS-PROD. E DESIGN";"lai@g.globo";"Roadmap Playout Controles - SP/JB/BSA";2027;"MDO";0;;;0;14193,34;-14193,34
"PLAT. DE PÓS-PROD. E DESIGN";"lai@g.globo";"Roadmap Playout Controles - SP/JB/BSA";2027;"RESERVA";0;;;0;;0
"PLAT. DE PÓS-PROD. E DESIGN";"lai@g.globo";"Roadmap Playout Controles - SP/JB/BSA";2027;"SOLUÇÃO";1576541;;;1576541;414792,57;1161748,43
"PLAT. DE PÓS-PROD. E DESIGN";"lai@g.globo";"Roadmap Playout Controles - SP/JB/BSA";2027;"INSTALAÇÃO";0;;;0;;0
"PLAT. DE PÓS-PROD. E DESIGN";"priscila.david@g.globo";"PAM do Futuro - Ingest";2026;"MDO";;;;;1620,45;-1620,45
"PLAT. DE PÓS-PROD. E DESIGN";"priscila.david@g.globo";"PAM do Futuro - Ingest";2027;"MDO";;;;;1620,45;-1620,45
"PLAT. DE PÓS-PROD. E DESIGN";"priscila.david@g.globo";"PAM do Futuro - Revisão dos MAMs";2026;"INSTALAÇÃO";0;;;0;;0
"PLAT. DE PÓS-PROD. E DESIGN";"priscila.david@g.globo";"PAM do Futuro - Revisão dos MAMs";2026;"MDO";0;;;0;24,73;-24,73
"PLAT. DE PÓS-PROD. E DESIGN";"priscila.david@g.globo";"PAM do Futuro - Revisão dos MAMs";2026;"SOLUÇÃO";13903;;;13903;;13903
"PLAT. DE PÓS-PROD. E DESIGN";"priscila.david@g.globo";"PAM do Futuro - Revisão dos MAMs";2026;"RESERVA";0;;;0;;0
"PLAT. DE PÓS-PROD. E DESIGN";"priscila.david@g.globo";"PAM do Futuro - Revisão dos MAMs";2027;"RESERVA";0;;;0;;0
"PLAT. DE PÓS-PROD. E DESIGN";"priscila.david@g.globo";"PAM do Futuro - Revisão dos MAMs";2027;"INSTALAÇÃO";0;;;0;;0
"PLAT. DE PÓS-PROD. E DESIGN";"priscila.david@g.globo";"PAM do Futuro - Revisão dos MAMs";2027;"SOLUÇÃO";0;;;0;;0
"PLAT. DE PÓS-PROD. E DESIGN";"priscila.david@g.globo";"PAM do Futuro - Revisão dos MAMs";2027;"MDO";0;;;0;24,73;-24,73
"PLAT. DE PÓS-PROD. E DESIGN";"renan.reis@g.globo";"Áudio Imersivo MPEG-H (Sonos: 2 EG + 1 SP)";2026;"RESERVA";0;;;0;;0
"PLAT. DE PÓS-PROD. E DESIGN";"renan.reis@g.globo";"Áudio Imersivo MPEG-H (Sonos: 2 EG + 1 SP)";2026;"INSTALAÇÃO";24725,02;24725,02;;0;;0
"PLAT. DE PÓS-PROD. E DESIGN";"renan.reis@g.globo";"Áudio Imersivo MPEG-H (Sonos: 2 EG + 1 SP)";2026;"MDO";109986,76;87193,84;;22792,92;7712,22;15080,699999999997
"PLAT. DE PÓS-PROD. E DESIGN";"renan.reis@g.globo";"Áudio Imersivo MPEG-H (Sonos: 2 EG + 1 SP)";2026;"SOLUÇÃO";547548,39;88550,310000000012;;458998,08;18075,9;440922,18
"PLAT. DE PÓS-PROD. E DESIGN";"renan.reis@g.globo";"Áudio Imersivo MPEG-H (Sonos: 2 EG + 1 SP)";2027;"MDO";0;;;0;7712,22;-7712,22
"PLAT. DE PÓS-PROD. E DESIGN";"renan.reis@g.globo";"Áudio Imersivo MPEG-H (Sonos: 2 EG + 1 SP)";2027;"INSTALAÇÃO";0;;;0;;0
"PLAT. DE PÓS-PROD. E DESIGN";"renan.reis@g.globo";"Áudio Imersivo MPEG-H (Sonos: 2 EG + 1 SP)";2027;"SOLUÇÃO";0;;;0;18075,9;-18075,9
"PLAT. DE PÓS-PROD. E DESIGN";"renan.reis@g.globo";"Áudio Imersivo MPEG-H (Sonos: 2 EG + 1 SP)";2027;"RESERVA";0;;;0;;0
"PLAT. DE PÓS-PROD. E DESIGN";"renan.reis@g.globo";"Ilhas de colorização EG (1 de 4)";2026;"SOLUÇÃO";1289806;;;1289806;1268318,39;21487,610000000102
"PLAT. DE PÓS-PROD. E DESIGN";"renan.reis@g.globo";"Ilhas de colorização EG (1 de 4)";2026;"INSTALAÇÃO";0;;;0;;0
"PLAT. DE PÓS-PROD. E DESIGN";"renan.reis@g.globo";"Ilhas de colorização EG (1 de 4)";2026;"MDO";146095,8;105585,56;;40510,24;40844,13;-333,89000000000669
"PLAT. DE PÓS-PROD. E DESIGN";"renan.reis@g.globo";"Ilhas de colorização EG (1 de 4)";2026;"RESERVA";0;;;0;;0
"PLAT. DE PÓS-PROD. E DESIGN";"renan.reis@g.globo";"Ilhas de colorização EG (1 de 4)";2027;"INSTALAÇÃO";0;;;0;;0
"PLAT. DE PÓS-PROD. E DESIGN";"renan.reis@g.globo";"Ilhas de colorização EG (1 de 4)";2027;"RESERVA";0;;;0;;0
"PLAT. DE PÓS-PROD. E DESIGN";"renan.reis@g.globo";"Ilhas de colorização EG (1 de 4)";2027;"SOLUÇÃO";0;;;0;1268318,39;-1268318,39
"PLAT. DE PÓS-PROD. E DESIGN";"renan.reis@g.globo";"Ilhas de colorização EG (1 de 4)";2027;"MDO";0;;;0;40844,13;-40844,13
"PLAT. DE PÓS-PROD. E DESIGN";"renan.reis@g.globo";"Ilhas de Edição (42)";2026;"INSTALAÇÃO";0;;;0;;0
"PLAT. DE PÓS-PROD. E DESIGN";"renan.reis@g.globo";"Ilhas de Edição (42)";2026;"MDO";582818,33000000007;558747,85;;24070,48;19632,059999999998;4438,4200000001
"PLAT. DE PÓS-PROD. E DESIGN";"renan.reis@g.globo";"Ilhas de Edição (42)";2026;"SOLUÇÃO";5770627,6899999995;3436372,1600000006;16314,86;2317940,67;922493,11;1395447,5599999996
"PLAT. DE PÓS-PROD. E DESIGN";"renan.reis@g.globo";"Ilhas de Edição (42)";2026;"RESERVA";0;;;0;;0
"PLAT. DE PÓS-PROD. E DESIGN";"renan.reis@g.globo";"Ilhas de Edição (42)";2027;"RESERVA";0;;;0;;0
"PLAT. DE PÓS-PROD. E DESIGN";"renan.reis@g.globo";"Ilhas de Edição (42)";2027;"MDO";0;;;0;19632,059999999998;-19632,059999999998
"PLAT. DE PÓS-PROD. E DESIGN";"renan.reis@g.globo";"Ilhas de Edição (42)";2027;"SOLUÇÃO";0;;;0;922493,11;-922493,11
"PLAT. DE PÓS-PROD. E DESIGN";"renan.reis@g.globo";"Ilhas de Edição (42)";2027;"INSTALAÇÃO";0;;;0;;0
"PLAT. DE PÓS-PROD. E DESIGN";"renan.reis@g.globo";"Ilhas de Edição G5";2026;"SOLUÇÃO";1;;;1;0,82000000000000006;0,17999999999999994
"PLAT. DE PÓS-PROD. E DESIGN";"renan.reis@g.globo";"Ilhas de Edição G5";2026;"RESERVA";0;;;0;;0
"PLAT. DE PÓS-PROD. E DESIGN";"renan.reis@g.globo";"Ilhas de Edição G5";2026;"MDO";0;;;0;;0
"PLAT. DE PÓS-PROD. E DESIGN";"renan.reis@g.globo";"Ilhas de Edição G5";2026;"INSTALAÇÃO";0;;;0;;0
"PLAT. DE PÓS-PROD. E DESIGN";"renan.reis@g.globo";"Ilhas de Edição G5";2027;"SOLUÇÃO";0;;;0;0,82000000000000006;-0,82000000000000006
"PLAT. DE PÓS-PROD. E DESIGN";"renan.reis@g.globo";"Ilhas de Edição G5";2027;"MDO";0;;;0;;0
"PLAT. DE PÓS-PROD. E DESIGN";"renan.reis@g.globo";"Ilhas de Edição G5";2027;"INSTALAÇÃO";0;;;0;;0
"PLAT. DE PÓS-PROD. E DESIGN";"renan.reis@g.globo";"Ilhas de Edição G5";2027;"RESERVA";0;;;0;;0
"PLAT. DE PÓS-PROD. E DESIGN";"renan.reis@g.globo";"Obs. VDI (1 cluster de 3 - 12 ilhas)";2026;"SOLUÇÃO";1487081,62;;;1487081,62;1302500;184581,62000000011
"PLAT. DE PÓS-PROD. E DESIGN";"renan.reis@g.globo";"Obs. VDI (1 cluster de 3 - 12 ilhas)";2026;"MDO";107261,19;107252,63;;8,56;8,56;-2,3288038164537284E-12
"PLAT. DE PÓS-PROD. E DESIGN";"renan.reis@g.globo";"Obs. VDI (1 cluster de 3 - 12 ilhas)";2026;"INSTALAÇÃO";0;;;0;;0
"PLAT. DE PÓS-PROD. E DESIGN";"renan.reis@g.globo";"Obs. VDI (1 cluster de 3 - 12 ilhas)";2026;"RESERVA";0;;;0;;0
"PLAT. DE PÓS-PROD. E DESIGN";"renan.reis@g.globo";"Obs. VDI (1 cluster de 3 - 12 ilhas)";2027;"RESERVA";0;;;0;;0
"PLAT. DE PÓS-PROD. E DESIGN";"renan.reis@g.globo";"Obs. VDI (1 cluster de 3 - 12 ilhas)";2027;"SOLUÇÃO";0;;;0;1302500;-1302500
"PLAT. DE PÓS-PROD. E DESIGN";"renan.reis@g.globo";"Obs. VDI (1 cluster de 3 - 12 ilhas)";2027;"INSTALAÇÃO";0;;;0;;0
"PLAT. DE PÓS-PROD. E DESIGN";"renan.reis@g.globo";"Obs. VDI (1 cluster de 3 - 12 ilhas)";2027;"MDO";0;;;0;8,56;-8,56
"PLAT. DE PÓS-PROD. E DESIGN";"renan.reis@g.globo";"Obsolescência - Edição 2024";2026;"SOLUÇÃO";10455;;;10455;21497,77;-11042,77
"PLAT. DE PÓS-PROD. E DESIGN";"renan.reis@g.globo";"Obsolescência - Edição 2024";2026;"INSTALAÇÃO";0;;;0;;0
"PLAT. DE PÓS-PROD. E DESIGN";"renan.reis@g.globo";"Obsolescência - Edição 2024";2026;"MDO";27708,739999999998;12009,53;;15699,21;4656,3;11042,909999999996
"PLAT. DE PÓS-PROD. E DESIGN";"renan.reis@g.globo";"Obsolescência - Edição 2024";2026;"RESERVA";0;;;0;;0
"PLAT. DE PÓS-PROD. E DESIGN";"renan.reis@g.globo";"Obsolescência - Edição 2024";2027;"RESERVA";0;;;0;;0
"PLAT. DE PÓS-PROD. E DESIGN";"renan.reis@g.globo";"Obsolescência - Edição 2024";2027;"SOLUÇÃO";0;;;0;21497,77;-21497,77
"PLAT. DE PÓS-PROD. E DESIGN";"renan.reis@g.globo";"Obsolescência - Edição 2024";2027;"MDO";0;;;0;4656,3;-4656,3
"PLAT. DE PÓS-PROD. E DESIGN";"renan.reis@g.globo";"Obsolescência - Edição 2024";2027;"INSTALAÇÃO";0;;;0;;0
"PLAT. DE PÓS-PROD. E DESIGN";"renan.reis@g.globo";"Obsolescência - Ingest Íon";2026;"SOLUÇÃO";69505,41;69505,41;;0;0,17;-0,17
"PLAT. DE PÓS-PROD. E DESIGN";"renan.reis@g.globo";"Obsolescência - Ingest Íon";2026;"MDO";0;;;0;;0
"PLAT. DE PÓS-PROD. E DESIGN";"renan.reis@g.globo";"Obsolescência - Ingest Íon";2026;"RESERVA";0;;;0;;0
"PLAT. DE PÓS-PROD. E DESIGN";"renan.reis@g.globo";"Obsolescência - Ingest Íon";2026;"INSTALAÇÃO";0;;;0;;0
"PLAT. DE PÓS-PROD. E DESIGN";"renan.reis@g.globo";"Obsolescência - Ingest Íon";2027;"RESERVA";0;;;0;;0
"PLAT. DE PÓS-PROD. E DESIGN";"renan.reis@g.globo";"Obsolescência - Ingest Íon";2027;"SOLUÇÃO";0;;;0;0,17;-0,17
"PLAT. DE PÓS-PROD. E DESIGN";"renan.reis@g.globo";"Obsolescência - Ingest Íon";2027;"INSTALAÇÃO";0;;;0;;0
"PLAT. DE PÓS-PROD. E DESIGN";"renan.reis@g.globo";"Obsolescência - Ingest Íon";2027;"MDO";0;;;0;;0
"PLAT. DE PÓS-PROD. E DESIGN";"renan.reis@g.globo";"Obsolescência - Sonorização 2024";2026;"SOLUÇÃO";1085314,32;219989,37;34434,16;830890,79;387063,57;443827,22000000003
"PLAT. DE PÓS-PROD. E DESIGN";"renan.reis@g.globo";"Obsolescência - Sonorização 2024";2026;"INSTALAÇÃO";0;;;0;;0
"PLAT. DE PÓS-PROD. E DESIGN";"renan.reis@g.globo";"Obsolescência - Sonorização 2024";2026;"MDO";25629,52;;;25629,52;25629,52;0
"PLAT. DE PÓS-PROD. E DESIGN";"renan.reis@g.globo";"Obsolescência - Sonorização 2024";2026;"RESERVA";0;;;0;;0
"PLAT. DE PÓS-PROD. E DESIGN";"renan.reis@g.globo";"Obsolescência - Sonorização 2024";2027;"MDO";0;;;0;25629,52;-25629,52
"PLAT. DE PÓS-PROD. E DESIGN";"renan.reis@g.globo";"Obsolescência - Sonorização 2024";2027;"SOLUÇÃO";0;;;0;387063,57;-387063,57
"PLAT. DE PÓS-PROD. E DESIGN";"renan.reis@g.globo";"Obsolescência - Sonorização 2024";2027;"INSTALAÇÃO";0;;;0;;0
"PLAT. DE PÓS-PROD. E DESIGN";"renan.reis@g.globo";"Obsolescência - Sonorização 2024";2027;"RESERVA";0;;;0;;0
"PLAT. DE PÓS-PROD. E DESIGN";"renan.reis@g.globo";"Obsolescência - Transcoding Vantage";2026;"MDO";15690,61;15690,61;;0;0;0
"PLAT. DE PÓS-PROD. E DESIGN";"renan.reis@g.globo";"Obsolescência - Transcoding Vantage";2026;"INSTALAÇÃO";0;;;0;;0
"PLAT. DE PÓS-PROD. E DESIGN";"renan.reis@g.globo";"Obsolescência - Transcoding Vantage";2026;"RESERVA";0;;;0;;0
"PLAT. DE PÓS-PROD. E DESIGN";"renan.reis@g.globo";"Obsolescência - Transcoding Vantage";2026;"SOLUÇÃO";152716,33000000002;152716,35;;-0,02;0,14;-0,15999999998952263
"PLAT. DE PÓS-PROD. E DESIGN";"renan.reis@g.globo";"Obsolescência - Transcoding Vantage";2027;"RESERVA";0;;;0;;0
"PLAT. DE PÓS-PROD. E DESIGN";"renan.reis@g.globo";"Obsolescência - Transcoding Vantage";2027;"MDO";0;;;0;0;0
"PLAT. DE PÓS-PROD. E DESIGN";"renan.reis@g.globo";"Obsolescência - Transcoding Vantage";2027;"SOLUÇÃO";0;;;0;0,14;-0,14
"PLAT. DE PÓS-PROD. E DESIGN";"renan.reis@g.globo";"Obsolescência - Transcoding Vantage";2027;"INSTALAÇÃO";0;;;0;;0
"PLAT. DE PÓS-PROD. E DESIGN";"renan.reis@g.globo";"Obsolescência Avaliação Técnica & Finalização";2026;"RESERVA";0;;;0;;0
"PLAT. DE PÓS-PROD. E DESIGN";"renan.reis@g.globo";"Obsolescência Avaliação Técnica & Finalização";2026;"INSTALAÇÃO";0;;;0;;0
"PLAT. DE PÓS-PROD. E DESIGN";"renan.reis@g.globo";"Obsolescência Avaliação Técnica & Finalização";2026;"SOLUÇÃO";21439;;;21439;21439,94;-0,93999999999869033
"PLAT. DE PÓS-PROD. E DESIGN";"renan.reis@g.globo";"Obsolescência Avaliação Técnica & Finalização";2026;"MDO";0;;;0;;0
"PLAT. DE PÓS-PROD. E DESIGN";"renan.reis@g.globo";"Obsolescência Avaliação Técnica & Finalização";2027;"RESERVA";0;;;0;;0
"PLAT. DE PÓS-PROD. E DESIGN";"renan.reis@g.globo";"Obsolescência Avaliação Técnica & Finalização";2027;"INSTALAÇÃO";0;;;0;;0
"PLAT. DE PÓS-PROD. E DESIGN";"renan.reis@g.globo";"Obsolescência Avaliação Técnica & Finalização";2027;"SOLUÇÃO";0;;;0;21439,94;-21439,94
"PLAT. DE PÓS-PROD. E DESIGN";"renan.reis@g.globo";"Obsolescência Avaliação Técnica & Finalização";2027;"MDO";0;;;0;;0
"PLAT. DE PÓS-PROD. E DESIGN";"renan.reis@g.globo";"Obsolescência Central de Foley";2026;"RESERVA";0;;;0;;0
"PLAT. DE PÓS-PROD. E DESIGN";"renan.reis@g.globo";"Obsolescência Central de Foley";2026;"INSTALAÇÃO";0;;;0;;0
"PLAT. DE PÓS-PROD. E DESIGN";"renan.reis@g.globo";"Obsolescência Central de Foley";2026;"MDO";305985;4107;127176,07;174701,93;122823,93;51878
"PLAT. DE PÓS-PROD. E DESIGN";"renan.reis@g.globo";"Obsolescência Central de Foley";2026;"SOLUÇÃO";647301,58;223152,83000000002;11461,83;412686,92;230429,05;182257,86999999994
"PLAT. DE PÓS-PROD. E DESIGN";"renan.reis@g.globo";"Obsolescência Central de Foley";2027;"MDO";0;;;0;122823,93;-122823,93
"PLAT. DE PÓS-PROD. E DESIGN";"renan.reis@g.globo";"Obsolescência Central de Foley";2027;"SOLUÇÃO";953287;;;953287;230429,05;722857,95
"PLAT. DE PÓS-PROD. E DESIGN";"renan.reis@g.globo";"Obsolescência Central de Foley";2027;"RESERVA";0;;;0;;0
"PLAT. DE PÓS-PROD. E DESIGN";"renan.reis@g.globo";"Obsolescência Central de Foley";2027;"INSTALAÇÃO";0;;;0;;0
"PLAT. DE PÓS-PROD. E DESIGN";"renan.reis@g.globo";"Obsolescência Colorgrading (x1) - SP";2026;"RESERVA";0;;;0;;0
"PLAT. DE PÓS-PROD. E DESIGN";"renan.reis@g.globo";"Obsolescência Colorgrading (x1) - SP";2026;"INSTALAÇÃO";0;;;0;;0
"PLAT. DE PÓS-PROD. E DESIGN";"renan.reis@g.globo";"Obsolescência Colorgrading (x1) - SP";2026;"MDO";0;;;0;;0
"PLAT. DE PÓS-PROD. E DESIGN";"renan.reis@g.globo";"Obsolescência Colorgrading (x1) - SP";2026;"SOLUÇÃO";400000,26;8181,26;;391819;;391819
"PLAT. DE PÓS-PROD. E DESIGN";"renan.reis@g.globo";"Obsolescência Colorgrading (x1) - SP";2027;"RESERVA";0;;;0;;0
"PLAT. DE PÓS-PROD. E DESIGN";"renan.reis@g.globo";"Obsolescência Colorgrading (x1) - SP";2027;"SOLUÇÃO";0;;;0;;0
"PLAT. DE PÓS-PROD. E DESIGN";"renan.reis@g.globo";"Obsolescência Colorgrading (x1) - SP";2027;"MDO";0;;;0;;0
"PLAT. DE PÓS-PROD. E DESIGN";"renan.reis@g.globo";"Obsolescência Colorgrading (x1) - SP";2027;"INSTALAÇÃO";0;;;0;;0
"PLAT. DE PÓS-PROD. E DESIGN";"renan.reis@g.globo";"Obsolescência Colorgrading (x3) - EG";2026;"SOLUÇÃO";721536,83;;;721536,83;801227,21;-79690,38
"PLAT. DE PÓS-PROD. E DESIGN";"renan.reis@g.globo";"Obsolescência Colorgrading (x3) - EG";2026;"MDO";354463;;94383;260080;165518;94562
"PLAT. DE PÓS-PROD. E DESIGN";"renan.reis@g.globo";"Obsolescência Colorgrading (x3) - EG";2026;"RESERVA";0;;;0;;0
"PLAT. DE PÓS-PROD. E DESIGN";"renan.reis@g.globo";"Obsolescência Colorgrading (x3) - EG";2026;"INSTALAÇÃO";0;;;0;;0
"PLAT. DE PÓS-PROD. E DESIGN";"renan.reis@g.globo";"Obsolescência Colorgrading (x3) - EG";2027;"MDO";95572,77;;;95572,77;165518;-69945,23
"PLAT. DE PÓS-PROD. E DESIGN";"renan.reis@g.globo";"Obsolescência Colorgrading (x3) - EG";2027;"RESERVA";0;;;0;;0
"PLAT. DE PÓS-PROD. E DESIGN";"renan.reis@g.globo";"Obsolescência Colorgrading (x3) - EG";2027;"SOLUÇÃO";980427,23;;;980427,23;801227,21;179200,02000000002
"PLAT. DE PÓS-PROD. E DESIGN";"renan.reis@g.globo";"Obsolescência Colorgrading (x3) - EG";2027;"INSTALAÇÃO";0;;;0;;0
"PLAT. DE PÓS-PROD. E DESIGN";"renan.reis@g.globo";"Obsolescência Ilhas de Edição 2023";2026;"SOLUÇÃO";137873,54;137873,53;;0,01;37015,24;-37015,229999999989
"PLAT. DE PÓS-PROD. E DESIGN";"renan.reis@g.globo";"Obsolescência Ilhas de Edição 2023";2026;"INSTALAÇÃO";0;;;0;;0
"PLAT. DE PÓS-PROD. E DESIGN";"renan.reis@g.globo";"Obsolescência Ilhas de Edição 2023";2026;"MDO";0;;;0;;0
"PLAT. DE PÓS-PROD. E DESIGN";"renan.reis@g.globo";"Obsolescência Ilhas de Edição 2023";2026;"RESERVA";0;;;0;;0
"PLAT. DE PÓS-PROD. E DESIGN";"renan.reis@g.globo";"Obsolescência Ilhas de Edição 2023";2027;"MDO";0;;;0;;0
"PLAT. DE PÓS-PROD. E DESIGN";"renan.reis@g.globo";"Obsolescência Ilhas de Edição 2023";2027;"RESERVA";0;;;0;;0
"PLAT. DE PÓS-PROD. E DESIGN";"renan.reis@g.globo";"Obsolescência Ilhas de Edição 2023";2027;"SOLUÇÃO";0;;;0;37015,24;-37015,24
"PLAT. DE PÓS-PROD. E DESIGN";"renan.reis@g.globo";"Obsolescência Ilhas de Edição 2023";2027;"INSTALAÇÃO";0;;;0;;0
"PLAT. DE PÓS-PROD. E DESIGN";"renan.reis@g.globo";"Obsolescência Ingest Live SP - Fase 1";2026;"MDO";277792;34629;;243163;243163;0
"PLAT. DE PÓS-PROD. E DESIGN";"renan.reis@g.globo";"Obsolescência Ingest Live SP - Fase 1";2026;"RESERVA";0;;;0;;0
"PLAT. DE PÓS-PROD. E DESIGN";"renan.reis@g.globo";"Obsolescência Ingest Live SP - Fase 1";2026;"INSTALAÇÃO";0;;;0;;0
"PLAT. DE PÓS-PROD. E DESIGN";"renan.reis@g.globo";"Obsolescência Ingest Live SP - Fase 1";2026;"SOLUÇÃO";1441061;859830,4;23459,24;557771,36;557771,44;-0,079999999958090484
"PLAT. DE PÓS-PROD. E DESIGN";"renan.reis@g.globo";"Obsolescência Ingest Live SP - Fase 1";2027;"INSTALAÇÃO";0;;;0;;0
"PLAT. DE PÓS-PROD. E DESIGN";"renan.reis@g.globo";"Obsolescência Ingest Live SP - Fase 1";2027;"MDO";0;;;0;243163;-243163
"PLAT. DE PÓS-PROD. E DESIGN";"renan.reis@g.globo";"Obsolescência Ingest Live SP - Fase 1";2027;"RESERVA";0;;;0;;0
"PLAT. DE PÓS-PROD. E DESIGN";"renan.reis@g.globo";"Obsolescência Ingest Live SP - Fase 1";2027;"SOLUÇÃO";281147;;;281147;557771,44;-276624,43999999994
"PLAT. DE PÓS-PROD. E DESIGN";"renan.reis@g.globo";"Obsolescência MAM Vizrt 2023";2026;"SOLUÇÃO";54846,619999999995;53823,819999999992;;1022,8;8373,49;-7350,6900000000041
"PLAT. DE PÓS-PROD. E DESIGN";"renan.reis@g.globo";"Obsolescência MAM Vizrt 2023";2026;"MDO";0;;;0;;0
"PLAT. DE PÓS-PROD. E DESIGN";"renan.reis@g.globo";"Obsolescência MAM Vizrt 2023";2026;"INSTALAÇÃO";0;;;0;;0
"PLAT. DE PÓS-PROD. E DESIGN";"renan.reis@g.globo";"Obsolescência MAM Vizrt 2023";2026;"RESERVA";0;;;0;;0
"PLAT. DE PÓS-PROD. E DESIGN";"renan.reis@g.globo";"Obsolescência MAM Vizrt 2023";2027;"MDO";0;;;0;;0
"PLAT. DE PÓS-PROD. E DESIGN";"renan.reis@g.globo";"Obsolescência MAM Vizrt 2023";2027;"INSTALAÇÃO";0;;;0;;0
"PLAT. DE PÓS-PROD. E DESIGN";"renan.reis@g.globo";"Obsolescência MAM Vizrt 2023";2027;"SOLUÇÃO";0;;;0;8373,49;-8373,49
"PLAT. DE PÓS-PROD. E DESIGN";"renan.reis@g.globo";"Obsolescência MAM Vizrt 2023";2027;"RESERVA";0;;;0;;0
"PLAT. DE PÓS-PROD. E DESIGN";"renan.reis@g.globo";"Pool de Trascoding ION & EG (Amberfin)";2026;"SOLUÇÃO";682420,36;5905,37;;676514,99;556230,33;120284,66000000003
"PLAT. DE PÓS-PROD. E DESIGN";"renan.reis@g.globo";"Pool de Trascoding ION & EG (Amberfin)";2026;"MDO";374747,51;328843,12;742,35;45162,04;45162,36;-0,31999999996332917
"PLAT. DE PÓS-PROD. E DESIGN";"renan.reis@g.globo";"Pool de Trascoding ION & EG (Amberfin)";2026;"RESERVA";23379,5;23379,5;;0;0;0
"PLAT. DE PÓS-PROD. E DESIGN";"renan.reis@g.globo";"Pool de Trascoding ION & EG (Amberfin)";2026;"INSTALAÇÃO";0;;;0;;0
"PLAT. DE PÓS-PROD. E DESIGN";"renan.reis@g.globo";"Pool de Trascoding ION & EG (Amberfin)";2027;"SOLUÇÃO";0;;;0;556230,33;-556230,33
"PLAT. DE PÓS-PROD. E DESIGN";"renan.reis@g.globo";"Pool de Trascoding ION & EG (Amberfin)";2027;"RESERVA";0;;;0;0;0
"PLAT. DE PÓS-PROD. E DESIGN";"renan.reis@g.globo";"Pool de Trascoding ION & EG (Amberfin)";2027;"MDO";0;;;0;45162,36;-45162,36
"PLAT. DE PÓS-PROD. E DESIGN";"renan.reis@g.globo";"Pool de Trascoding ION & EG (Amberfin)";2027;"INSTALAÇÃO";0;;;0;;0
"PLAT. DE PÓS-PROD. E DESIGN";"renan.reis@g.globo";"Workflow 4K Light (sites: JB, ÍON & SP)";2026;"SOLUÇÃO";93092,08;-34804,83;;127896,91;;127896,91
"PLAT. DE PÓS-PROD. E DESIGN";"renan.reis@g.globo";"Workflow 4K Light (sites: JB, ÍON & SP)";2026;"MDO";0;;;0;;0
"PLAT. DE PÓS-PROD. E DESIGN";"renan.reis@g.globo";"Workflow 4K Light (sites: JB, ÍON & SP)";2026;"RESERVA";0;;;0;;0
"PLAT. DE PÓS-PROD. E DESIGN";"renan.reis@g.globo";"Workflow 4K Light (sites: JB, ÍON & SP)";2026;"INSTALAÇÃO";0;;;0;;0
"PLAT. DE PÓS-PROD. E DESIGN";"renan.reis@g.globo";"Workflow 4K Light (sites: JB, ÍON & SP)";2027;"INSTALAÇÃO";0;;;0;;0
"PLAT. DE PÓS-PROD. E DESIGN";"renan.reis@g.globo";"Workflow 4K Light (sites: JB, ÍON & SP)";2027;"RESERVA";0;;;0;;0
"PLAT. DE PÓS-PROD. E DESIGN";"renan.reis@g.globo";"Workflow 4K Light (sites: JB, ÍON & SP)";2027;"MDO";0;;;0;;0
"PLAT. DE PÓS-PROD. E DESIGN";"renan.reis@g.globo";"Workflow 4K Light (sites: JB, ÍON & SP)";2027;"SOLUÇÃO";0;;;0;;0
"PLAT. DE PÓS-PROD. E DESIGN";"rodrigo.freitas@g.globo";"Obs. Ingest Live Ion - Fase 2";2026;"INSTALAÇÃO";0;;;0;;0
"PLAT. DE PÓS-PROD. E DESIGN";"rodrigo.freitas@g.globo";"Obs. Ingest Live Ion - Fase 2";2026;"SOLUÇÃO";1356363,29;1096367,29;;259996;257872,18;2123,820000000007
"PLAT. DE PÓS-PROD. E DESIGN";"rodrigo.freitas@g.globo";"Obs. Ingest Live Ion - Fase 2";2026;"MDO";307034,39999999997;241915,05999999997;14970,48;50148,86;31617,78;18531,079999999958
"PLAT. DE PÓS-PROD. E DESIGN";"rodrigo.freitas@g.globo";"Obs. Ingest Live Ion - Fase 2";2026;"RESERVA";0;;;0;;0
"PLAT. DE PÓS-PROD. E DESIGN";"rodrigo.freitas@g.globo";"Obs. Ingest Live Ion - Fase 2";2027;"SOLUÇÃO";0;;;0;257872,18;-257872,18
"PLAT. DE PÓS-PROD. E DESIGN";"rodrigo.freitas@g.globo";"Obs. Ingest Live Ion - Fase 2";2027;"MDO";0;;;0;31617,78;-31617,78
"PLAT. DE PÓS-PROD. E DESIGN";"rodrigo.freitas@g.globo";"Obs. Ingest Live Ion - Fase 2";2027;"RESERVA";0;;;0;;0
"PLAT. DE PÓS-PROD. E DESIGN";"rodrigo.freitas@g.globo";"Obs. Ingest Live Ion - Fase 2";2027;"INSTALAÇÃO";0;;;0;;0
"PLAT. DE PÓS-PROD. E DESIGN";"rodrigo.freitas@g.globo";"Obsolescência - BBB Página em Branco - Fase 3";2026;"RESERVA";0;;;0;;0
"PLAT. DE PÓS-PROD. E DESIGN";"rodrigo.freitas@g.globo";"Obsolescência - BBB Página em Branco - Fase 3";2026;"INSTALAÇÃO";0;;;0;;0
"PLAT. DE PÓS-PROD. E DESIGN";"rodrigo.freitas@g.globo";"Obsolescência - BBB Página em Branco - Fase 3";2026;"SOLUÇÃO";313575,4;296738,4;;16837;16836,379999999997;0,62000000000261934
"PLAT. DE PÓS-PROD. E DESIGN";"rodrigo.freitas@g.globo";"Obsolescência - BBB Página em Branco - Fase 3";2026;"MDO";19095,8;19095,8;;0;12360;-12360
"PLAT. DE PÓS-PROD. E DESIGN";"rodrigo.freitas@g.globo";"Obsolescência - BBB Página em Branco - Fase 3";2027;"MDO";0;;;0;12360;-12360
"PLAT. DE PÓS-PROD. E DESIGN";"rodrigo.freitas@g.globo";"Obsolescência - BBB Página em Branco - Fase 3";2027;"INSTALAÇÃO";0;;;0;;0
"PLAT. DE PÓS-PROD. E DESIGN";"rodrigo.freitas@g.globo";"Obsolescência - BBB Página em Branco - Fase 3";2027;"RESERVA";0;;;0;;0
"PLAT. DE PÓS-PROD. E DESIGN";"rodrigo.freitas@g.globo";"Obsolescência - BBB Página em Branco - Fase 3";2027;"SOLUÇÃO";0;;;0;16836,379999999997;-16836,379999999997
"PLAT. DE PÓS-PROD. E DESIGN";"rodrigo.freitas@g.globo";"Obsolescência SO MAM VIZRT SP";2026;"INSTALAÇÃO";0;;;0;;0
"PLAT. DE PÓS-PROD. E DESIGN";"rodrigo.freitas@g.globo";"Obsolescência SO MAM VIZRT SP";2026;"RESERVA";0;;;0;;0
"PLAT. DE PÓS-PROD. E DESIGN";"rodrigo.freitas@g.globo";"Obsolescência SO MAM VIZRT SP";2026;"MDO";0;;;0;;0
"PLAT. DE PÓS-PROD. E DESIGN";"rodrigo.freitas@g.globo";"Obsolescência SO MAM VIZRT SP";2026;"SOLUÇÃO";296400;;;296400;;296400
"PLAT. DE PÓS-PROD. E DESIGN";"rodrigo.freitas@g.globo";"Obsolescência SO MAM VIZRT SP";2027;"RESERVA";0;;;0;;0
"PLAT. DE PÓS-PROD. E DESIGN";"rodrigo.freitas@g.globo";"Obsolescência SO MAM VIZRT SP";2027;"INSTALAÇÃO";0;;;0;;0
"PLAT. DE PÓS-PROD. E DESIGN";"rodrigo.freitas@g.globo";"Obsolescência SO MAM VIZRT SP";2027;"SOLUÇÃO";0;;;0;;0
"PLAT. DE PÓS-PROD. E DESIGN";"rodrigo.freitas@g.globo";"Obsolescência SO MAM VIZRT SP";2027;"MDO";0;;;0;;0
"PLAT. DE PÓS-PROD. E DESIGN";"rodrigo.freitas@g.globo";"Obsolescência Vantage CPP";2026;"INSTALAÇÃO";;;;;5510,36;-5510,36
"PLAT. DE PÓS-PROD. E DESIGN";"rodrigo.freitas@g.globo";"Obsolescência Vantage CPP";2026;"SOLUÇÃO";;;;;5285,81;-5285,81
"PLAT. DE PÓS-PROD. E DESIGN";"rodrigo.freitas@g.globo";"Obsolescência Vantage CPP";2027;"SOLUÇÃO";;;;;5285,81;-5285,81
"PLAT. DE PÓS-PROD. E DESIGN";"rodrigo.freitas@g.globo";"Obsolescência Vantage CPP";2027;"INSTALAÇÃO";;;;;5510,36;-5510,36
"PLAT. DE PÓS-PROD. E DESIGN";"rodrigo.freitas@g.globo";"PAM do Futuro - Plataforma de Revisão e Aprovação (FrameIO)";2026;"MDO";0;;;0;;0
"PLAT. DE PÓS-PROD. E DESIGN";"rodrigo.freitas@g.globo";"PAM do Futuro - Plataforma de Revisão e Aprovação (FrameIO)";2026;"RESERVA";0;;;0;;0
"PLAT. DE PÓS-PROD. E DESIGN";"rodrigo.freitas@g.globo";"PAM do Futuro - Plataforma de Revisão e Aprovação (FrameIO)";2026;"INSTALAÇÃO";0;;;0;;0
"PLAT. DE PÓS-PROD. E DESIGN";"rodrigo.freitas@g.globo";"PAM do Futuro - Plataforma de Revisão e Aprovação (FrameIO)";2026;"SOLUÇÃO";92454;;;92454;1799;90655
"PLAT. DE PÓS-PROD. E DESIGN";"rodrigo.freitas@g.globo";"PAM do Futuro - Plataforma de Revisão e Aprovação (FrameIO)";2027;"MDO";0;;;0;;0
"PLAT. DE PÓS-PROD. E DESIGN";"rodrigo.freitas@g.globo";"PAM do Futuro - Plataforma de Revisão e Aprovação (FrameIO)";2027;"INSTALAÇÃO";0;;;0;;0
"PLAT. DE PÓS-PROD. E DESIGN";"rodrigo.freitas@g.globo";"PAM do Futuro - Plataforma de Revisão e Aprovação (FrameIO)";2027;"RESERVA";0;;;0;;0
"PLAT. DE PÓS-PROD. E DESIGN";"rodrigo.freitas@g.globo";"PAM do Futuro - Plataforma de Revisão e Aprovação (FrameIO)";2027;"SOLUÇÃO";0;;;0;1799;-1799
"PLAT. DE PÓS-PROD. E DESIGN";"rodrigo.freitas@g.globo";"Workflow 4K de edição";2026;"RESERVA";0;;;0;;0
"PLAT. DE PÓS-PROD. E DESIGN";"rodrigo.freitas@g.globo";"Workflow 4K de edição";2026;"SOLUÇÃO";1495005,13;700445,33;25402,82;769156,98;775802,26000000024;-6645,2800000003772
"PLAT. DE PÓS-PROD. E DESIGN";"rodrigo.freitas@g.globo";"Workflow 4K de edição";2026;"MDO";193720,7;191055,3;;2665,4;1332,74;1332,6600000000233
"PLAT. DE PÓS-PROD. E DESIGN";"rodrigo.freitas@g.globo";"Workflow 4K de edição";2026;"INSTALAÇÃO";0;;;0;;0
"PLAT. DE PÓS-PROD. E DESIGN";"rodrigo.freitas@g.globo";"Workflow 4K de edição";2027;"SOLUÇÃO";0;;;0;775802,26000000024;-775802,26000000024
"PLAT. DE PÓS-PROD. E DESIGN";"rodrigo.freitas@g.globo";"Workflow 4K de edição";2027;"MDO";0;;;0;1332,74;-1332,74
"PLAT. DE PÓS-PROD. E DESIGN";"rodrigo.freitas@g.globo";"Workflow 4K de edição";2027;"INSTALAÇÃO";0;;;0;;0
"PLAT. DE PÓS-PROD. E DESIGN";"rodrigo.freitas@g.globo";"Workflow 4K de edição";2027;"RESERVA";0;;;0;;0
"PLATAFORMA DE PRÉ-PRODUÇÃO";"leonardo.cabral@g.globo";"Move AWS to GCP - Newshub e SCOUT";2026;"SOLUÇÃO";0;;;0;674,7;-674,7
"PLATAFORMA DE PRÉ-PRODUÇÃO";"leonardo.cabral@g.globo";"Move AWS to GCP - Newshub e SCOUT";2026;"MDO";16065,35;16065,35;;0;;0
"PLATAFORMA DE PRÉ-PRODUÇÃO";"leonardo.cabral@g.globo";"Move AWS to GCP - Newshub e SCOUT";2026;"INSTALAÇÃO";0;;;0;;0
"PLATAFORMA DE PRÉ-PRODUÇÃO";"leonardo.cabral@g.globo";"Move AWS to GCP - Newshub e SCOUT";2026;"RESERVA";0;;;0;;0
"PLATAFORMA DE PRÉ-PRODUÇÃO";"leonardo.cabral@g.globo";"Move AWS to GCP - Newshub e SCOUT";2027;"RESERVA";0;;;0;;0
"PLATAFORMA DE PRÉ-PRODUÇÃO";"leonardo.cabral@g.globo";"Move AWS to GCP - Newshub e SCOUT";2027;"SOLUÇÃO";0;;;0;674,7;-674,7
"PLATAFORMA DE PRÉ-PRODUÇÃO";"leonardo.cabral@g.globo";"Move AWS to GCP - Newshub e SCOUT";2027;"INSTALAÇÃO";0;;;0;;0
"PLATAFORMA DE PRÉ-PRODUÇÃO";"leonardo.cabral@g.globo";"Move AWS to GCP - Newshub e SCOUT";2027;"MDO";0;;;0;;0
"PLATAFORMA DE PRÉ-PRODUÇÃO";"leonardo.cabral@g.globo";"Move to cloud e Resgate / upload dos assets do Acervo da Produção Artística";2026;"RESERVA";0;;;0;;0
"PLATAFORMA DE PRÉ-PRODUÇÃO";"leonardo.cabral@g.globo";"Move to cloud e Resgate / upload dos assets do Acervo da Produção Artística";2026;"MDO";6490,48;;;6490,48;;6490,48
"PLATAFORMA DE PRÉ-PRODUÇÃO";"leonardo.cabral@g.globo";"Move to cloud e Resgate / upload dos assets do Acervo da Produção Artística";2026;"SOLUÇÃO";101580;;;101580;108135,27;-6555,2700000000041
"PLATAFORMA DE PRÉ-PRODUÇÃO";"leonardo.cabral@g.globo";"Move to cloud e Resgate / upload dos assets do Acervo da Produção Artística";2026;"INSTALAÇÃO";0;;;0;;0
"PLATAFORMA DE PRÉ-PRODUÇÃO";"leonardo.cabral@g.globo";"Move to cloud e Resgate / upload dos assets do Acervo da Produção Artística";2027;"MDO";0;;;0;;0
"PLATAFORMA DE PRÉ-PRODUÇÃO";"leonardo.cabral@g.globo";"Move to cloud e Resgate / upload dos assets do Acervo da Produção Artística";2027;"SOLUÇÃO";0;;;0;108135,27;-108135,27
"PLATAFORMA DE PRÉ-PRODUÇÃO";"leonardo.cabral@g.globo";"Move to cloud e Resgate / upload dos assets do Acervo da Produção Artística";2027;"INSTALAÇÃO";0;;;0;;0
"PLATAFORMA DE PRÉ-PRODUÇÃO";"leonardo.cabral@g.globo";"Move to cloud e Resgate / upload dos assets do Acervo da Produção Artística";2027;"RESERVA";0;;;0;;0
